TALLER_ENTRY_ID,TALLER_TITLE,FECHA_TALLER,MEMBER_EMAIL,MEMBER_SCREEN_NAME
T-1046,Taller Ahorro y Subsidio Habitacional,03/09/2024,antonia.valdivia.demo41004@yahoo.com,Antonia Valdivia
T-1050,Asamblea Informativa DS49,05/05/2025,silvia.rebolledo.demo33403@outlook.com,Silvia Rebolledo
T-1035,Taller de Postulación DS19 - Mayo 2026,17/02/2023,pedro.matamala.demo32912@yahoo.com,Pedro Matamala
T-1032,Taller Subsidio Sectores Medios DS.01,03/05/2025,jenny.cornejo.demo50978@yahoo.com,Jenny Cornejo
T-1040,Taller Subsidio Sectores Medios DS.01,09/02/2023,amalia.garcia.demo17180@yahoo.com,Amalia García
T-1051,Charla: Déficit Habitacional en Chile,07/02/2024,maria.rodriguez.demo48550@gmail.com,María Rodríguez
T-1030,Webinar: Cómo Postular al Subsidio Habitacional,21/06/2024,alejandro.guerrero.demo29743@outlook.com,Alejandro Guerrero
T-1042,Taller de Educación Financiera,05/04/2025,jesus.parra.demo24125@yahoo.com,Jesus Parra
T-1022,Taller Subsidio Sectores Medios DS.01,30/04/2025,karina.urbina.demo21313@hotmail.com,Karina Urbina
T-1034,Taller de Postulación DS19 - Mayo 2026,11/04/2026,mirko.bravo.demo43315@yahoo.com,Mirko Bravo
T-1000,Charla: Déficit Habitacional en Chile,16/08/2025,rene.munoz.demo32875@outlook.com,René Muñoz
T-1032,Taller de Postulación DS19 - Mayo 2026,09/02/2026,francisco.fredes.demo19770@gmail.com,Francisco Fredes
T-1017,Taller Subsidio Sectores Medios DS.01,06/02/2025,mercedes.lara.demo33350@gmail.com,Mercedes Lara
T-1041,Asamblea Informativa DS49,08/10/2024,hector.vasquez.demo20449@gmail.com,Héctor Vásquez
T-1008,Charla: Déficit Habitacional en Chile,13/05/2026,juan.urzua.demo15811@gmail.com,Juan Urzúa
T-1057,Charla: Déficit Habitacional en Chile,04/10/2024,carlos.reyes.demo18992@outlook.com,Carlos Reyes
T-1043,Asamblea Informativa DS49,22/01/2025,luis.navarrete.demo22963@hotmail.com,Luis Navarrete
T-1035,Jornada Comités de Vivienda - Región Metropolitana,29/11/2023,karla.moraga.demo46382@hotmail.com,Karla Moraga
T-1006,Taller Ahorro y Subsidio Habitacional,05/10/2025,norma.carrasco.demo6987@hotmail.com,Norma Carrasco
T-1009,Jornada Comités de Vivienda - Región Metropolitana,01/05/2025,valentina.benavides.demo8194@outlook.com,Valentina Benavides
T-1042,Asamblea Informativa DS49,28/01/2026,juan.leyton.demo51078@yahoo.com,Juan Leyton
T-1053,Webinar: Cómo Postular al Subsidio Habitacional,07/07/2024,javier.perez.demo36568@outlook.com,Javier Pérez
T-1028,Jornada Comités de Vivienda - Región Metropolitana,19/12/2025,rosalia.castillo.demo13536@outlook.com,Rosalía Castillo
T-1052,Webinar: Cómo Postular al Subsidio Habitacional,11/03/2026,cristobal.zamora.demo36603@hotmail.com,Cristóbal Zamora
T-1006,Webinar: Cómo Postular al Subsidio Habitacional,20/03/2025,iris.aguilar.demo45858@gmail.com,Iris Aguilar
T-1027,Jornada Comités de Vivienda - Región Metropolitana,31/03/2023,karla.munoz.demo11501@hotmail.com,Karla Muñoz
T-1010,Asamblea Informativa DS49,26/06/2024,camila.bustos.demo26936@gmail.com,Camila Bustos
T-1055,Taller de Postulación DS19 - Mayo 2026,20/07/2025,angelo.retamal.demo11385@yahoo.com,Angelo Retamal
T-1004,Taller Subsidio Sectores Medios DS.01,28/12/2023,ulises.silva.demo23885@outlook.com,Ulises Silva
T-1031,Taller Ahorro y Subsidio Habitacional,27/05/2023,ricardo.santander.demo6186@yahoo.com,Ricardo Santander
T-1014,Taller de Postulación DS19 - Mayo 2026,18/09/2023,luis.arevalo.demo23153@yahoo.com,Luis Arévalo
T-1010,Webinar: Cómo Postular al Subsidio Habitacional,29/05/2025,alvaro.campos.demo40190@hotmail.com,Álvaro Campos
T-1043,Jornada Comités de Vivienda - Región Metropolitana,11/02/2025,victor.san martin.demo39416@yahoo.com,Víctor San Martín
T-1016,Charla: Déficit Habitacional en Chile,28/11/2025,claudia.roman.demo4244@gmail.com,Claudia Román
T-1042,Charla: Déficit Habitacional en Chile,30/05/2025,silvia.silva.demo51295@outlook.com,Silvia Silva
T-1038,Webinar: Cómo Postular al Subsidio Habitacional,20/07/2025,florencia.avalos.demo5051@yahoo.com,Florencia Ávalos
T-1029,Jornada Comités de Vivienda - Región Metropolitana,22/06/2024,maria.cardenas.demo32866@hotmail.com,María Cárdenas
T-1004,Taller Ahorro y Subsidio Habitacional,02/08/2025,tomas.cuevas.demo40519@outlook.com,Tomás Cuevas
T-1006,Taller de Postulación DS19 - Mayo 2026,11/09/2023,oscar.rojas.demo27815@hotmail.com,Oscar Rojas
T-1014,Taller de Educación Financiera,06/08/2025,pedro.varela.demo34054@yahoo.com,Pedro Varela
T-1017,Taller de Educación Financiera,30/11/2024,patricia.valenzuela.demo10770@yahoo.com,Patricia Valenzuela
T-1040,Taller de Educación Financiera,26/11/2025,esteban.rodriguez.demo36907@yahoo.com,Esteban Rodríguez
T-1009,Charla: Déficit Habitacional en Chile,30/08/2025,misael.pena.demo44628@outlook.com,Misael Peña
T-1032,Taller Ahorro y Subsidio Habitacional,31/07/2025,mariana.venegas.demo690@gmail.com,Mariana Venegas
T-1016,Webinar: Cómo Postular al Subsidio Habitacional,27/12/2024,georgina.munoz.demo3373@gmail.com,Georgina Muñoz
T-1041,Taller de Postulación DS19 - Mayo 2026,29/05/2025,benjamin.gonzalez.demo3487@gmail.com,Benjamín González
T-1053,Taller de Educación Financiera,02/05/2026,javiera.silva.demo24192@yahoo.com,Javiera Silva
T-1048,Charla: Déficit Habitacional en Chile,14/04/2025,elcira.gallardo.demo32446@hotmail.com,Elcira Gallardo
T-1057,Taller de Postulación DS19 - Mayo 2026,13/07/2024,javier.suarez.demo3008@outlook.com,Javier Suárez
T-1036,Jornada Comités de Vivienda - Región Metropolitana,28/01/2025,jose.salgado.demo14639@hotmail.com,José Salgado
T-1008,Webinar: Cómo Postular al Subsidio Habitacional,27/05/2025,soledad.marambio.demo48913@outlook.com,Soledad Marambio
T-1009,Taller de Educación Financiera,05/02/2023,madeleine.contreras.demo37139@gmail.com,Madeleine Contreras
T-1042,Taller Ahorro y Subsidio Habitacional,30/08/2024,brian.gamboa.demo42068@outlook.com,Brian Gamboa
T-1058,Taller de Postulación DS19 - Mayo 2026,06/08/2023,franco.andrade.demo22002@outlook.com,Franco Andrade
T-1012,Asamblea Informativa DS49,08/01/2023,norma.oyarzo.demo8045@yahoo.com,Norma Oyarzo
T-1059,Jornada Comités de Vivienda - Región Metropolitana,30/06/2024,emily.soto.demo8213@gmail.com,Emily Soto
T-1002,Taller Ahorro y Subsidio Habitacional,07/03/2023,scarlet.aguirre.demo38414@gmail.com,Scarlet Aguirre
T-1040,Webinar: Cómo Postular al Subsidio Habitacional,17/11/2023,julieta.catalan.demo42958@yahoo.com,Julieta Catalán
T-1008,Taller Subsidio Sectores Medios DS.01,16/10/2024,carlos.hernandez.demo22649@yahoo.com,Carlos Hernández
T-1056,Taller de Postulación DS19 - Mayo 2026,12/02/2025,nancy.garrido.demo35797@hotmail.com,Nancy Garrido
T-1045,Taller de Postulación DS19 - Mayo 2026,22/04/2024,juan.sandoval.demo23233@outlook.com,Juan Sandoval
T-1029,Asamblea Informativa DS49,06/01/2023,leandro.duran.demo39263@gmail.com,Leandro Durán
T-1042,Asamblea Informativa DS49,10/05/2023,maria.alvarez.demo51207@hotmail.com,María Álvarez
T-1058,Taller Ahorro y Subsidio Habitacional,13/01/2024,danilo.espinoza.demo22840@gmail.com,Danilo Espinoza
T-1013,Jornada Comités de Vivienda - Región Metropolitana,04/04/2025,jose.ramirez.demo15941@outlook.com,José Ramírez
T-1045,Taller Ahorro y Subsidio Habitacional,18/12/2025,marlene.garcia.demo24487@hotmail.com,Marlene García
T-1022,Webinar: Cómo Postular al Subsidio Habitacional,08/06/2024,claudia.jerez.demo28152@hotmail.com,Claudia Jerez
T-1052,Asamblea Informativa DS49,10/10/2024,nataly.venegas.demo41144@yahoo.com,Nataly Venegas
T-1012,Taller Subsidio Sectores Medios DS.01,12/12/2025,francis.rivera.demo36533@outlook.com,Francis Rivera
T-1050,Taller Ahorro y Subsidio Habitacional,15/04/2026,tomas.gomez.demo23626@yahoo.com,Tomás Gómez
T-1057,Taller de Educación Financiera,06/05/2026,patricio.munoz.demo23869@gmail.com,Patricio Muñoz
T-1032,Webinar: Cómo Postular al Subsidio Habitacional,19/09/2023,trinidad.campos.demo1410@hotmail.com,Trinidad Campos
T-1051,Taller Subsidio Sectores Medios DS.01,05/03/2023,patricio.torres.demo34700@hotmail.com,Patricio Torres
T-1033,Taller Ahorro y Subsidio Habitacional,11/12/2023,erik.vargas.demo17803@yahoo.com,Erik Vargas
T-1005,Taller de Postulación DS19 - Mayo 2026,05/07/2024,valentin.sanchez.demo39593@outlook.com,Valentín Sánchez
T-1024,Taller Ahorro y Subsidio Habitacional,05/05/2023,emelina.toro.demo24884@yahoo.com,Emelina Toro
T-1007,Taller de Postulación DS19 - Mayo 2026,06/07/2024,humberto.inostroza.demo11248@hotmail.com,Humberto Inostroza
T-1024,Webinar: Cómo Postular al Subsidio Habitacional,18/12/2025,katherine.gaete.demo26809@outlook.com,Katherine Gaete
T-1032,Taller Ahorro y Subsidio Habitacional,26/05/2024,victor.paredes.demo3985@hotmail.com,Víctor Paredes
T-1008,Taller de Educación Financiera,27/03/2023,macarena.medina.demo40129@gmail.com,Macarena Medina
T-1038,Asamblea Informativa DS49,09/06/2024,carolina.olivares.demo51015@yahoo.com,Carolina Olivares
T-1031,Taller Ahorro y Subsidio Habitacional,22/09/2023,graciela.romero.demo20156@yahoo.com,Graciela Romero
T-1049,Taller de Educación Financiera,25/02/2023,eduardo.gonzalez.demo15479@hotmail.com,Eduardo González
T-1057,Taller de Postulación DS19 - Mayo 2026,25/06/2023,florentino.gutierrez.demo20512@hotmail.com,Florentino Gutiérrez
T-1059,Taller Subsidio Sectores Medios DS.01,14/07/2023,filomena.campos.demo43058@outlook.com,Filomena Campos
T-1048,Taller de Educación Financiera,09/04/2023,abel.toro.demo17733@outlook.com,Abel Toro
T-1055,Taller Subsidio Sectores Medios DS.01,06/11/2023,julia.miranda.demo18250@outlook.com,Julia Miranda
T-1034,Jornada Comités de Vivienda - Región Metropolitana,16/12/2023,julio.arancibia.demo25805@yahoo.com,Julio Arancibia
T-1036,Jornada Comités de Vivienda - Región Metropolitana,23/09/2024,jonathan.vera.demo51197@outlook.com,Jonathan Vera
T-1034,Charla: Déficit Habitacional en Chile,20/02/2023,fabiola.toledo.demo29017@yahoo.com,Fabiola Toledo
T-1037,Asamblea Informativa DS49,11/01/2024,claudia.barria.demo40648@hotmail.com,Claudia Barría
T-1040,Taller Subsidio Sectores Medios DS.01,12/03/2026,nelson.pozo.demo22590@gmail.com,Nelson Pozo
T-1053,Taller de Postulación DS19 - Mayo 2026,23/03/2025,gabriela.olivares.demo27685@yahoo.com,Gabriela Olivares
T-1010,Charla: Déficit Habitacional en Chile,06/03/2025,roberto.vega.demo45785@yahoo.com,Roberto Vega
T-1050,Taller Ahorro y Subsidio Habitacional,30/11/2023,alejandra.videla.demo2641@gmail.com,Alejandra Videla
T-1052,Webinar: Cómo Postular al Subsidio Habitacional,21/12/2024,ezequiel.morales.demo17673@outlook.com,Ezequiel Morales
T-1028,Taller de Postulación DS19 - Mayo 2026,28/09/2025,mariana.sanchez.demo44120@hotmail.com,Mariana Sánchez
T-1049,Taller Ahorro y Subsidio Habitacional,18/06/2025,mauricio.leiva.demo3856@outlook.com,Mauricio Leiva
T-1007,Taller Ahorro y Subsidio Habitacional,12/09/2025,alejandro.medina.demo39661@outlook.com,Alejandro Medina
T-1037,Taller Subsidio Sectores Medios DS.01,25/08/2024,colomba.gonzalez.demo11150@outlook.com,Colomba González
T-1029,Taller Subsidio Sectores Medios DS.01,13/07/2024,tania.gomez.demo9584@hotmail.com,Tania Gómez
T-1028,Asamblea Informativa DS49,04/06/2024,patricio.vergara.demo19609@outlook.com,Patricio Vergara
T-1033,Taller de Educación Financiera,24/11/2023,juana.alfaro.demo20841@yahoo.com,Juana Alfaro
T-1038,Taller Ahorro y Subsidio Habitacional,24/05/2024,victor.fuentes.demo38113@yahoo.com,Víctor Fuentes
T-1028,Charla: Déficit Habitacional en Chile,18/04/2026,antonia.astudillo.demo26432@yahoo.com,Antonia Astudillo
T-1023,Jornada Comités de Vivienda - Región Metropolitana,14/03/2026,sandra.lagos.demo37563@gmail.com,Sandra Lagos
T-1030,Asamblea Informativa DS49,18/12/2024,eduardo.valdivia.demo16910@yahoo.com,Eduardo Valdivia
T-1025,Asamblea Informativa DS49,16/07/2025,sofia.varela.demo42233@outlook.com,Sofía Varela
T-1024,Webinar: Cómo Postular al Subsidio Habitacional,22/05/2025,daniela.gallegos.demo51373@hotmail.com,Daniela Gallegos
T-1002,Taller Ahorro y Subsidio Habitacional,22/03/2025,david.valdebenito.demo26797@gmail.com,David Valdebenito
T-1050,Taller de Postulación DS19 - Mayo 2026,01/12/2024,angela.perez.demo16904@yahoo.com,Ángela Pérez
T-1046,Taller de Postulación DS19 - Mayo 2026,17/03/2026,amparo.perez.demo39888@hotmail.com,Amparo Pérez
T-1007,Asamblea Informativa DS49,24/12/2024,francisco.vergara.demo10968@yahoo.com,Francisco Vergara
T-1053,Taller Subsidio Sectores Medios DS.01,27/05/2026,paulina.badilla.demo44483@outlook.com,Paulina Badilla
T-1054,Jornada Comités de Vivienda - Región Metropolitana,24/02/2025,nelson.sanchez.demo35841@yahoo.com,Nelson Sánchez
T-1032,Charla: Déficit Habitacional en Chile,31/01/2024,alexander.vera.demo11056@outlook.com,Alexander Vera
T-1010,Jornada Comités de Vivienda - Región Metropolitana,27/05/2023,haydee.troncoso.demo43864@hotmail.com,Haydée Troncoso
T-1009,Taller de Postulación DS19 - Mayo 2026,02/11/2024,francisco.perez.demo12171@hotmail.com,Francisco Pérez
T-1000,Jornada Comités de Vivienda - Región Metropolitana,25/07/2023,pablo.diaz.demo25242@hotmail.com,Pablo Díaz
T-1001,Taller Subsidio Sectores Medios DS.01,31/05/2024,maria.vega.demo34634@gmail.com,María Vega
T-1003,Webinar: Cómo Postular al Subsidio Habitacional,25/11/2024,esteban.torres.demo23059@gmail.com,Esteban Torres
T-1040,Taller Ahorro y Subsidio Habitacional,12/06/2023,isidora.hermosilla.demo15183@outlook.com,Isidora Hermosilla
T-1057,Asamblea Informativa DS49,26/02/2026,isabel.carrasco.demo6522@outlook.com,Isabel Carrasco
T-1041,Taller Subsidio Sectores Medios DS.01,29/08/2024,felipe.orellana.demo50198@gmail.com,Felipe Orellana
T-1054,Webinar: Cómo Postular al Subsidio Habitacional,09/06/2023,maria.rodriguez.demo37417@gmail.com,María Rodríguez
T-1033,Taller de Educación Financiera,19/04/2025,celia.arias.demo37416@gmail.com,Celia Arias
T-1000,Taller de Postulación DS19 - Mayo 2026,22/01/2025,daniella.rubilar.demo27724@yahoo.com,Daniella Rubilar
T-1031,Taller de Postulación DS19 - Mayo 2026,29/09/2024,josefa.pavez.demo51724@outlook.com,Josefa Pavez
T-1039,Jornada Comités de Vivienda - Región Metropolitana,05/01/2024,ivan.almonacid.demo7306@hotmail.com,Iván Almonacid
T-1043,Webinar: Cómo Postular al Subsidio Habitacional,15/05/2025,genesis.rojas.demo23037@gmail.com,Génesis Rojas
T-1045,Asamblea Informativa DS49,09/02/2025,gaspar.velasquez.demo6043@outlook.com,Gaspar Velásquez
T-1047,Taller de Postulación DS19 - Mayo 2026,13/11/2024,vicente.torres.demo9940@gmail.com,Vicente Torres
T-1047,Jornada Comités de Vivienda - Región Metropolitana,24/09/2024,benjamin.cuevas.demo41104@gmail.com,Benjamín Cuevas
T-1007,Jornada Comités de Vivienda - Región Metropolitana,15/12/2023,alejandro.gaete.demo1258@gmail.com,Alejandro Gaete
T-1029,Taller Subsidio Sectores Medios DS.01,20/02/2023,pamela.pozo.demo15714@outlook.com,Pamela Pozo
T-1031,Asamblea Informativa DS49,30/11/2023,oscar.quezada.demo44931@gmail.com,Oscar Quezada
T-1038,Jornada Comités de Vivienda - Región Metropolitana,25/10/2023,cesar.pizarro.demo43370@gmail.com,César Pizarro
T-1032,Taller de Educación Financiera,17/12/2024,laura.diaz.demo346@gmail.com,Laura Díaz
T-1009,Asamblea Informativa DS49,30/03/2026,roberto.cortez.demo30554@hotmail.com,Roberto Cortez
T-1042,Taller de Postulación DS19 - Mayo 2026,14/09/2024,raul.ramirez.demo44051@hotmail.com,Raúl Ramírez
T-1047,Charla: Déficit Habitacional en Chile,09/11/2023,vilma.valderrama.demo46844@hotmail.com,Vilma Valderrama
T-1029,Webinar: Cómo Postular al Subsidio Habitacional,24/03/2023,magdalena.hernandez.demo1426@gmail.com,Magdalena Hernández
T-1037,Taller Ahorro y Subsidio Habitacional,13/06/2024,oscar.moraga.demo11655@hotmail.com,Oscar Moraga
T-1026,Jornada Comités de Vivienda - Región Metropolitana,24/07/2023,carolina.vallejos.demo30152@outlook.com,Carolina Vallejos
T-1017,Taller Subsidio Sectores Medios DS.01,31/12/2024,millaray.vergara.demo3141@yahoo.com,Millaray Vergara
T-1043,Jornada Comités de Vivienda - Región Metropolitana,22/02/2026,cristobal.rojas.demo48869@yahoo.com,Cristóbal Rojas
T-1027,Taller de Educación Financiera,20/10/2025,alexandra.bustos.demo51596@gmail.com,Alexandra Bustos
T-1040,Webinar: Cómo Postular al Subsidio Habitacional,06/12/2023,julio.araya.demo8243@gmail.com,Julio Araya
T-1048,Asamblea Informativa DS49,01/03/2025,emilio.alvarado.demo28459@hotmail.com,Emilio Alvarado
T-1010,Jornada Comités de Vivienda - Región Metropolitana,23/02/2023,laura.villalobos.demo35605@hotmail.com,Laura Villalobos
T-1004,Asamblea Informativa DS49,09/12/2023,josefa.herrera.demo39550@yahoo.com,Josefa Herrera
T-1036,Taller Subsidio Sectores Medios DS.01,14/09/2023,fabiola.ormeno.demo9852@hotmail.com,Fabiola Ormeño
T-1043,Taller de Educación Financiera,31/05/2024,rudecindo.carcamo.demo14348@yahoo.com,Rudecindo Cárcamo
T-1041,Taller de Educación Financiera,29/04/2024,maria.perez.demo2531@hotmail.com,María Pérez
T-1053,Webinar: Cómo Postular al Subsidio Habitacional,26/08/2023,carolina.palacios.demo35257@hotmail.com,Carolina Palacios
T-1032,Taller de Postulación DS19 - Mayo 2026,21/11/2024,carmen.garcia.demo34009@hotmail.com,Carmen García
T-1003,Taller Subsidio Sectores Medios DS.01,05/09/2025,carlos.perez.demo23680@yahoo.com,Carlos Pérez
T-1037,Taller Subsidio Sectores Medios DS.01,13/09/2025,luis.venegas.demo48096@yahoo.com,Luis Venegas
T-1025,Webinar: Cómo Postular al Subsidio Habitacional,29/12/2023,mario.maldonado.demo19014@outlook.com,Mario Maldonado
T-1032,Webinar: Cómo Postular al Subsidio Habitacional,10/02/2026,ana.carrasco.demo17466@hotmail.com,Ana Carrasco
T-1054,Taller Subsidio Sectores Medios DS.01,15/09/2025,luis.cid.demo3272@outlook.com,Luis Cid
T-1025,Taller Subsidio Sectores Medios DS.01,22/11/2025,carlos.olivares.demo33925@gmail.com,Carlos Olivares
T-1057,Taller de Postulación DS19 - Mayo 2026,13/11/2024,dylan.garrido.demo13657@gmail.com,Dylan Garrido
T-1037,Webinar: Cómo Postular al Subsidio Habitacional,08/07/2023,francisca.vallejos.demo30906@yahoo.com,Francisca Vallejos
T-1055,Asamblea Informativa DS49,04/09/2025,luisa.villarroel.demo20063@hotmail.com,Luisa Villarroel
T-1042,Webinar: Cómo Postular al Subsidio Habitacional,08/01/2024,monserrat.arias.demo38031@hotmail.com,Monserrat Arias
T-1058,Jornada Comités de Vivienda - Región Metropolitana,18/09/2023,juan.caceres.demo22442@outlook.com,Juan Cáceres
T-1057,Jornada Comités de Vivienda - Región Metropolitana,14/04/2024,raul.fredes.demo837@outlook.com,Raúl Fredes
T-1034,Jornada Comités de Vivienda - Región Metropolitana,25/12/2024,daniel.bustamante.demo23962@gmail.com,Daniel Bustamante
T-1047,Webinar: Cómo Postular al Subsidio Habitacional,20/11/2023,martin.farias.demo12067@yahoo.com,Martín Farías
T-1053,Webinar: Cómo Postular al Subsidio Habitacional,02/08/2024,ema.escobar.demo20835@outlook.com,Ema Escobar
T-1007,Taller Subsidio Sectores Medios DS.01,23/09/2023,constanza.estrada.demo35105@yahoo.com,Constanza Estrada
T-1013,Taller Subsidio Sectores Medios DS.01,23/05/2024,yohana.fredes.demo25233@gmail.com,Yohana Fredes
T-1012,Charla: Déficit Habitacional en Chile,05/06/2025,magaly.contreras.demo29958@yahoo.com,Magaly Contreras
T-1038,Taller Subsidio Sectores Medios DS.01,11/04/2026,aldo.aguila.demo11014@outlook.com,Aldo Águila
T-1054,Charla: Déficit Habitacional en Chile,12/02/2023,eduardo.zamora.demo6358@outlook.com,Eduardo Zamora
T-1042,Taller de Postulación DS19 - Mayo 2026,07/03/2024,rigoberto.bascunan.demo31128@gmail.com,Rigoberto Bascuñán
T-1004,Taller Ahorro y Subsidio Habitacional,10/08/2025,francisco.oyarzun.demo14004@hotmail.com,Francisco Oyarzún
T-1050,Charla: Déficit Habitacional en Chile,11/05/2024,cecilia.rojas.demo10724@yahoo.com,Cecilia Rojas
T-1006,Charla: Déficit Habitacional en Chile,15/05/2023,macarena.avalos.demo5372@hotmail.com,Macarena Ávalos
T-1012,Taller de Educación Financiera,06/06/2025,patricia.castro.demo13430@hotmail.com,Patricia Castro
T-1002,Asamblea Informativa DS49,12/05/2025,miriam.olave.demo46248@gmail.com,Miriam Olave
T-1025,Asamblea Informativa DS49,29/05/2025,jessica.concha.demo7615@outlook.com,Jessica Concha
T-1049,Jornada Comités de Vivienda - Región Metropolitana,19/08/2025,herminia.rodriguez.demo12004@outlook.com,Herminia Rodríguez
T-1018,Asamblea Informativa DS49,01/04/2024,norma.pardo.demo18561@yahoo.com,Norma Pardo
T-1051,Asamblea Informativa DS49,21/04/2023,maria.diaz.demo16982@gmail.com,María Díaz
T-1013,Taller Subsidio Sectores Medios DS.01,31/12/2025,vicente.araneda.demo13155@outlook.com,Vicente Araneda
T-1044,Charla: Déficit Habitacional en Chile,28/08/2023,amaro.soto.demo8977@outlook.com,Amaro Soto
T-1058,Taller Subsidio Sectores Medios DS.01,15/08/2024,melissa.lara.demo33224@outlook.com,Melissa Lara
T-1053,Taller de Postulación DS19 - Mayo 2026,29/12/2024,jeremy.rios.demo40816@gmail.com,Jeremy Ríos
T-1030,Asamblea Informativa DS49,24/03/2024,sergio.aravena.demo21281@hotmail.com,Sergio Aravena
T-1051,Taller Subsidio Sectores Medios DS.01,16/11/2023,ana.beltran.demo35514@hotmail.com,Ana Beltrán
T-1001,Taller Ahorro y Subsidio Habitacional,24/11/2025,abel.carrasco.demo44058@outlook.com,Abel Carrasco
T-1001,Webinar: Cómo Postular al Subsidio Habitacional,12/08/2023,carlos.rojas.demo39227@outlook.com,Carlos Rojas
T-1015,Taller de Postulación DS19 - Mayo 2026,21/02/2024,claudia.uribe.demo38346@gmail.com,Claudia Uribe
T-1046,Taller de Educación Financiera,31/01/2026,diana.hernandez.demo8452@outlook.com,Diana Hernández
T-1019,Asamblea Informativa DS49,26/10/2024,maria.guerrero.demo6195@outlook.com,María Guerrero
T-1034,Asamblea Informativa DS49,10/06/2024,ambar.gonzalez.demo29846@outlook.com,Ámbar González
T-1021,Taller de Postulación DS19 - Mayo 2026,15/07/2025,jose.bravo.demo46026@outlook.com,José Bravo
T-1018,Asamblea Informativa DS49,27/04/2025,maximiliano.fuentes.demo27612@outlook.com,Maximiliano Fuentes
T-1050,Jornada Comités de Vivienda - Región Metropolitana,15/02/2025,karina.carrasco.demo30429@hotmail.com,Karina Carrasco
T-1020,Jornada Comités de Vivienda - Región Metropolitana,02/10/2023,gladys.espinoza.demo13482@hotmail.com,Gladys Espinoza
T-1052,Asamblea Informativa DS49,29/01/2024,maria.aguilera.demo47205@outlook.com,María Aguilera
T-1001,Taller de Educación Financiera,15/09/2023,jessica.sepulveda.demo28420@hotmail.com,Jessica Sepúlveda
T-1041,Asamblea Informativa DS49,06/02/2024,zulema.vera.demo17460@outlook.com,Zulema Vera
T-1002,Taller Ahorro y Subsidio Habitacional,10/11/2023,jorge.carrillo.demo44712@outlook.com,Jorge Carrillo
T-1040,Taller Ahorro y Subsidio Habitacional,20/09/2024,maria.parra.demo27717@hotmail.com,María Parra
T-1028,Asamblea Informativa DS49,20/11/2023,nolberto.concha.demo17209@outlook.com,Nolberto Concha
T-1020,Taller de Educación Financiera,21/10/2025,alma.sepulveda.demo16756@gmail.com,Alma Sepúlveda
T-1013,Webinar: Cómo Postular al Subsidio Habitacional,19/04/2024,gladys.gonzalez.demo10663@outlook.com,Gladys González
T-1013,Webinar: Cómo Postular al Subsidio Habitacional,19/02/2023,eugenia.solis.demo15482@outlook.com,Eugenia Solís
T-1048,Asamblea Informativa DS49,13/01/2023,jose.toro.demo44680@outlook.com,José Toro
T-1047,Charla: Déficit Habitacional en Chile,17/08/2025,marlene.ampuero.demo37113@hotmail.com,Marlene Ampuero
T-1001,Jornada Comités de Vivienda - Región Metropolitana,10/03/2024,francisca.rios.demo8637@outlook.com,Francisca Ríos
T-1043,Charla: Déficit Habitacional en Chile,06/10/2023,marta.sepulveda.demo9052@yahoo.com,Marta Sepúlveda
T-1007,Jornada Comités de Vivienda - Región Metropolitana,08/11/2023,tomas.ormeno.demo34548@hotmail.com,Tomás Ormeño
T-1052,Webinar: Cómo Postular al Subsidio Habitacional,24/04/2024,daniela.lazcano.demo39125@gmail.com,Daniela Lazcano
T-1008,Asamblea Informativa DS49,20/04/2025,juan.reyes.demo26309@gmail.com,Juan Reyes
T-1008,Jornada Comités de Vivienda - Región Metropolitana,14/01/2026,danitza.herrera.demo46236@yahoo.com,Danitza Herrera
T-1019,Charla: Déficit Habitacional en Chile,28/01/2025,javiera.lopez.demo44222@outlook.com,Javiera López
T-1006,Taller de Postulación DS19 - Mayo 2026,30/07/2024,richard.munoz.demo22668@hotmail.com,Richard Muñoz
T-1038,Taller Subsidio Sectores Medios DS.01,07/09/2023,fresia.mondaca.demo37991@outlook.com,Fresia Mondaca
T-1045,Jornada Comités de Vivienda - Región Metropolitana,01/03/2025,aldo.valdivia.demo44062@yahoo.com,Aldo Valdivia
T-1016,Jornada Comités de Vivienda - Región Metropolitana,04/06/2025,rodrigo.bustos.demo25778@hotmail.com,Rodrigo Bustos
T-1015,Taller Ahorro y Subsidio Habitacional,05/04/2023,debora.pasten.demo42111@hotmail.com,Debora Pastén
T-1053,Taller de Educación Financiera,02/09/2024,rosa.diaz.demo13115@outlook.com,Rosa Díaz
T-1022,Webinar: Cómo Postular al Subsidio Habitacional,24/04/2024,benjamin.sandoval.demo4239@gmail.com,Benjamín Sandoval
T-1023,Taller de Postulación DS19 - Mayo 2026,10/07/2024,manuel.figueroa.demo27601@yahoo.com,Manuel Figueroa
T-1038,Asamblea Informativa DS49,12/04/2026,florentina.gonzalez.demo1090@yahoo.com,Florentina González
T-1032,Webinar: Cómo Postular al Subsidio Habitacional,22/11/2025,armando.sepulveda.demo6090@gmail.com,Armando Sepúlveda
T-1052,Taller Ahorro y Subsidio Habitacional,15/12/2024,leandro.vasquez.demo48435@gmail.com,Leandro Vásquez
T-1047,Asamblea Informativa DS49,31/05/2023,maria.abarca.demo20299@yahoo.com,María Abarca
T-1049,Taller Ahorro y Subsidio Habitacional,08/02/2024,barbara.herrera.demo23816@gmail.com,Bárbara Herrera
T-1046,Charla: Déficit Habitacional en Chile,20/09/2025,jose.medel.demo23575@outlook.com,José Medel
T-1044,Charla: Déficit Habitacional en Chile,21/04/2023,rodolfo.calderon.demo47529@gmail.com,Rodolfo Calderón
T-1004,Taller Subsidio Sectores Medios DS.01,31/08/2024,luciano.valencia.demo17370@gmail.com,Luciano Valencia
T-1015,Taller de Educación Financiera,09/07/2024,nelly.rios.demo24523@yahoo.com,Nelly Ríos
T-1031,Taller de Postulación DS19 - Mayo 2026,25/05/2023,julian.perez.demo27795@gmail.com,Julián Pérez
T-1012,Charla: Déficit Habitacional en Chile,20/12/2023,ignacio.reyes.demo1154@hotmail.com,Ignacio Reyes
T-1018,Jornada Comités de Vivienda - Región Metropolitana,23/06/2024,constanza.moreno.demo37374@gmail.com,Constanza Moreno
T-1011,Taller de Postulación DS19 - Mayo 2026,02/05/2024,linda.acosta.demo12445@outlook.com,Linda Acosta
T-1036,Taller de Educación Financiera,10/02/2023,alicia.albornoz.demo40750@yahoo.com,Alicia Albornoz
T-1044,Asamblea Informativa DS49,10/12/2024,juan.munoz.demo24771@hotmail.com,Juan Muñoz
T-1042,Asamblea Informativa DS49,12/02/2025,adela.palma.demo40168@hotmail.com,Adela Palma
T-1037,Taller de Postulación DS19 - Mayo 2026,28/05/2026,juana.bravo.demo40598@yahoo.com,Juana Bravo
T-1050,Asamblea Informativa DS49,01/06/2023,exequiel.contreras.demo45757@yahoo.com,Exequiel Contreras
T-1006,Charla: Déficit Habitacional en Chile,30/08/2025,hans.vidal.demo25146@hotmail.com,Hans Vidal
T-1027,Charla: Déficit Habitacional en Chile,10/04/2025,margarita.alvarez.demo50247@hotmail.com,Margarita Álvarez
T-1027,Charla: Déficit Habitacional en Chile,01/03/2026,mauricio.diaz.demo6377@hotmail.com,Mauricio Díaz
T-1046,Taller de Postulación DS19 - Mayo 2026,28/06/2025,emma.cruz.demo33684@outlook.com,Emma Cruz
T-1024,Webinar: Cómo Postular al Subsidio Habitacional,22/10/2025,eugenio.cofre.demo39975@hotmail.com,Eugenio Cofré
T-1009,Charla: Déficit Habitacional en Chile,15/08/2025,nelly.diaz.demo34027@hotmail.com,Nelly Díaz
T-1022,Taller Ahorro y Subsidio Habitacional,25/12/2023,denisse.espinoza.demo29145@outlook.com,Denisse Espinoza
T-1036,Charla: Déficit Habitacional en Chile,02/08/2023,maria.becerra.demo1934@outlook.com,María Becerra
T-1035,Taller Subsidio Sectores Medios DS.01,17/11/2024,millaray.palma.demo2212@gmail.com,Millaray Palma
T-1031,Jornada Comités de Vivienda - Región Metropolitana,11/01/2024,aurora.olmedo.demo30767@hotmail.com,Aurora Olmedo
T-1028,Taller Subsidio Sectores Medios DS.01,12/10/2023,maria.pino.demo19650@hotmail.com,María Pino
T-1007,Taller de Postulación DS19 - Mayo 2026,09/10/2024,lucas.rebolledo.demo17871@outlook.com,Lucas Rebolledo
T-1056,Taller de Educación Financiera,27/01/2026,benjamin.pinto.demo3375@outlook.com,Benjamín Pinto
T-1038,Jornada Comités de Vivienda - Región Metropolitana,10/12/2024,alondra.herrera.demo51043@hotmail.com,Alondra Herrera
T-1002,Taller de Postulación DS19 - Mayo 2026,10/09/2025,madeleine.oyarce.demo47612@yahoo.com,Madeleine Oyarce
T-1016,Charla: Déficit Habitacional en Chile,18/06/2025,catalina.rodriguez.demo43036@yahoo.com,Catalina Rodríguez
T-1013,Webinar: Cómo Postular al Subsidio Habitacional,06/12/2024,olga.gomez.demo35085@yahoo.com,Olga Gómez
T-1058,Webinar: Cómo Postular al Subsidio Habitacional,17/12/2025,hugo.moran.demo40121@outlook.com,Hugo Morán
T-1046,Charla: Déficit Habitacional en Chile,24/04/2025,federico.perez.demo19317@yahoo.com,Federico Pérez
T-1030,Asamblea Informativa DS49,08/07/2025,marta.diaz.demo22943@yahoo.com,Marta Díaz
T-1002,Asamblea Informativa DS49,04/08/2024,mauricio.cardenas.demo37604@outlook.com,Mauricio Cárdenas
T-1021,Taller Ahorro y Subsidio Habitacional,08/02/2025,veronica.montenegro.demo4989@hotmail.com,Verónica Montenegro
T-1049,Taller de Educación Financiera,27/06/2024,manuel.diaz.demo15205@gmail.com,Manuel Díaz
T-1019,Taller de Educación Financiera,16/08/2025,josefa.jimenez.demo17862@gmail.com,Josefa Jiménez
T-1024,Charla: Déficit Habitacional en Chile,21/11/2023,ian.solis.demo13881@gmail.com,Ian Solís
T-1037,Taller Subsidio Sectores Medios DS.01,12/09/2024,carlos.neira.demo16145@yahoo.com,Carlos Neira
T-1006,Taller de Educación Financiera,17/09/2023,camilo.ruiz.demo13704@hotmail.com,Camilo Ruiz
T-1031,Taller Subsidio Sectores Medios DS.01,01/05/2025,camila.aravena.demo30802@hotmail.com,Camila Aravena
T-1027,Jornada Comités de Vivienda - Región Metropolitana,06/09/2024,daniel.valdivia.demo5027@gmail.com,Daniel Valdivia
T-1042,Taller de Postulación DS19 - Mayo 2026,04/05/2026,maria.lagos.demo4751@gmail.com,María Lagos
T-1010,Webinar: Cómo Postular al Subsidio Habitacional,20/07/2023,maite.vilches.demo48402@gmail.com,Maite Vilches
T-1013,Taller Subsidio Sectores Medios DS.01,03/12/2025,juan.escalona.demo21101@hotmail.com,Juan Escalona
T-1031,Taller de Educación Financiera,23/11/2024,francisco.san martin.demo50353@yahoo.com,Francisco San Martín
T-1048,Taller de Postulación DS19 - Mayo 2026,27/03/2024,roman.rivera.demo45131@outlook.com,Román Rivera
T-1035,Jornada Comités de Vivienda - Región Metropolitana,23/03/2026,darwin.mendoza.demo20482@hotmail.com,Darwin Mendoza
T-1019,Webinar: Cómo Postular al Subsidio Habitacional,24/08/2025,angelo.marquez.demo23126@outlook.com,Angelo Márquez
T-1045,Taller de Postulación DS19 - Mayo 2026,26/09/2024,jose.alfaro.demo46286@yahoo.com,José Alfaro
T-1034,Taller Subsidio Sectores Medios DS.01,29/12/2023,pablo.arias.demo22162@yahoo.com,Pablo Arias
T-1038,Taller Subsidio Sectores Medios DS.01,29/11/2024,julio.roa.demo10838@hotmail.com,Julio Roa
T-1017,Charla: Déficit Habitacional en Chile,14/02/2026,ricardo.naranjo.demo21391@gmail.com,Ricardo Naranjo
T-1051,Webinar: Cómo Postular al Subsidio Habitacional,19/01/2026,jazmin.aravena.demo19375@gmail.com,Jazmín Aravena
T-1027,Taller Subsidio Sectores Medios DS.01,21/05/2025,flor.gamboa.demo12137@yahoo.com,Flor Gamboa
T-1011,Taller Subsidio Sectores Medios DS.01,19/11/2025,antonio.cruz.demo32244@outlook.com,Antonio Cruz
T-1051,Taller de Postulación DS19 - Mayo 2026,18/05/2023,carlos.gaete.demo45900@gmail.com,Carlos Gaete
T-1028,Taller de Postulación DS19 - Mayo 2026,17/09/2023,carmen.mendez.demo37178@outlook.com,Carmen Méndez
T-1053,Asamblea Informativa DS49,03/08/2023,eliana.gallegos.demo40868@yahoo.com,Eliana Gallegos
T-1054,Taller de Educación Financiera,25/08/2025,bruno.gonzalez.demo6345@yahoo.com,Bruno González
T-1054,Jornada Comités de Vivienda - Región Metropolitana,27/05/2026,gabriel.arancibia.demo14604@gmail.com,Gabriel Arancibia
T-1032,Taller Subsidio Sectores Medios DS.01,31/03/2024,felipe.reyes.demo4865@hotmail.com,Felipe Reyes
T-1051,Jornada Comités de Vivienda - Región Metropolitana,06/05/2023,lucas.cepeda.demo42743@outlook.com,Lucas Cepeda
T-1030,Charla: Déficit Habitacional en Chile,28/06/2023,rosario.gomez.demo40583@outlook.com,Rosario Gómez
T-1001,Taller de Educación Financiera,08/01/2025,yasna.reyes.demo5968@yahoo.com,Yasna Reyes
T-1049,Charla: Déficit Habitacional en Chile,25/04/2024,eliana.contreras.demo4993@hotmail.com,Eliana Contreras
T-1003,Asamblea Informativa DS49,15/04/2025,max.salazar.demo3382@outlook.com,Max Salazar
T-1052,Charla: Déficit Habitacional en Chile,05/01/2025,francisco.fuenzalida.demo9795@yahoo.com,Francisco Fuenzalida
T-1041,Taller Subsidio Sectores Medios DS.01,02/08/2024,luis.roman.demo19024@hotmail.com,Luis Román
T-1011,Jornada Comités de Vivienda - Región Metropolitana,14/05/2025,ramon.aranguiz.demo37702@hotmail.com,Ramón Aránguiz
T-1041,Jornada Comités de Vivienda - Región Metropolitana,23/02/2023,carol.contreras.demo27584@hotmail.com,Carol Contreras
T-1038,Taller de Educación Financiera,15/11/2024,fernanda.arias.demo33013@yahoo.com,Fernanda Arias
T-1009,Taller de Educación Financiera,22/11/2025,georgina.perez.demo51910@hotmail.com,Georgina Pérez
T-1002,Taller de Educación Financiera,02/11/2025,joaquin.mella.demo125@outlook.com,Joaquín Mella
T-1010,Webinar: Cómo Postular al Subsidio Habitacional,29/06/2023,maria.vega.demo6965@hotmail.com,María Vega
T-1000,Jornada Comités de Vivienda - Región Metropolitana,24/11/2024,hugo.soto.demo20062@hotmail.com,Hugo Soto
T-1005,Taller Ahorro y Subsidio Habitacional,12/06/2023,pamela.jimenez.demo19498@hotmail.com,Pamela Jiménez
T-1045,Jornada Comités de Vivienda - Región Metropolitana,07/02/2025,mariana.munoz.demo39380@hotmail.com,Mariana Muñoz
T-1035,Taller de Educación Financiera,18/07/2023,albert.concha.demo39196@gmail.com,Albert Concha
T-1034,Taller de Educación Financiera,24/11/2024,pedro.fuentes.demo5585@hotmail.com,Pedro Fuentes
T-1021,Asamblea Informativa DS49,24/02/2026,jose.carvajal.demo41418@yahoo.com,José Carvajal
T-1046,Taller Ahorro y Subsidio Habitacional,10/05/2024,rodolfo.guerra.demo8755@gmail.com,Rodolfo Guerra
T-1009,Taller Ahorro y Subsidio Habitacional,06/12/2025,johanna.armijo.demo2419@yahoo.com,Johanna Armijo
T-1036,Charla: Déficit Habitacional en Chile,28/03/2026,gary.araya.demo5915@hotmail.com,Gary Araya
T-1011,Charla: Déficit Habitacional en Chile,10/02/2025,diego.roman.demo5754@outlook.com,Diego Román
T-1007,Charla: Déficit Habitacional en Chile,18/07/2025,nicolas.villa.demo37176@outlook.com,Nicolás Villa
T-1032,Charla: Déficit Habitacional en Chile,27/01/2024,anais.rodriguez.demo29376@outlook.com,Anaís Rodríguez
T-1028,Taller Subsidio Sectores Medios DS.01,01/12/2025,ester.parra.demo28981@outlook.com,Ester Parra
T-1037,Taller Ahorro y Subsidio Habitacional,24/05/2026,mirko.huerta.demo48798@gmail.com,Mirko Huerta
T-1038,Charla: Déficit Habitacional en Chile,04/08/2024,antonio.herrera.demo37741@outlook.com,Antonio Herrera
T-1055,Taller de Educación Financiera,02/09/2025,maria.valdes.demo29562@hotmail.com,María Valdés
T-1050,Jornada Comités de Vivienda - Región Metropolitana,18/04/2023,pedro.sepulveda.demo34502@outlook.com,Pedro Sepúlveda
T-1056,Taller Ahorro y Subsidio Habitacional,10/09/2024,uberlinda.moya.demo35255@gmail.com,Uberlinda Moya
T-1042,Charla: Déficit Habitacional en Chile,20/09/2023,juan.contreras.demo46799@outlook.com,Juan Contreras
T-1047,Taller de Postulación DS19 - Mayo 2026,08/03/2023,alejandro.cortes.demo50217@yahoo.com,Alejandro Cortés
T-1055,Taller Ahorro y Subsidio Habitacional,23/03/2025,carmen.morales.demo37856@outlook.com,Carmen Morales
T-1012,Taller de Educación Financiera,02/11/2023,manuel.santana.demo33134@yahoo.com,Manuel Santana
T-1058,Webinar: Cómo Postular al Subsidio Habitacional,05/12/2023,hans.medina.demo7289@gmail.com,Hans Medina
T-1000,Charla: Déficit Habitacional en Chile,11/04/2023,millaray.nunez.demo11216@yahoo.com,Millaray Núñez
T-1051,Asamblea Informativa DS49,07/10/2025,jean.rojas.demo3671@gmail.com,Jean Rojas
T-1025,Taller Subsidio Sectores Medios DS.01,30/03/2023,jorge.henriquez.demo24000@gmail.com,Jorge Henríquez
T-1039,Charla: Déficit Habitacional en Chile,05/12/2023,claudia.perez.demo7984@gmail.com,Claudia Pérez
T-1029,Jornada Comités de Vivienda - Región Metropolitana,14/07/2025,consuelo.parra.demo30411@yahoo.com,Consuelo Parra
T-1008,Jornada Comités de Vivienda - Región Metropolitana,14/04/2023,cristobal.cifuentes.demo29258@outlook.com,Cristóbal Cifuentes
T-1007,Taller de Educación Financiera,31/03/2025,melanie.munoz.demo51283@outlook.com,Melanie Muñoz
T-1021,Taller Ahorro y Subsidio Habitacional,20/02/2025,ignacio.torres.demo51677@hotmail.com,Ignacio Torres
T-1019,Taller de Postulación DS19 - Mayo 2026,09/12/2025,margarita.rodriguez.demo27895@hotmail.com,Margarita Rodríguez
T-1003,Jornada Comités de Vivienda - Región Metropolitana,20/09/2025,sergio.velasquez.demo49153@outlook.com,Sergio Velásquez
T-1047,Taller de Postulación DS19 - Mayo 2026,09/02/2024,ana.arenas.demo17148@yahoo.com,Ana Arenas
T-1007,Taller de Postulación DS19 - Mayo 2026,09/07/2023,josefa.ortega.demo12256@yahoo.com,Josefa Ortega
T-1008,Taller de Educación Financiera,24/10/2023,marcia.arriagada.demo26574@outlook.com,Marcia Arriagada
T-1026,Taller de Postulación DS19 - Mayo 2026,09/09/2025,carolina.vidal.demo44160@yahoo.com,Carolina Vidal
T-1008,Taller Subsidio Sectores Medios DS.01,16/09/2025,javiera.herrera.demo51766@yahoo.com,Javiera Herrera
T-1027,Taller de Postulación DS19 - Mayo 2026,11/07/2024,ismael.monsalve.demo43079@yahoo.com,Ismael Monsalve
T-1025,Charla: Déficit Habitacional en Chile,10/12/2025,sebastian.sepulveda.demo35692@outlook.com,Sebastián Sepúlveda
T-1005,Taller de Educación Financiera,07/06/2024,lidia.fuentes.demo18668@yahoo.com,Lidia Fuentes
T-1021,Taller de Educación Financiera,07/10/2024,victoria.cuevas.demo39330@gmail.com,Victoria Cuevas
T-1030,Charla: Déficit Habitacional en Chile,14/03/2026,camilo.perez.demo19353@yahoo.com,Camilo Pérez
T-1015,Taller Ahorro y Subsidio Habitacional,21/01/2024,leonardo.carrasco.demo38030@yahoo.com,Leonardo Carrasco
T-1024,Webinar: Cómo Postular al Subsidio Habitacional,21/08/2025,eduardo.valdes.demo30306@gmail.com,Eduardo Valdés
T-1038,Asamblea Informativa DS49,27/04/2024,daniela.alvarez.demo44541@outlook.com,Daniela Álvarez
T-1003,Taller de Educación Financiera,29/11/2025,marianela.salas.demo12596@outlook.com,Marianela Salas
T-1021,Taller de Postulación DS19 - Mayo 2026,04/02/2026,constanza.lagos.demo40455@gmail.com,Constanza Lagos
T-1027,Webinar: Cómo Postular al Subsidio Habitacional,27/07/2024,benjamin.farias.demo15276@gmail.com,Benjamín Farías
T-1025,Charla: Déficit Habitacional en Chile,15/02/2023,maria.erices.demo51160@outlook.com,María Erices
T-1051,Taller Ahorro y Subsidio Habitacional,25/04/2023,constanza.mardones.demo36560@yahoo.com,Constanza Mardones
T-1057,Taller Subsidio Sectores Medios DS.01,08/02/2026,claudio.hernandez.demo16988@outlook.com,Claudio Hernández
T-1059,Taller de Postulación DS19 - Mayo 2026,28/09/2023,carla.martinez.demo40301@gmail.com,Carla Martínez
T-1002,Taller de Educación Financiera,19/03/2025,diego.salazar.demo28220@outlook.com,Diego Salazar
T-1047,Taller Ahorro y Subsidio Habitacional,28/08/2023,javiera.bustos.demo46943@hotmail.com,Javiera Bustos
T-1036,Taller de Postulación DS19 - Mayo 2026,11/06/2025,trinidad.carrasco.demo44372@hotmail.com,Trinidad Carrasco
T-1028,Webinar: Cómo Postular al Subsidio Habitacional,29/07/2025,victor.matamala.demo31763@hotmail.com,Víctor Matamala
T-1027,Charla: Déficit Habitacional en Chile,12/01/2024,raul.pizarro.demo39675@gmail.com,Raúl Pizarro
T-1018,Charla: Déficit Habitacional en Chile,06/11/2023,maria.munoz.demo18724@yahoo.com,María Muñoz
T-1059,Webinar: Cómo Postular al Subsidio Habitacional,18/03/2025,carol.espinoza.demo20667@outlook.com,Carol Espinoza
T-1007,Charla: Déficit Habitacional en Chile,22/03/2024,jose.urzua.demo5693@yahoo.com,José Urzúa
T-1016,Asamblea Informativa DS49,23/11/2023,matias.zavala.demo17885@gmail.com,Matías Zavala
T-1014,Asamblea Informativa DS49,13/11/2024,juan.tapia.demo31369@hotmail.com,Juan Tapia
T-1030,Taller Ahorro y Subsidio Habitacional,20/09/2023,dominga.bustamante.demo30129@outlook.com,Dominga Bustamante
T-1022,Asamblea Informativa DS49,23/05/2023,bastian.carvajal.demo18276@yahoo.com,Bastián Carvajal
T-1057,Taller de Educación Financiera,15/03/2024,florencia.gomez.demo14035@hotmail.com,Florencia Gómez
T-1055,Taller Subsidio Sectores Medios DS.01,31/07/2025,ivan.velasquez.demo35980@outlook.com,Iván Velásquez
T-1010,Taller de Educación Financiera,06/04/2024,tomas.aranda.demo22247@hotmail.com,Tomás Aranda
T-1054,Taller Ahorro y Subsidio Habitacional,07/12/2025,juana.cid.demo39268@outlook.com,Juana Cid
T-1004,Taller Ahorro y Subsidio Habitacional,23/01/2023,daniela.orellana.demo18530@gmail.com,Daniela Orellana
T-1037,Taller de Educación Financiera,09/03/2023,eduardo.san martin.demo8432@hotmail.com,Eduardo San Martín
T-1052,Taller de Educación Financiera,21/01/2023,clodomiro.torres.demo19591@yahoo.com,Clodomiro Torres
T-1040,Taller Ahorro y Subsidio Habitacional,24/03/2025,valentin.guajardo.demo32399@hotmail.com,Valentín Guajardo
T-1022,Taller de Educación Financiera,05/05/2025,enrique.munoz.demo42380@yahoo.com,Enrique Muñoz
T-1024,Asamblea Informativa DS49,17/06/2025,francisca.aravena.demo33383@hotmail.com,Francisca Aravena
T-1033,Webinar: Cómo Postular al Subsidio Habitacional,09/02/2023,trinidad.cruz.demo47820@hotmail.com,Trinidad Cruz
T-1053,Webinar: Cómo Postular al Subsidio Habitacional,14/09/2024,bruno.cortez.demo31077@outlook.com,Bruno Cortez
T-1002,Webinar: Cómo Postular al Subsidio Habitacional,10/07/2025,patricio.lopez.demo7782@outlook.com,Patricio López
T-1030,Taller Ahorro y Subsidio Habitacional,14/04/2024,carlos.sepulveda.demo29008@outlook.com,Carlos Sepúlveda
T-1007,Taller Ahorro y Subsidio Habitacional,18/05/2024,carolina.figueroa.demo43886@yahoo.com,Carolina Figueroa
T-1059,Webinar: Cómo Postular al Subsidio Habitacional,27/10/2023,martin.gonzalez.demo17759@gmail.com,Martín González
T-1051,Taller de Educación Financiera,28/09/2025,javier.diaz.demo38663@yahoo.com,Javier Díaz
T-1041,Jornada Comités de Vivienda - Región Metropolitana,30/10/2023,silvana.san martin.demo10102@yahoo.com,Silvana San Martín
T-1054,Webinar: Cómo Postular al Subsidio Habitacional,12/05/2024,veronica.medina.demo7943@outlook.com,Verónica Medina
T-1057,Webinar: Cómo Postular al Subsidio Habitacional,21/10/2024,catalina.benavides.demo39693@yahoo.com,Catalina Benavides
T-1013,Asamblea Informativa DS49,21/09/2024,edita.martinez.demo49197@hotmail.com,Edita Martínez
T-1028,Taller de Educación Financiera,16/07/2023,iris.fuentes.demo6280@gmail.com,Iris Fuentes
T-1009,Taller de Postulación DS19 - Mayo 2026,15/02/2023,karina.bugueno.demo49756@gmail.com,Karina Bugueño
T-1002,Jornada Comités de Vivienda - Región Metropolitana,23/04/2023,leandro.rojas.demo15758@hotmail.com,Leandro Rojas
T-1055,Webinar: Cómo Postular al Subsidio Habitacional,25/04/2023,camilo.zepeda.demo34107@outlook.com,Camilo Zepeda
T-1055,Webinar: Cómo Postular al Subsidio Habitacional,13/07/2024,hector.gatica.demo30019@gmail.com,Héctor Gatica
T-1005,Taller Ahorro y Subsidio Habitacional,30/01/2026,sebastian.olivares.demo16298@outlook.com,Sebastián Olivares
T-1040,Taller Subsidio Sectores Medios DS.01,27/07/2025,veronica.garrido.demo31996@outlook.com,Verónica Garrido
T-1038,Webinar: Cómo Postular al Subsidio Habitacional,15/10/2024,jose.vergara.demo31033@yahoo.com,José Vergara
T-1023,Asamblea Informativa DS49,10/05/2025,karina.toledo.demo3821@outlook.com,Karina Toledo
T-1017,Jornada Comités de Vivienda - Región Metropolitana,16/10/2024,fabian.castro.demo26970@outlook.com,Fabián Castro
T-1013,Jornada Comités de Vivienda - Región Metropolitana,27/04/2024,magdalena.santos.demo20967@outlook.com,Magdalena Santos
T-1059,Taller Ahorro y Subsidio Habitacional,15/12/2023,hugo.carvajal.demo34413@outlook.com,Hugo Carvajal
T-1054,Taller de Educación Financiera,09/07/2024,joaquin.ramirez.demo7507@yahoo.com,Joaquín Ramírez
T-1051,Taller Subsidio Sectores Medios DS.01,29/11/2024,luis.cordova.demo2149@outlook.com,Luis Córdova
T-1020,Taller Subsidio Sectores Medios DS.01,17/01/2026,florencia.zurita.demo44107@gmail.com,Florencia Zurita
T-1006,Taller Ahorro y Subsidio Habitacional,25/03/2024,guadalupe.benavides.demo5414@yahoo.com,Guadalupe Benavides
T-1013,Taller de Postulación DS19 - Mayo 2026,09/11/2023,laura.nunez.demo23499@hotmail.com,Laura Núñez
T-1045,Taller Ahorro y Subsidio Habitacional,21/12/2023,jesus.rios.demo42953@hotmail.com,Jesus Ríos
T-1040,Asamblea Informativa DS49,16/04/2025,natividad.silva.demo37155@hotmail.com,Natividad Silva
T-1031,Taller Subsidio Sectores Medios DS.01,10/04/2023,katherine.martinez.demo2140@gmail.com,Katherine Martínez
T-1028,Jornada Comités de Vivienda - Región Metropolitana,15/02/2023,clodomiro.munoz.demo13951@outlook.com,Clodomiro Muñoz
T-1009,Charla: Déficit Habitacional en Chile,24/11/2025,ricardo.toro.demo13360@outlook.com,Ricardo Toro
T-1014,Taller de Educación Financiera,27/11/2024,juan.concha.demo36884@yahoo.com,Juan Concha
T-1012,Taller Subsidio Sectores Medios DS.01,22/01/2024,carla.munoz.demo17916@yahoo.com,Carla Muñoz
T-1014,Taller Subsidio Sectores Medios DS.01,25/10/2025,hector.segura.demo45990@outlook.com,Héctor Segura
T-1019,Taller Subsidio Sectores Medios DS.01,03/07/2024,dario.gonzalez.demo16513@yahoo.com,Darío González
T-1044,Taller de Educación Financiera,11/07/2023,norma.vasquez.demo29495@gmail.com,Norma Vásquez
T-1058,Taller de Postulación DS19 - Mayo 2026,02/10/2024,andres.salazar.demo41281@yahoo.com,Andrés Salazar
T-1003,Asamblea Informativa DS49,05/06/2025,manuel.castillo.demo25339@outlook.com,Manuel Castillo
T-1032,Taller Subsidio Sectores Medios DS.01,31/08/2024,manuela.oliva.demo24100@gmail.com,Manuela Oliva
T-1032,Asamblea Informativa DS49,07/04/2024,daniel.figueroa.demo48616@hotmail.com,Daniel Figueroa
T-1014,Taller Subsidio Sectores Medios DS.01,05/11/2024,alfonso.gonzalez.demo25484@gmail.com,Alfonso González
T-1050,Taller Subsidio Sectores Medios DS.01,11/12/2024,monserrat.becerra.demo123@gmail.com,Monserrat Becerra
T-1018,Taller de Educación Financiera,07/04/2026,ana.olivares.demo43312@outlook.com,Ana Olivares
T-1037,Asamblea Informativa DS49,23/08/2023,magdalena.alarcon.demo14119@hotmail.com,Magdalena Alarcón
T-1012,Taller de Postulación DS19 - Mayo 2026,27/03/2023,maria.gomez.demo45133@hotmail.com,María Gómez
T-1010,Jornada Comités de Vivienda - Región Metropolitana,22/02/2026,brayan.riquelme.demo26580@gmail.com,Brayan Riquelme
T-1017,Taller Subsidio Sectores Medios DS.01,24/03/2025,francisco.molina.demo49540@outlook.com,Francisco Molina
T-1014,Taller de Educación Financiera,16/05/2025,carlos.rojas.demo13273@outlook.com,Carlos Rojas
T-1001,Taller de Educación Financiera,27/11/2023,francisco.martinez.demo25518@outlook.com,Francisco Martínez
T-1004,Asamblea Informativa DS49,31/05/2026,luis.rodriguez.demo43031@gmail.com,Luis Rodríguez
T-1054,Jornada Comités de Vivienda - Región Metropolitana,29/05/2026,carolina.saavedra.demo7941@outlook.com,Carolina Saavedra
T-1029,Charla: Déficit Habitacional en Chile,04/01/2026,jimmy.pacheco.demo31818@outlook.com,Jimmy Pacheco
T-1046,Asamblea Informativa DS49,17/09/2025,bernarda.munoz.demo14147@yahoo.com,Bernarda Muñoz
T-1018,Taller Subsidio Sectores Medios DS.01,01/12/2023,angelo.hernandez.demo15789@gmail.com,Angelo Hernández
T-1041,Charla: Déficit Habitacional en Chile,16/03/2025,hector.zuniga.demo14301@yahoo.com,Héctor Zúñiga
T-1021,Charla: Déficit Habitacional en Chile,30/12/2023,francisca.fuentes.demo35494@hotmail.com,Francisca Fuentes
T-1043,Taller de Postulación DS19 - Mayo 2026,06/04/2025,flor.sandoval.demo50607@gmail.com,Flor Sandoval
T-1048,Taller Ahorro y Subsidio Habitacional,16/02/2024,anais.morales.demo27945@outlook.com,Anaís Morales
T-1051,Charla: Déficit Habitacional en Chile,27/01/2023,fernando.retamales.demo8164@hotmail.com,Fernando Retamales
T-1000,Webinar: Cómo Postular al Subsidio Habitacional,19/02/2023,dario.herrera.demo51427@yahoo.com,Darío Herrera
T-1000,Webinar: Cómo Postular al Subsidio Habitacional,07/08/2024,patricia.tapia.demo31829@outlook.com,Patricia Tapia
T-1000,Webinar: Cómo Postular al Subsidio Habitacional,30/03/2025,joaquin.miranda.demo21795@hotmail.com,Joaquín Miranda
T-1055,Taller Subsidio Sectores Medios DS.01,22/01/2024,martina.villarroel.demo40266@outlook.com,Martina Villarroel
T-1025,Taller Ahorro y Subsidio Habitacional,31/08/2023,carolina.riffo.demo42582@hotmail.com,Carolina Riffo
T-1026,Taller Subsidio Sectores Medios DS.01,24/11/2025,maria.diaz.demo11611@hotmail.com,María Díaz
T-1056,Taller Subsidio Sectores Medios DS.01,12/01/2023,maria.jofre.demo2275@yahoo.com,María Jofré
T-1009,Taller Ahorro y Subsidio Habitacional,05/03/2023,luis.vergara.demo12338@yahoo.com,Luis Vergara
T-1026,Taller Subsidio Sectores Medios DS.01,10/05/2025,federico.carrera.demo16303@hotmail.com,Federico Carrera
T-1045,Taller Subsidio Sectores Medios DS.01,29/08/2025,jose.gonzalez.demo43243@outlook.com,José González
T-1026,Charla: Déficit Habitacional en Chile,31/05/2023,david.herrera.demo35497@gmail.com,David Herrera
T-1005,Taller de Educación Financiera,23/11/2023,rosa.garrido.demo18515@gmail.com,Rosa Garrido
T-1003,Taller de Educación Financiera,22/10/2025,eliana.aguilar.demo51583@gmail.com,Eliana Aguilar
T-1033,Taller Subsidio Sectores Medios DS.01,11/03/2024,dylan.suazo.demo35419@outlook.com,Dylan Suazo
T-1056,Taller Ahorro y Subsidio Habitacional,14/05/2023,camila.contreras.demo17963@hotmail.com,Camila Contreras
T-1007,Asamblea Informativa DS49,04/04/2023,clodomiro.rodriguez.demo35077@hotmail.com,Clodomiro Rodríguez
T-1029,Charla: Déficit Habitacional en Chile,30/05/2025,viviana.lorca.demo6374@yahoo.com,Viviana Lorca
T-1055,Asamblea Informativa DS49,19/04/2025,jose.ulloa.demo44979@gmail.com,José Ulloa
T-1009,Charla: Déficit Habitacional en Chile,24/01/2023,olivia.bustos.demo7794@outlook.com,Olivia Bustos
T-1055,Webinar: Cómo Postular al Subsidio Habitacional,03/03/2024,paz.salinas.demo10930@yahoo.com,Paz Salinas
T-1035,Asamblea Informativa DS49,05/06/2025,pascale.ibarra.demo23579@yahoo.com,Pascale Ibarra
T-1027,Charla: Déficit Habitacional en Chile,02/01/2023,vicente.estrada.demo36790@outlook.com,Vicente Estrada
T-1000,Webinar: Cómo Postular al Subsidio Habitacional,12/02/2023,betty.fredes.demo47248@hotmail.com,Betty Fredes
T-1012,Jornada Comités de Vivienda - Región Metropolitana,05/08/2024,rosa.soto.demo4472@outlook.com,Rosa Soto
T-1011,Asamblea Informativa DS49,19/01/2024,johana.gomez.demo23039@gmail.com,Johana Gómez
T-1025,Taller Subsidio Sectores Medios DS.01,03/02/2024,rosa.jara.demo28594@outlook.com,Rosa Jara
T-1040,Taller de Educación Financiera,21/06/2023,jaime.plaza.demo3544@yahoo.com,Jaime Plaza
T-1000,Charla: Déficit Habitacional en Chile,11/02/2026,emilia.mora.demo19018@gmail.com,Emilia Mora
T-1023,Taller de Educación Financiera,08/03/2024,javiera.cuevas.demo16475@outlook.com,Javiera Cuevas
T-1035,Taller de Educación Financiera,14/11/2024,kevin.cabrera.demo44403@outlook.com,Kevin Cabrera
T-1014,Asamblea Informativa DS49,10/12/2024,leonor.mora.demo21498@gmail.com,Leonor Mora
T-1022,Webinar: Cómo Postular al Subsidio Habitacional,11/09/2023,victor.salgado.demo23729@outlook.com,Víctor Salgado
T-1056,Taller Ahorro y Subsidio Habitacional,02/05/2024,nora.san martin.demo7761@gmail.com,Nora San Martín
T-1016,Jornada Comités de Vivienda - Región Metropolitana,13/12/2023,freddy.arias.demo13153@yahoo.com,Freddy Arias
T-1020,Jornada Comités de Vivienda - Región Metropolitana,15/03/2024,florencia.moreno.demo44854@gmail.com,Florencia Moreno
T-1016,Taller de Educación Financiera,17/09/2025,carmen.carrasco.demo1070@outlook.com,Carmen Carrasco
T-1028,Asamblea Informativa DS49,22/09/2024,antonella.gutierrez.demo41607@outlook.com,Antonella Gutiérrez
T-1045,Taller Subsidio Sectores Medios DS.01,17/12/2023,aurelio.aguilera.demo20587@outlook.com,Aurelio Aguilera
T-1040,Taller Ahorro y Subsidio Habitacional,03/07/2024,marcela.parra.demo42104@gmail.com,Marcela Parra
T-1059,Jornada Comités de Vivienda - Región Metropolitana,08/01/2023,antonia.godoy.demo46456@yahoo.com,Antonia Godoy
T-1026,Webinar: Cómo Postular al Subsidio Habitacional,19/09/2023,gilda.urrutia.demo43529@outlook.com,Gilda Urrutia
T-1010,Charla: Déficit Habitacional en Chile,14/09/2024,pablo.correa.demo25353@gmail.com,Pablo Correa
T-1003,Taller Subsidio Sectores Medios DS.01,20/04/2026,christopher.valdes.demo1233@hotmail.com,Christopher Valdés
T-1015,Taller Subsidio Sectores Medios DS.01,24/10/2023,christian.valenzuela.demo36297@outlook.com,Christian Valenzuela
T-1030,Webinar: Cómo Postular al Subsidio Habitacional,05/11/2024,patricio.plaza.demo26444@hotmail.com,Patricio Plaza
T-1046,Taller Ahorro y Subsidio Habitacional,07/05/2026,rocio.leiva.demo44750@hotmail.com,Rocío Leiva
T-1004,Charla: Déficit Habitacional en Chile,11/04/2024,sergio.soto.demo46511@gmail.com,Sergio Soto
T-1017,Charla: Déficit Habitacional en Chile,07/04/2023,david.mella.demo9024@outlook.com,David Mella
T-1058,Taller de Postulación DS19 - Mayo 2026,07/06/2024,celia.uribe.demo4857@outlook.com,Celia Uribe
T-1032,Taller de Educación Financiera,22/06/2025,felipe.herrera.demo15715@hotmail.com,Felipe Herrera
T-1005,Taller Subsidio Sectores Medios DS.01,09/05/2026,juana.zamora.demo40011@hotmail.com,Juana Zamora
T-1050,Charla: Déficit Habitacional en Chile,18/01/2025,johana.vargas.demo44610@gmail.com,Johana Vargas
T-1000,Webinar: Cómo Postular al Subsidio Habitacional,28/03/2023,maria.machuca.demo5407@outlook.com,María Machuca
T-1045,Taller de Postulación DS19 - Mayo 2026,10/08/2025,luis.sanchez.demo46155@hotmail.com,Luis Sánchez
T-1026,Webinar: Cómo Postular al Subsidio Habitacional,29/01/2026,mateo.molina.demo17973@yahoo.com,Mateo Molina
T-1033,Taller Ahorro y Subsidio Habitacional,12/04/2026,jhonny.vallejos.demo49530@outlook.com,Jhonny Vallejos
T-1055,Asamblea Informativa DS49,23/11/2024,raul.arias.demo18180@outlook.com,Raúl Arias
T-1037,Charla: Déficit Habitacional en Chile,27/04/2024,carlos.nunez.demo14858@hotmail.com,Carlos Núñez
T-1029,Asamblea Informativa DS49,14/05/2025,yessica.guerra.demo49610@yahoo.com,Yessica Guerra
T-1051,Taller de Educación Financiera,09/10/2023,flor.perez.demo32524@hotmail.com,Flor Pérez
T-1059,Jornada Comités de Vivienda - Región Metropolitana,30/08/2023,rolando.abarca.demo30903@yahoo.com,Rolando Abarca
T-1029,Webinar: Cómo Postular al Subsidio Habitacional,12/03/2023,tatiana.reyes.demo51360@yahoo.com,Tatiana Reyes
T-1016,Jornada Comités de Vivienda - Región Metropolitana,22/11/2023,lisette.vargas.demo43029@yahoo.com,Lisette Vargas
T-1037,Taller Subsidio Sectores Medios DS.01,23/08/2025,luis.aguayo.demo24094@hotmail.com,Luis Aguayo
T-1036,Taller Subsidio Sectores Medios DS.01,09/09/2024,carlos.mora.demo28135@yahoo.com,Carlos Mora
T-1028,Charla: Déficit Habitacional en Chile,07/04/2025,juan.molina.demo21067@gmail.com,Juan Molina
T-1034,Taller de Postulación DS19 - Mayo 2026,27/05/2025,jaime.rojas.demo36770@hotmail.com,Jaime Rojas
T-1045,Taller de Postulación DS19 - Mayo 2026,23/10/2025,veronica.bustos.demo27180@outlook.com,Verónica Bustos
T-1019,Taller Ahorro y Subsidio Habitacional,28/01/2025,magaly.rios.demo40452@hotmail.com,Magaly Ríos
T-1008,Taller Subsidio Sectores Medios DS.01,09/10/2023,pascuala.molina.demo38637@gmail.com,Pascuala Molina
T-1016,Charla: Déficit Habitacional en Chile,29/06/2025,silvia.ramos.demo17397@hotmail.com,Silvia Ramos
T-1052,Taller Ahorro y Subsidio Habitacional,30/01/2023,paz.ceballos.demo30981@outlook.com,Paz Ceballos
T-1009,Taller Ahorro y Subsidio Habitacional,16/03/2024,esteban.vallejos.demo5357@hotmail.com,Esteban Vallejos
T-1031,Asamblea Informativa DS49,21/06/2023,carmen.retamal.demo13813@yahoo.com,Carmen Retamal
T-1021,Jornada Comités de Vivienda - Región Metropolitana,17/03/2023,melissa.sepulveda.demo18652@gmail.com,Melissa Sepúlveda
T-1046,Taller Ahorro y Subsidio Habitacional,13/10/2023,florencia.mendez.demo21160@outlook.com,Florencia Méndez
T-1024,Taller de Educación Financiera,15/06/2024,juan.torres.demo14654@yahoo.com,Juan Torres
T-1017,Taller de Postulación DS19 - Mayo 2026,18/10/2023,adriana.solis.demo47348@hotmail.com,Adriana Solís
T-1018,Jornada Comités de Vivienda - Región Metropolitana,15/09/2023,jose.contreras.demo10514@hotmail.com,José Contreras
T-1050,Taller de Educación Financiera,15/03/2023,mariana.barrientos.demo9736@gmail.com,Mariana Barrientos
T-1041,Jornada Comités de Vivienda - Región Metropolitana,10/04/2025,luis.alfaro.demo5550@yahoo.com,Luis Alfaro
T-1058,Taller de Postulación DS19 - Mayo 2026,12/10/2023,elias.pena.demo8462@hotmail.com,Elías Peña
T-1030,Charla: Déficit Habitacional en Chile,30/01/2025,dylan.diaz.demo25666@yahoo.com,Dylan Díaz
T-1007,Taller Subsidio Sectores Medios DS.01,07/05/2025,alfonso.rivera.demo14983@outlook.com,Alfonso Rivera
T-1047,Asamblea Informativa DS49,08/05/2026,raquel.diaz.demo8135@yahoo.com,Raquel Díaz
T-1028,Charla: Déficit Habitacional en Chile,08/04/2024,javier.martinez.demo18436@yahoo.com,Javier Martínez
T-1057,Charla: Déficit Habitacional en Chile,30/10/2023,cristian.diaz.demo36904@hotmail.com,Cristian Díaz
T-1009,Webinar: Cómo Postular al Subsidio Habitacional,19/06/2024,enrique.mendez.demo34622@yahoo.com,Enrique Méndez
T-1050,Charla: Déficit Habitacional en Chile,09/11/2025,pedro.salinas.demo11557@outlook.com,Pedro Salinas
T-1039,Asamblea Informativa DS49,18/07/2025,maria.silva.demo17772@gmail.com,María Silva
T-1043,Taller de Educación Financiera,27/03/2026,manuel.orellana.demo31270@outlook.com,Manuel Orellana
T-1057,Jornada Comités de Vivienda - Región Metropolitana,15/04/2024,evaristo.molina.demo22671@gmail.com,Evaristo Molina
T-1056,Taller Subsidio Sectores Medios DS.01,26/04/2026,javiera.cabrera.demo18150@gmail.com,Javiera Cabrera
T-1009,Jornada Comités de Vivienda - Región Metropolitana,11/08/2024,veronica.toro.demo41101@gmail.com,Verónica Toro
T-1042,Taller Subsidio Sectores Medios DS.01,25/07/2023,ana.quezada.demo41301@gmail.com,Ana Quezada
T-1027,Charla: Déficit Habitacional en Chile,10/05/2024,roxana.hernandez.demo28296@gmail.com,Roxana Hernández
T-1014,Taller de Postulación DS19 - Mayo 2026,27/10/2023,mercedes.pacheco.demo32914@outlook.com,Mercedes Pacheco
T-1045,Taller Ahorro y Subsidio Habitacional,14/07/2024,maria.gonzalez.demo6259@outlook.com,María González
T-1022,Taller de Postulación DS19 - Mayo 2026,16/11/2025,veronica.alvarado.demo34098@gmail.com,Verónica Alvarado
T-1002,Taller de Postulación DS19 - Mayo 2026,14/08/2025,silvia.urzua.demo7569@hotmail.com,Silvia Urzúa
T-1050,Jornada Comités de Vivienda - Región Metropolitana,19/01/2026,elias.munoz.demo51404@hotmail.com,Elías Muñoz
T-1046,Webinar: Cómo Postular al Subsidio Habitacional,31/05/2023,jose.munoz.demo16633@gmail.com,José Muñoz
T-1000,Webinar: Cómo Postular al Subsidio Habitacional,26/11/2023,antonio.salinas.demo5226@yahoo.com,Antonio Salinas
T-1024,Taller Subsidio Sectores Medios DS.01,16/03/2024,gustavo.silva.demo20564@outlook.com,Gustavo Silva
T-1031,Jornada Comités de Vivienda - Región Metropolitana,08/01/2026,olga.cabezas.demo19126@hotmail.com,Olga Cabezas
T-1031,Taller de Postulación DS19 - Mayo 2026,13/03/2026,victoria.olivares.demo47812@hotmail.com,Victoria Olivares
T-1034,Taller de Educación Financiera,17/11/2023,virginia.poblete.demo35571@gmail.com,Virginia Poblete
T-1032,Taller Ahorro y Subsidio Habitacional,23/09/2023,danilo.veliz.demo21186@hotmail.com,Danilo Véliz
T-1041,Charla: Déficit Habitacional en Chile,02/08/2024,erasmo.torres.demo49509@yahoo.com,Erasmo Torres
T-1011,Taller Ahorro y Subsidio Habitacional,08/04/2024,albert.cortes.demo25237@yahoo.com,Albert Cortés
T-1016,Taller de Educación Financiera,16/12/2024,ana.romero.demo40647@gmail.com,Ana Romero
T-1039,Jornada Comités de Vivienda - Región Metropolitana,03/02/2025,gladys.miranda.demo21671@yahoo.com,Gladys Miranda
T-1012,Asamblea Informativa DS49,08/05/2023,hernan.rodriguez.demo4772@yahoo.com,Hernán Rodríguez
T-1038,Jornada Comités de Vivienda - Región Metropolitana,28/05/2025,hector.carmona.demo34271@hotmail.com,Héctor Carmona
T-1020,Charla: Déficit Habitacional en Chile,01/07/2025,alessandro.castillo.demo50269@yahoo.com,Alessandro Castillo
T-1003,Taller Ahorro y Subsidio Habitacional,10/09/2023,eduardo.araya.demo45122@outlook.com,Eduardo Araya
T-1039,Jornada Comités de Vivienda - Región Metropolitana,06/02/2026,pablo.tapia.demo26804@yahoo.com,Pablo Tapia
T-1058,Taller Subsidio Sectores Medios DS.01,17/04/2025,victoria.echeverria.demo46173@gmail.com,Victoria Echeverría
T-1051,Charla: Déficit Habitacional en Chile,09/11/2025,sofia.sepulveda.demo15646@yahoo.com,Sofía Sepúlveda
T-1043,Webinar: Cómo Postular al Subsidio Habitacional,21/03/2025,yoselin.leal.demo6744@outlook.com,Yoselin Leal
T-1037,Webinar: Cómo Postular al Subsidio Habitacional,04/10/2023,olga.jimenez.demo17706@hotmail.com,Olga Jiménez
T-1018,Taller de Postulación DS19 - Mayo 2026,28/02/2023,alvaro.ramirez.demo43091@hotmail.com,Álvaro Ramírez
T-1018,Taller de Educación Financiera,01/03/2026,victor.fuenzalida.demo11435@outlook.com,Víctor Fuenzalida
T-1045,Webinar: Cómo Postular al Subsidio Habitacional,29/03/2023,alison.zamorano.demo45432@hotmail.com,Alison Zamorano
T-1049,Asamblea Informativa DS49,28/08/2024,antonio.sepulveda.demo18143@yahoo.com,Antonio Sepúlveda
T-1014,Taller Ahorro y Subsidio Habitacional,23/11/2025,alejandro.soto.demo25696@hotmail.com,Alejandro Soto
T-1036,Asamblea Informativa DS49,14/03/2026,cecilia.silva.demo43334@hotmail.com,Cecilia Silva
T-1016,Taller Subsidio Sectores Medios DS.01,24/10/2023,juan.andrade.demo22392@hotmail.com,Juan Andrade
T-1048,Taller Subsidio Sectores Medios DS.01,22/10/2024,maria.salazar.demo13551@gmail.com,María Salazar
T-1042,Taller Ahorro y Subsidio Habitacional,04/03/2024,ivan.flores.demo49744@hotmail.com,Iván Flores
T-1040,Taller de Educación Financiera,06/03/2026,dante.salas.demo21634@hotmail.com,Dante Salas
T-1017,Webinar: Cómo Postular al Subsidio Habitacional,24/10/2024,jorge.armijo.demo34099@gmail.com,Jorge Armijo
T-1023,Taller Ahorro y Subsidio Habitacional,22/12/2024,cristian.ordenes.demo20742@hotmail.com,Cristian Órdenes
T-1054,Asamblea Informativa DS49,28/08/2023,georgina.beltran.demo32812@gmail.com,Georgina Beltrán
T-1057,Asamblea Informativa DS49,28/11/2023,jimena.saldana.demo41142@outlook.com,Jimena Saldaña
T-1003,Taller de Postulación DS19 - Mayo 2026,24/02/2023,catalina.gonzalez.demo46389@hotmail.com,Catalina González
T-1038,Jornada Comités de Vivienda - Región Metropolitana,25/06/2023,paulina.zurita.demo12396@hotmail.com,Paulina Zurita
T-1056,Taller Ahorro y Subsidio Habitacional,18/09/2023,patricia.escobar.demo29058@yahoo.com,Patricia Escobar
T-1024,Asamblea Informativa DS49,14/08/2025,gabriela.pena.demo51389@gmail.com,Gabriela Peña
T-1047,Taller de Postulación DS19 - Mayo 2026,11/11/2024,francisco.sepulveda.demo26989@hotmail.com,Francisco Sepúlveda
T-1024,Jornada Comités de Vivienda - Región Metropolitana,23/08/2024,francisco.zenteno.demo4182@yahoo.com,Francisco Zenteno
T-1030,Taller de Educación Financiera,07/03/2024,vicente.gonzalez.demo29757@gmail.com,Vicente González
T-1043,Webinar: Cómo Postular al Subsidio Habitacional,12/06/2025,ian.leal.demo9653@outlook.com,Ian Leal
T-1029,Webinar: Cómo Postular al Subsidio Habitacional,10/06/2024,alberto.castillo.demo7161@gmail.com,Alberto Castillo
T-1036,Jornada Comités de Vivienda - Región Metropolitana,02/04/2024,alonso.roa.demo5793@yahoo.com,Alonso Roa
T-1018,Taller Subsidio Sectores Medios DS.01,24/08/2023,danitza.salinas.demo13689@yahoo.com,Danitza Salinas
T-1049,Webinar: Cómo Postular al Subsidio Habitacional,04/10/2023,trinidad.gonzalez.demo37547@yahoo.com,Trinidad González
T-1005,Taller de Educación Financiera,23/11/2023,patricia.leon.demo50735@yahoo.com,Patricia León
T-1029,Taller Ahorro y Subsidio Habitacional,12/07/2023,veronica.oyarzun.demo39304@hotmail.com,Verónica Oyarzún
T-1043,Taller de Postulación DS19 - Mayo 2026,22/05/2024,ada.baez.demo30278@yahoo.com,Ada Baez
T-1016,Taller de Educación Financiera,03/02/2025,carolina.reyes.demo48844@yahoo.com,Carolina Reyes
T-1003,Taller de Educación Financiera,15/05/2026,juana.herrera.demo16514@hotmail.com,Juana Herrera
T-1016,Charla: Déficit Habitacional en Chile,18/06/2023,valentin.morales.demo27769@outlook.com,Valentín Morales
T-1032,Asamblea Informativa DS49,22/10/2025,eva.munoz.demo33954@gmail.com,Eva Muñoz
T-1053,Charla: Déficit Habitacional en Chile,04/05/2025,martina.araya.demo27051@gmail.com,Martina Araya
T-1032,Charla: Déficit Habitacional en Chile,01/06/2024,dario.chavez.demo2438@gmail.com,Darío Chávez
T-1009,Asamblea Informativa DS49,08/11/2025,hernan.ramos.demo20833@gmail.com,Hernán Ramos
T-1015,Charla: Déficit Habitacional en Chile,17/07/2024,hector.pardo.demo16707@hotmail.com,Héctor Pardo
T-1018,Taller de Educación Financiera,02/09/2023,bastian.guerrero.demo45478@outlook.com,Bastián Guerrero
T-1030,Asamblea Informativa DS49,22/01/2026,richard.quezada.demo32725@outlook.com,Richard Quezada
T-1000,Jornada Comités de Vivienda - Región Metropolitana,09/04/2024,maria.torres.demo37321@gmail.com,María Torres
T-1012,Taller de Postulación DS19 - Mayo 2026,06/02/2025,maria.barria.demo4826@hotmail.com,María Barría
T-1023,Taller de Educación Financiera,05/05/2025,tamara.espinosa.demo5453@hotmail.com,Tamara Espinosa
T-1026,Jornada Comités de Vivienda - Región Metropolitana,13/01/2024,amaro.hernandez.demo37046@gmail.com,Amaro Hernández
T-1059,Webinar: Cómo Postular al Subsidio Habitacional,03/05/2023,yessica.yanez.demo39555@gmail.com,Yessica Yáñez
T-1020,Taller Subsidio Sectores Medios DS.01,04/08/2024,sofia.lopez.demo40206@gmail.com,Sofía López
T-1059,Jornada Comités de Vivienda - Región Metropolitana,29/07/2024,maritza.gaete.demo35661@yahoo.com,Maritza Gaete
T-1001,Taller Ahorro y Subsidio Habitacional,03/09/2023,amalia.figueroa.demo26543@hotmail.com,Amalia Figueroa
T-1020,Jornada Comités de Vivienda - Región Metropolitana,04/05/2024,juan.cifuentes.demo30216@yahoo.com,Juan Cifuentes
T-1026,Charla: Déficit Habitacional en Chile,12/01/2023,leontina.soto.demo48194@gmail.com,Leontina Soto
T-1053,Jornada Comités de Vivienda - Región Metropolitana,18/10/2024,yamilet.matamala.demo7555@outlook.com,Yamilet Matamala
T-1042,Webinar: Cómo Postular al Subsidio Habitacional,13/10/2025,joaquin.arenas.demo38974@outlook.com,Joaquín Arenas
T-1021,Taller de Postulación DS19 - Mayo 2026,29/01/2024,luis.escobar.demo3208@yahoo.com,Luis Escobar
T-1000,Jornada Comités de Vivienda - Región Metropolitana,19/08/2024,maria.aravena.demo37313@gmail.com,María Aravena
T-1029,Taller Ahorro y Subsidio Habitacional,11/09/2024,mario.pasten.demo49248@yahoo.com,Mario Pastén
T-1016,Taller Ahorro y Subsidio Habitacional,07/09/2025,jose.naranjo.demo49443@yahoo.com,José Naranjo
T-1024,Webinar: Cómo Postular al Subsidio Habitacional,30/01/2023,mary.guzman.demo23032@yahoo.com,Mary Guzmán
T-1035,Jornada Comités de Vivienda - Región Metropolitana,08/07/2024,jennifer.valenzuela.demo44355@outlook.com,Jennifer Valenzuela
T-1002,Charla: Déficit Habitacional en Chile,28/01/2023,javiera.munoz.demo19605@outlook.com,Javiera Muñoz
T-1019,Taller de Postulación DS19 - Mayo 2026,19/04/2026,alejandro.galaz.demo25945@gmail.com,Alejandro Galaz
T-1029,Asamblea Informativa DS49,30/08/2023,adelaida.ferrada.demo7313@yahoo.com,Adelaida Ferrada
T-1024,Jornada Comités de Vivienda - Región Metropolitana,24/06/2023,silvia.rivas.demo39423@yahoo.com,Silvia Rivas
T-1050,Taller Subsidio Sectores Medios DS.01,21/08/2025,renato.molina.demo37254@hotmail.com,Renato Molina
T-1035,Taller Subsidio Sectores Medios DS.01,26/08/2025,cristina.correa.demo26458@hotmail.com,Cristina Correa
T-1039,Charla: Déficit Habitacional en Chile,31/01/2025,claudio.diaz.demo8325@hotmail.com,Claudio Díaz
T-1028,Taller Ahorro y Subsidio Habitacional,10/10/2025,hernan.silva.demo11047@yahoo.com,Hernán Silva
T-1026,Webinar: Cómo Postular al Subsidio Habitacional,06/03/2026,alessandro.romero.demo42891@outlook.com,Alessandro Romero
T-1039,Taller Ahorro y Subsidio Habitacional,06/01/2024,octavio.loyola.demo10808@gmail.com,Octavio Loyola
T-1027,Taller Ahorro y Subsidio Habitacional,25/05/2025,jessica.valenzuela.demo14446@yahoo.com,Jessica Valenzuela
T-1020,Jornada Comités de Vivienda - Región Metropolitana,21/04/2026,luisa.gomez.demo39785@gmail.com,Luisa Gómez
T-1007,Taller de Educación Financiera,28/03/2023,maximiliano.donoso.demo31148@hotmail.com,Maximiliano Donoso
T-1034,Taller Ahorro y Subsidio Habitacional,28/04/2026,sandra.morales.demo5039@outlook.com,Sandra Morales
T-1005,Taller de Postulación DS19 - Mayo 2026,29/09/2024,benjamin.munoz.demo18405@gmail.com,Benjamín Muñoz
T-1046,Taller Subsidio Sectores Medios DS.01,07/03/2025,ana.torres.demo42065@yahoo.com,Ana Torres
T-1032,Taller de Postulación DS19 - Mayo 2026,19/03/2025,carlos.rojas.demo24569@outlook.com,Carlos Rojas
T-1036,Taller Ahorro y Subsidio Habitacional,14/03/2025,marlene.almonacid.demo39598@hotmail.com,Marlene Almonacid
T-1030,Taller de Postulación DS19 - Mayo 2026,12/06/2024,sara.rojas.demo20009@hotmail.com,Sara Rojas
T-1008,Taller Ahorro y Subsidio Habitacional,29/06/2023,sara.pozo.demo4164@yahoo.com,Sara Pozo
T-1025,Asamblea Informativa DS49,01/10/2025,francisco.valenzuela.demo14425@outlook.com,Francisco Valenzuela
T-1009,Taller de Educación Financiera,08/05/2025,marina.lorca.demo48494@gmail.com,Marina Lorca
T-1002,Jornada Comités de Vivienda - Región Metropolitana,16/10/2023,diego.correa.demo25395@yahoo.com,Diego Correa
T-1006,Asamblea Informativa DS49,07/05/2023,sabina.guerra.demo5473@outlook.com,Sabina Guerra
T-1012,Charla: Déficit Habitacional en Chile,30/10/2025,luciano.parra.demo48621@gmail.com,Luciano Parra
T-1013,Charla: Déficit Habitacional en Chile,15/04/2026,ana.nunez.demo18891@hotmail.com,Ana Núñez
T-1056,Taller Subsidio Sectores Medios DS.01,18/11/2023,vicente.munoz.demo12955@outlook.com,Vicente Muñoz
T-1052,Taller de Educación Financiera,05/04/2024,georgina.nunez.demo13365@outlook.com,Georgina Núñez
T-1059,Taller Subsidio Sectores Medios DS.01,11/02/2024,ulises.perez.demo22204@gmail.com,Ulises Pérez
T-1027,Taller de Educación Financiera,29/11/2023,roberto.farias.demo15630@hotmail.com,Roberto Farías
T-1056,Taller de Educación Financiera,04/12/2024,zulema.plaza.demo22274@gmail.com,Zulema Plaza
T-1047,Charla: Déficit Habitacional en Chile,25/07/2023,raul.robles.demo40135@gmail.com,Raúl Robles
T-1027,Charla: Déficit Habitacional en Chile,02/01/2025,aaron.bustos.demo39600@gmail.com,Aarón Bustos
T-1037,Taller Ahorro y Subsidio Habitacional,16/06/2025,luis.contreras.demo27650@yahoo.com,Luis Contreras
T-1047,Webinar: Cómo Postular al Subsidio Habitacional,30/10/2023,jorge.bernal.demo40650@gmail.com,Jorge Bernal
T-1026,Webinar: Cómo Postular al Subsidio Habitacional,29/11/2023,sebastian.valdivia.demo26311@outlook.com,Sebastián Valdivia
T-1018,Taller Subsidio Sectores Medios DS.01,16/05/2023,pedro.farias.demo43898@yahoo.com,Pedro Farías
T-1006,Webinar: Cómo Postular al Subsidio Habitacional,04/06/2025,lorena.alvarez.demo43392@gmail.com,Lorena Álvarez
T-1049,Asamblea Informativa DS49,06/02/2025,elba.toledo.demo13442@gmail.com,Elba Toledo
T-1029,Taller de Educación Financiera,03/11/2023,katherinne.pizarro.demo24279@gmail.com,Katherinne Pizarro
T-1000,Jornada Comités de Vivienda - Región Metropolitana,14/01/2025,ana.leon.demo39556@outlook.com,Ana León
T-1014,Asamblea Informativa DS49,17/10/2025,pedro.sanchez.demo8249@yahoo.com,Pedro Sánchez
T-1039,Asamblea Informativa DS49,27/09/2023,juan.cisternas.demo51512@yahoo.com,Juan Cisternas
T-1036,Taller Ahorro y Subsidio Habitacional,29/05/2026,manuel.valdebenito.demo15936@outlook.com,Manuel Valdebenito
T-1000,Taller de Postulación DS19 - Mayo 2026,18/12/2023,rene.martinez.demo6516@hotmail.com,René Martínez
T-1030,Taller de Educación Financiera,15/08/2024,yohana.rojas.demo9374@yahoo.com,Yohana Rojas
T-1046,Taller Ahorro y Subsidio Habitacional,05/02/2023,julio.torres.demo32598@yahoo.com,Julio Torres
T-1046,Webinar: Cómo Postular al Subsidio Habitacional,11/05/2026,paula.carcamo.demo12858@yahoo.com,Paula Cárcamo
T-1049,Taller de Postulación DS19 - Mayo 2026,30/12/2025,ruben.serrano.demo4845@outlook.com,Rubén Serrano
T-1054,Webinar: Cómo Postular al Subsidio Habitacional,28/05/2024,matias.gomez.demo1927@hotmail.com,Matías Gómez
T-1030,Charla: Déficit Habitacional en Chile,01/04/2023,julio.riquelme.demo27622@hotmail.com,Julio Riquelme
T-1015,Taller de Educación Financiera,18/07/2024,viviana.seguel.demo33091@outlook.com,Viviana Seguel
T-1014,Jornada Comités de Vivienda - Región Metropolitana,19/01/2023,patricia.sandoval.demo11411@yahoo.com,Patricia Sandoval
T-1004,Taller de Educación Financiera,16/06/2024,beatriz.orellana.demo247@yahoo.com,Beatriz Orellana
T-1028,Webinar: Cómo Postular al Subsidio Habitacional,30/07/2024,iris.de la fuente.demo26777@outlook.com,Iris De La Fuente
T-1037,Asamblea Informativa DS49,31/01/2025,camila.diaz.demo3254@hotmail.com,Camila Díaz
T-1020,Taller de Postulación DS19 - Mayo 2026,09/08/2023,vicente.soto.demo3517@yahoo.com,Vicente Soto
T-1022,Jornada Comités de Vivienda - Región Metropolitana,21/10/2023,amparo.cabrera.demo24882@gmail.com,Amparo Cabrera
T-1025,Asamblea Informativa DS49,23/04/2025,antonella.zuniga.demo47640@gmail.com,Antonella Zúñiga
T-1015,Taller Ahorro y Subsidio Habitacional,11/05/2025,agustina.contreras.demo29161@gmail.com,Agustina Contreras
T-1043,Taller Ahorro y Subsidio Habitacional,11/10/2024,jose.sandoval.demo16924@gmail.com,José Sandoval
T-1001,Jornada Comités de Vivienda - Región Metropolitana,16/11/2023,marisol.tapia.demo14905@hotmail.com,Marisol Tapia
T-1048,Jornada Comités de Vivienda - Región Metropolitana,15/05/2025,carlos.guerra.demo41121@gmail.com,Carlos Guerra
T-1030,Taller de Educación Financiera,04/04/2026,jose.araya.demo34906@yahoo.com,José Araya
T-1031,Taller Ahorro y Subsidio Habitacional,03/05/2023,javier.castaneda.demo21395@yahoo.com,Javier Castañeda
T-1008,Taller Ahorro y Subsidio Habitacional,12/11/2024,sabina.barria.demo2456@outlook.com,Sabina Barría
T-1040,Asamblea Informativa DS49,19/11/2023,leslie.mondaca.demo31550@hotmail.com,Leslie Mondaca
T-1037,Asamblea Informativa DS49,21/01/2026,esteban.fuentes.demo24817@outlook.com,Esteban Fuentes
T-1048,Charla: Déficit Habitacional en Chile,30/09/2023,heraldo.ramirez.demo29327@hotmail.com,Heraldo Ramírez
T-1052,Asamblea Informativa DS49,10/05/2024,adela.flores.demo44510@outlook.com,Adela Flores
T-1005,Asamblea Informativa DS49,14/01/2026,melissa.gomez.demo38015@hotmail.com,Melissa Gómez
T-1019,Taller de Postulación DS19 - Mayo 2026,17/12/2023,maria.poblete.demo9545@gmail.com,María Poblete
T-1048,Webinar: Cómo Postular al Subsidio Habitacional,05/04/2024,tomas.lopez.demo21775@yahoo.com,Tomás López
T-1047,Taller Subsidio Sectores Medios DS.01,14/12/2025,maria.alvarez.demo7996@outlook.com,María Álvarez
T-1049,Webinar: Cómo Postular al Subsidio Habitacional,05/03/2024,sandra.fuenzalida.demo1535@yahoo.com,Sandra Fuenzalida
T-1005,Taller de Educación Financiera,25/03/2024,madeleine.villalobos.demo502@outlook.com,Madeleine Villalobos
T-1015,Taller de Postulación DS19 - Mayo 2026,08/08/2025,maria.moyano.demo23683@outlook.com,María Moyano
T-1059,Jornada Comités de Vivienda - Región Metropolitana,18/10/2025,dylan.zamora.demo28030@outlook.com,Dylan Zamora
T-1022,Taller Ahorro y Subsidio Habitacional,18/01/2023,amanda.marambio.demo31935@yahoo.com,Amanda Marambio
T-1019,Asamblea Informativa DS49,21/01/2024,tania.suazo.demo46879@gmail.com,Tania Suazo
T-1020,Taller de Educación Financiera,02/03/2026,felipe.medina.demo40773@gmail.com,Felipe Medina
T-1040,Jornada Comités de Vivienda - Región Metropolitana,02/02/2025,carlos.roman.demo23191@gmail.com,Carlos Román
T-1019,Taller de Educación Financiera,27/02/2024,jacqueline.munoz.demo7434@hotmail.com,Jacqueline Muñoz
T-1055,Asamblea Informativa DS49,04/10/2023,consuelo.leyton.demo19822@hotmail.com,Consuelo Leyton
T-1058,Charla: Déficit Habitacional en Chile,28/11/2023,angelo.cabello.demo35968@outlook.com,Angelo Cabello
T-1051,Taller de Postulación DS19 - Mayo 2026,12/02/2023,pascal.pereira.demo17652@yahoo.com,Pascal Pereira
T-1046,Asamblea Informativa DS49,06/12/2025,sara.alfaro.demo51263@yahoo.com,Sara Alfaro
T-1011,Charla: Déficit Habitacional en Chile,22/02/2024,jorge.hernandez.demo18994@hotmail.com,Jorge Hernández
T-1055,Taller Subsidio Sectores Medios DS.01,03/03/2023,elena.aguilar.demo38387@gmail.com,Elena Aguilar
T-1047,Taller de Postulación DS19 - Mayo 2026,30/09/2024,vicente.arenas.demo36940@hotmail.com,Vicente Arenas
T-1004,Taller de Educación Financiera,05/09/2025,alice.castillo.demo37431@yahoo.com,Alice Castillo
T-1023,Taller de Postulación DS19 - Mayo 2026,20/04/2025,yesenia.zuniga.demo38967@hotmail.com,Yesenia Zúñiga
T-1040,Asamblea Informativa DS49,02/08/2024,edward.segura.demo37020@outlook.com,Edward Segura
T-1004,Taller Subsidio Sectores Medios DS.01,07/05/2026,patricio.lillo.demo41647@gmail.com,Patricio Lillo
T-1044,Taller de Educación Financiera,16/12/2024,pascale.vera.demo36345@gmail.com,Pascale Vera
T-1037,Asamblea Informativa DS49,04/02/2023,fabian.guerrero.demo1589@gmail.com,Fabián Guerrero
T-1001,Taller de Educación Financiera,19/11/2024,manuel.fuentes.demo49322@yahoo.com,Manuel Fuentes
T-1019,Webinar: Cómo Postular al Subsidio Habitacional,17/07/2024,gabriela.valenzuela.demo16028@outlook.com,Gabriela Valenzuela
T-1056,Jornada Comités de Vivienda - Región Metropolitana,24/04/2026,benjamin.pinto.demo15991@outlook.com,Benjamín Pinto
T-1011,Taller de Educación Financiera,05/04/2023,joaquin.sandoval.demo12742@gmail.com,Joaquín Sandoval
T-1018,Webinar: Cómo Postular al Subsidio Habitacional,07/10/2024,luisa.lillo.demo26524@outlook.com,Luisa Lillo
T-1057,Taller Ahorro y Subsidio Habitacional,20/05/2023,joaquin.tapia.demo20135@yahoo.com,Joaquín Tapia
T-1041,Taller de Postulación DS19 - Mayo 2026,24/10/2023,ian.soto.demo31781@hotmail.com,Ian Soto
T-1006,Webinar: Cómo Postular al Subsidio Habitacional,22/07/2023,eliana.segovia.demo4423@gmail.com,Eliana Segovia
T-1022,Jornada Comités de Vivienda - Región Metropolitana,20/08/2025,luis.leal.demo651@hotmail.com,Luis Leal
T-1001,Taller de Educación Financiera,10/04/2024,elias.gonzalez.demo11967@outlook.com,Elías González
T-1030,Jornada Comités de Vivienda - Región Metropolitana,13/11/2024,javiera.segovia.demo47152@outlook.com,Javiera Segovia
T-1050,Taller Subsidio Sectores Medios DS.01,05/12/2023,diego.fernandez.demo42652@hotmail.com,Diego Fernández
T-1034,Charla: Déficit Habitacional en Chile,01/05/2025,ernestina.ruiz.demo44208@gmail.com,Ernestina Ruiz
T-1027,Jornada Comités de Vivienda - Región Metropolitana,28/04/2026,maria.valdes.demo42815@gmail.com,María Valdés
T-1011,Asamblea Informativa DS49,23/11/2025,trinidad.mendoza.demo39039@outlook.com,Trinidad Mendoza
T-1020,Asamblea Informativa DS49,13/10/2023,maria.manriquez.demo30248@yahoo.com,María Manríquez
T-1024,Taller Ahorro y Subsidio Habitacional,21/12/2025,yasna.araya.demo15707@hotmail.com,Yasna Araya
T-1045,Taller Subsidio Sectores Medios DS.01,26/04/2024,patricia.guerrero.demo8770@gmail.com,Patricia Guerrero
T-1058,Taller de Postulación DS19 - Mayo 2026,08/01/2024,daniel.gonzalez.demo24320@yahoo.com,Daniel González
T-1004,Taller de Postulación DS19 - Mayo 2026,12/09/2025,alejandro.pizarro.demo14419@hotmail.com,Alejandro Pizarro
T-1049,Charla: Déficit Habitacional en Chile,27/08/2024,paola.urbina.demo27326@yahoo.com,Paola Urbina
T-1001,Charla: Déficit Habitacional en Chile,02/08/2023,juan.canales.demo44146@outlook.com,Juan Canales
T-1046,Jornada Comités de Vivienda - Región Metropolitana,11/03/2025,valentina.martinez.demo11631@yahoo.com,Valentina Martínez
T-1009,Asamblea Informativa DS49,17/07/2023,ricardo.riveros.demo46039@outlook.com,Ricardo Riveros
T-1010,Taller de Educación Financiera,26/03/2026,victoria.rojas.demo14124@yahoo.com,Victoria Rojas
T-1035,Webinar: Cómo Postular al Subsidio Habitacional,15/08/2024,jaime.lopez.demo50242@yahoo.com,Jaime López
T-1037,Jornada Comités de Vivienda - Región Metropolitana,01/03/2023,edita.martinez.demo2443@yahoo.com,Edita Martínez
T-1012,Taller de Educación Financiera,01/06/2023,sandra.munoz.demo33630@yahoo.com,Sandra Muñoz
T-1014,Jornada Comités de Vivienda - Región Metropolitana,21/03/2024,monserrat.villarroel.demo40990@yahoo.com,Monserrat Villarroel
T-1016,Asamblea Informativa DS49,13/03/2023,maria.castro.demo47011@gmail.com,María Castro
T-1039,Webinar: Cómo Postular al Subsidio Habitacional,26/05/2026,carmen.gonzalez.demo20519@gmail.com,Carmen González
T-1054,Webinar: Cómo Postular al Subsidio Habitacional,12/09/2025,edward.valderrama.demo15888@yahoo.com,Edward Valderrama
T-1026,Taller de Postulación DS19 - Mayo 2026,19/11/2023,angel.navarro.demo40361@yahoo.com,Ángel Navarro
T-1057,Asamblea Informativa DS49,13/11/2023,manuel.araneda.demo25562@yahoo.com,Manuel Araneda
T-1011,Taller de Educación Financiera,26/11/2023,francis.barria.demo31662@yahoo.com,Francis Barría
T-1022,Taller Subsidio Sectores Medios DS.01,24/09/2024,hilda.moya.demo40487@outlook.com,Hilda Moya
T-1052,Taller Ahorro y Subsidio Habitacional,24/02/2024,guillermo.garrido.demo35637@yahoo.com,Guillermo Garrido
T-1035,Asamblea Informativa DS49,09/08/2024,guillermo.jofre.demo33496@hotmail.com,Guillermo Jofré
T-1008,Taller Subsidio Sectores Medios DS.01,07/04/2025,sylvia.salas.demo22540@outlook.com,Sylvia Salas
T-1040,Taller Subsidio Sectores Medios DS.01,22/06/2024,maria.oyarzun.demo2451@yahoo.com,María Oyarzún
T-1005,Taller Subsidio Sectores Medios DS.01,13/11/2025,harold.ramirez.demo9221@hotmail.com,Harold Ramírez
T-1020,Taller Subsidio Sectores Medios DS.01,10/02/2026,maria.vera.demo15666@outlook.com,María Vera
T-1039,Webinar: Cómo Postular al Subsidio Habitacional,11/10/2025,margarita.mella.demo26215@outlook.com,Margarita Mella
T-1043,Asamblea Informativa DS49,17/06/2023,monica.moreno.demo9204@hotmail.com,Mónica Moreno
T-1031,Taller Subsidio Sectores Medios DS.01,06/07/2023,manuel.inostroza.demo11484@yahoo.com,Manuel Inostroza
T-1004,Taller de Educación Financiera,31/12/2025,constanza.cifuentes.demo8847@outlook.com,Constanza Cifuentes
T-1031,Taller Ahorro y Subsidio Habitacional,12/03/2026,raul.roman.demo46755@gmail.com,Raúl Román
T-1052,Jornada Comités de Vivienda - Región Metropolitana,21/11/2024,yessica.guzman.demo46258@outlook.com,Yessica Guzmán
T-1008,Taller de Educación Financiera,22/01/2024,jose.peralta.demo29950@yahoo.com,José Peralta
T-1014,Taller de Postulación DS19 - Mayo 2026,05/10/2023,michelle.maldonado.demo51071@outlook.com,Michelle Maldonado
T-1041,Jornada Comités de Vivienda - Región Metropolitana,03/10/2023,yeison.vera.demo47672@gmail.com,Yeison Vera
T-1017,Taller Ahorro y Subsidio Habitacional,14/06/2023,marisol.celis.demo25967@outlook.com,Marisol Celis
T-1059,Taller Subsidio Sectores Medios DS.01,20/04/2025,camila.silva.demo42103@outlook.com,Camila Silva
T-1016,Taller Subsidio Sectores Medios DS.01,29/11/2024,luis.brito.demo30097@outlook.com,Luis Brito
T-1041,Asamblea Informativa DS49,24/08/2023,juan.cisterna.demo46859@outlook.com,Juan Cisterna
T-1012,Charla: Déficit Habitacional en Chile,28/05/2024,kevin.padilla.demo46948@hotmail.com,Kevin Padilla
T-1051,Taller Subsidio Sectores Medios DS.01,09/02/2023,roxana.orellana.demo36098@yahoo.com,Roxana Orellana
T-1004,Jornada Comités de Vivienda - Región Metropolitana,07/06/2024,abraham.vivanco.demo18131@outlook.com,Abraham Vivanco
T-1032,Taller de Educación Financiera,29/07/2025,claudio.martinez.demo47413@yahoo.com,Claudio Martínez
T-1032,Taller de Postulación DS19 - Mayo 2026,22/01/2025,diego.veliz.demo42413@yahoo.com,Diego Véliz
T-1038,Taller de Postulación DS19 - Mayo 2026,02/09/2025,lilian.rocha.demo17825@hotmail.com,Lilian Rocha
T-1032,Taller de Postulación DS19 - Mayo 2026,20/06/2024,cristofer.trujillo.demo51077@outlook.com,Cristofer Trujillo
T-1030,Taller de Postulación DS19 - Mayo 2026,13/06/2025,valentin.toledo.demo7894@outlook.com,Valentín Toledo
T-1011,Taller Ahorro y Subsidio Habitacional,11/02/2026,lucia.contreras.demo48776@yahoo.com,Lucía Contreras
T-1000,Taller de Educación Financiera,22/11/2023,silvia.gajardo.demo14024@gmail.com,Silvia Gajardo
T-1027,Taller de Postulación DS19 - Mayo 2026,07/08/2024,miriam.barria.demo24374@outlook.com,Miriam Barría
T-1049,Webinar: Cómo Postular al Subsidio Habitacional,25/11/2023,denisse.uribe.demo39835@gmail.com,Denisse Uribe
T-1018,Jornada Comités de Vivienda - Región Metropolitana,04/12/2025,maria.herrera.demo42530@outlook.com,María Herrera
T-1006,Taller de Postulación DS19 - Mayo 2026,27/03/2023,monica.esparza.demo36462@outlook.com,Mónica Esparza
T-1013,Taller Ahorro y Subsidio Habitacional,14/06/2025,anais.gutierrez.demo3815@hotmail.com,Anaís Gutiérrez
T-1006,Taller de Postulación DS19 - Mayo 2026,27/12/2023,maria.venegas.demo17049@yahoo.com,María Venegas
T-1039,Taller Subsidio Sectores Medios DS.01,04/05/2025,carlos.sepulveda.demo36803@hotmail.com,Carlos Sepúlveda
T-1056,Charla: Déficit Habitacional en Chile,13/06/2024,rosa.lagos.demo40744@gmail.com,Rosa Lagos
T-1041,Jornada Comités de Vivienda - Región Metropolitana,09/06/2025,vicente.diaz.demo4333@outlook.com,Vicente Díaz
T-1016,Webinar: Cómo Postular al Subsidio Habitacional,05/04/2025,gilda.gonzalez.demo22445@hotmail.com,Gilda González
T-1044,Taller Ahorro y Subsidio Habitacional,17/10/2025,cristian.vergara.demo22443@outlook.com,Cristian Vergara
T-1030,Taller Ahorro y Subsidio Habitacional,06/01/2024,soledad.villanueva.demo33728@gmail.com,Soledad Villanueva
T-1007,Charla: Déficit Habitacional en Chile,29/08/2024,amanda.abarca.demo8968@gmail.com,Amanda Abarca
T-1042,Taller Subsidio Sectores Medios DS.01,14/05/2023,angel.herrera.demo15080@yahoo.com,Ángel Herrera
T-1019,Webinar: Cómo Postular al Subsidio Habitacional,01/01/2024,jose.ayala.demo4427@hotmail.com,José Ayala
T-1003,Asamblea Informativa DS49,29/12/2023,ana.gonzalez.demo794@outlook.com,Ana González
T-1047,Asamblea Informativa DS49,30/05/2026,maria.uribe.demo41665@gmail.com,María Uribe
T-1022,Taller de Postulación DS19 - Mayo 2026,09/11/2025,maria.rubio.demo38489@outlook.com,María Rubio
T-1040,Taller Subsidio Sectores Medios DS.01,24/03/2024,claudia.henriquez.demo45038@gmail.com,Claudia Henríquez
T-1059,Webinar: Cómo Postular al Subsidio Habitacional,04/01/2026,lisette.espinoza.demo49383@outlook.com,Lisette Espinoza
T-1024,Charla: Déficit Habitacional en Chile,03/08/2024,beatriz.gonzalez.demo8291@outlook.com,Beatriz González
T-1029,Webinar: Cómo Postular al Subsidio Habitacional,17/09/2024,liliana.contreras.demo38998@yahoo.com,Liliana Contreras
T-1047,Webinar: Cómo Postular al Subsidio Habitacional,21/03/2025,lucas.marin.demo8865@yahoo.com,Lucas Marín
T-1027,Asamblea Informativa DS49,25/10/2025,elena.oyarzun.demo36541@yahoo.com,Elena Oyarzún
T-1053,Webinar: Cómo Postular al Subsidio Habitacional,28/08/2025,delfina.machuca.demo32788@hotmail.com,Delfina Machuca
T-1021,Taller de Postulación DS19 - Mayo 2026,25/05/2025,teresa.silva.demo24801@outlook.com,Teresa Silva
T-1029,Asamblea Informativa DS49,13/02/2024,fernando.catalan.demo13751@yahoo.com,Fernando Catalán
T-1031,Taller de Postulación DS19 - Mayo 2026,23/09/2024,ruth.romero.demo13136@gmail.com,Ruth Romero
T-1029,Taller de Educación Financiera,11/04/2024,maria.mardones.demo40352@gmail.com,María Mardones
T-1029,Taller Subsidio Sectores Medios DS.01,20/05/2025,alejandra.nunez.demo28659@outlook.com,Alejandra Núñez
T-1028,Webinar: Cómo Postular al Subsidio Habitacional,04/01/2024,rene.lagos.demo29851@hotmail.com,René Lagos
T-1012,Jornada Comités de Vivienda - Región Metropolitana,09/02/2026,jose.berrios.demo10220@gmail.com,José Berríos
T-1001,Taller de Postulación DS19 - Mayo 2026,05/03/2023,claudia.salazar.demo24434@yahoo.com,Claudia Salazar
T-1018,Taller Subsidio Sectores Medios DS.01,11/10/2024,pamela.valderrama.demo36362@hotmail.com,Pamela Valderrama
T-1039,Taller de Educación Financiera,17/07/2023,karen.de la fuente.demo21308@hotmail.com,Karen De La Fuente
T-1036,Jornada Comités de Vivienda - Región Metropolitana,18/12/2024,luis.santana.demo32471@yahoo.com,Luis Santana
T-1035,Charla: Déficit Habitacional en Chile,03/08/2024,juan.suarez.demo16551@hotmail.com,Juan Suárez
T-1033,Jornada Comités de Vivienda - Región Metropolitana,18/08/2024,macarena.cisterna.demo8781@outlook.com,Macarena Cisterna
T-1013,Taller de Postulación DS19 - Mayo 2026,30/06/2023,yanet.catalan.demo1100@yahoo.com,Yanet Catalán
T-1033,Jornada Comités de Vivienda - Región Metropolitana,29/04/2023,javiera.toledo.demo30250@hotmail.com,Javiera Toledo
T-1021,Taller de Postulación DS19 - Mayo 2026,12/10/2025,isabel.barria.demo17897@hotmail.com,Isabel Barría
T-1020,Taller Ahorro y Subsidio Habitacional,01/05/2026,fernanda.bernal.demo27742@outlook.com,Fernanda Bernal
T-1017,Charla: Déficit Habitacional en Chile,21/01/2025,diego.marin.demo17874@gmail.com,Diego Marín
T-1023,Taller Ahorro y Subsidio Habitacional,02/01/2024,alexandra.jara.demo44790@yahoo.com,Alexandra Jara
T-1053,Asamblea Informativa DS49,09/08/2023,luisa.canales.demo23811@hotmail.com,Luisa Canales
T-1001,Taller Ahorro y Subsidio Habitacional,10/01/2026,simon.lara.demo4951@yahoo.com,Simón Lara
T-1049,Taller de Postulación DS19 - Mayo 2026,02/03/2025,jorge.rojas.demo47526@outlook.com,Jorge Rojas
T-1033,Taller Subsidio Sectores Medios DS.01,14/10/2025,daniela.cordova.demo41530@hotmail.com,Daniela Córdova
T-1033,Taller Ahorro y Subsidio Habitacional,13/02/2024,luis.cortes.demo30201@yahoo.com,Luis Cortés
T-1006,Taller de Educación Financiera,29/05/2024,diego.mamani.demo14701@yahoo.com,Diego Mamani
T-1027,Taller de Postulación DS19 - Mayo 2026,01/08/2024,samuel.contreras.demo34576@gmail.com,Samuel Contreras
T-1010,Webinar: Cómo Postular al Subsidio Habitacional,28/11/2023,isabella.droguett.demo29456@gmail.com,Isabella Droguett
T-1051,Asamblea Informativa DS49,16/05/2026,barbara.bustamante.demo29442@yahoo.com,Bárbara Bustamante
T-1028,Jornada Comités de Vivienda - Región Metropolitana,08/06/2025,monica.soto.demo4667@yahoo.com,Mónica Soto
T-1056,Webinar: Cómo Postular al Subsidio Habitacional,03/06/2023,javier.fernandez.demo50331@yahoo.com,Javier Fernández
T-1024,Asamblea Informativa DS49,26/06/2025,maria.araya.demo23914@yahoo.com,María Araya
T-1053,Webinar: Cómo Postular al Subsidio Habitacional,02/05/2026,soledad.cortes.demo44224@gmail.com,Soledad Cortés
T-1053,Charla: Déficit Habitacional en Chile,22/08/2023,axel.plaza.demo6612@hotmail.com,Axel Plaza
T-1037,Jornada Comités de Vivienda - Región Metropolitana,14/06/2024,eduardo.saavedra.demo51072@hotmail.com,Eduardo Saavedra
T-1007,Taller Subsidio Sectores Medios DS.01,07/01/2024,rosa.vega.demo15697@yahoo.com,Rosa Vega
T-1050,Asamblea Informativa DS49,16/02/2024,alamiro.leiva.demo41816@hotmail.com,Alamiro Leiva
T-1031,Jornada Comités de Vivienda - Región Metropolitana,11/03/2024,luisa.valenzuela.demo22353@hotmail.com,Luisa Valenzuela
T-1042,Taller Subsidio Sectores Medios DS.01,15/05/2026,maria.navarro.demo30158@yahoo.com,María Navarro
T-1002,Taller de Postulación DS19 - Mayo 2026,30/05/2025,alejandro.valenzuela.demo47995@yahoo.com,Alejandro Valenzuela
T-1047,Charla: Déficit Habitacional en Chile,28/06/2024,tamara.barra.demo50381@gmail.com,Tamara Barra
T-1021,Asamblea Informativa DS49,19/09/2024,natalia.cespedes.demo18844@outlook.com,Natalia Céspedes
T-1008,Charla: Déficit Habitacional en Chile,30/08/2024,florencia.veliz.demo15180@gmail.com,Florencia Véliz
T-1037,Asamblea Informativa DS49,28/03/2024,diana.martinez.demo51968@gmail.com,Diana Martínez
T-1035,Jornada Comités de Vivienda - Región Metropolitana,03/08/2024,ivonne.labra.demo46268@hotmail.com,Ivonne Labra
T-1056,Charla: Déficit Habitacional en Chile,11/03/2026,domingo.zavala.demo37023@gmail.com,Domingo Zavala
T-1050,Asamblea Informativa DS49,07/12/2025,pascual.guzman.demo46003@hotmail.com,Pascual Guzmán
T-1007,Jornada Comités de Vivienda - Región Metropolitana,26/04/2024,alejandro.espinoza.demo27576@gmail.com,Alejandro Espinoza
T-1056,Charla: Déficit Habitacional en Chile,13/04/2023,laura.torres.demo14949@outlook.com,Laura Torres
T-1046,Taller Subsidio Sectores Medios DS.01,28/03/2023,carlos.martinez.demo27750@gmail.com,Carlos Martínez
T-1047,Taller Ahorro y Subsidio Habitacional,13/08/2024,maria.zamora.demo22973@hotmail.com,María Zamora
T-1043,Asamblea Informativa DS49,23/01/2026,oscar.herrera.demo26931@hotmail.com,Oscar Herrera
T-1028,Taller de Postulación DS19 - Mayo 2026,19/12/2025,martina.abarca.demo20267@gmail.com,Martina Abarca
T-1020,Jornada Comités de Vivienda - Región Metropolitana,06/06/2024,elena.ibanez.demo3915@outlook.com,Elena Ibáñez
T-1007,Charla: Déficit Habitacional en Chile,12/07/2023,carlos.godoy.demo27582@gmail.com,Carlos Godoy
T-1036,Jornada Comités de Vivienda - Región Metropolitana,23/03/2026,ramon.venegas.demo38540@hotmail.com,Ramón Venegas
T-1011,Taller Subsidio Sectores Medios DS.01,01/02/2024,tomas.reyes.demo2542@gmail.com,Tomás Reyes
T-1058,Webinar: Cómo Postular al Subsidio Habitacional,03/08/2025,arturo.munoz.demo10646@gmail.com,Arturo Muñoz
T-1031,Taller Subsidio Sectores Medios DS.01,29/11/2023,diego.rodriguez.demo19733@yahoo.com,Diego Rodríguez
T-1027,Taller Subsidio Sectores Medios DS.01,03/05/2025,gloria.bravo.demo3050@gmail.com,Gloria Bravo
T-1033,Jornada Comités de Vivienda - Región Metropolitana,03/05/2026,diego.rodriguez.demo43211@yahoo.com,Diego Rodríguez
T-1057,Charla: Déficit Habitacional en Chile,12/04/2026,franco.diaz.demo44037@yahoo.com,Franco Díaz
T-1019,Taller de Postulación DS19 - Mayo 2026,21/04/2024,guillermo.barrientos.demo49651@hotmail.com,Guillermo Barrientos
T-1008,Taller de Postulación DS19 - Mayo 2026,12/04/2025,ana.vilches.demo41249@yahoo.com,Ana Vilches
T-1034,Taller Ahorro y Subsidio Habitacional,03/01/2024,sebastian.garcia.demo28460@hotmail.com,Sebastián García
T-1051,Taller Subsidio Sectores Medios DS.01,14/08/2023,arturo.armijo.demo44104@yahoo.com,Arturo Armijo
T-1029,Taller de Postulación DS19 - Mayo 2026,17/12/2025,graciela.vega.demo38811@yahoo.com,Graciela Vega
T-1000,Jornada Comités de Vivienda - Región Metropolitana,25/03/2023,luis.mondaca.demo2994@hotmail.com,Luis Mondaca
T-1056,Taller Ahorro y Subsidio Habitacional,04/02/2024,bernardita.ramos.demo5463@hotmail.com,Bernardita Ramos
T-1030,Webinar: Cómo Postular al Subsidio Habitacional,10/05/2023,max.medina.demo29108@gmail.com,Max Medina
T-1043,Jornada Comités de Vivienda - Región Metropolitana,04/10/2025,agustina.nunez.demo38763@hotmail.com,Agustina Núñez
T-1017,Taller Subsidio Sectores Medios DS.01,08/02/2025,oscar.ponce.demo26979@gmail.com,Oscar Ponce
T-1009,Taller Subsidio Sectores Medios DS.01,12/07/2023,sergio.cortez.demo7185@hotmail.com,Sergio Cortez
T-1032,Jornada Comités de Vivienda - Región Metropolitana,01/12/2023,maria.gonzalez.demo2661@hotmail.com,María González
T-1039,Charla: Déficit Habitacional en Chile,21/08/2024,luis.saavedra.demo35352@hotmail.com,Luis Saavedra
T-1049,Charla: Déficit Habitacional en Chile,12/03/2023,cintia.palma.demo42494@hotmail.com,Cintia Palma
T-1024,Charla: Déficit Habitacional en Chile,05/06/2025,juan.munoz.demo613@outlook.com,Juan Muñoz
T-1027,Webinar: Cómo Postular al Subsidio Habitacional,20/08/2024,emilio.aguila.demo19522@hotmail.com,Emilio Águila
T-1014,Taller Ahorro y Subsidio Habitacional,15/01/2025,raquel.alvarez.demo10665@gmail.com,Raquel Álvarez
T-1039,Asamblea Informativa DS49,08/10/2025,danilo.contreras.demo12357@yahoo.com,Danilo Contreras
T-1034,Taller Subsidio Sectores Medios DS.01,04/07/2024,carlos.munoz.demo43382@gmail.com,Carlos Muñoz
T-1025,Taller de Educación Financiera,10/05/2026,maria.gomez.demo45191@outlook.com,María Gómez
T-1048,Webinar: Cómo Postular al Subsidio Habitacional,02/02/2025,juan.castro.demo26378@gmail.com,Juan Castro
T-1047,Taller Subsidio Sectores Medios DS.01,07/04/2024,raul.pincheira.demo25619@outlook.com,Raúl Pincheira
T-1045,Charla: Déficit Habitacional en Chile,13/01/2024,jose.campos.demo26179@yahoo.com,José Campos
T-1030,Taller de Educación Financiera,26/09/2025,hernan.meza.demo753@hotmail.com,Hernán Meza
T-1004,Taller de Educación Financiera,04/11/2024,camila.inostroza.demo20891@hotmail.com,Camila Inostroza
T-1020,Taller de Educación Financiera,23/04/2026,fredy.venegas.demo4497@outlook.com,Fredy Venegas
T-1041,Taller Ahorro y Subsidio Habitacional,16/05/2024,vanessa.castro.demo32538@hotmail.com,Vanessa Castro
T-1050,Webinar: Cómo Postular al Subsidio Habitacional,30/04/2025,juan.alvarez.demo20854@hotmail.com,Juan Álvarez
T-1029,Taller Ahorro y Subsidio Habitacional,25/02/2026,ernesto.acevedo.demo20718@outlook.com,Ernesto Acevedo
T-1006,Webinar: Cómo Postular al Subsidio Habitacional,22/07/2023,pablo.soto.demo22289@yahoo.com,Pablo Soto
T-1012,Webinar: Cómo Postular al Subsidio Habitacional,14/10/2023,yoselin.martinez.demo18094@gmail.com,Yoselin Martínez
T-1007,Taller Subsidio Sectores Medios DS.01,04/04/2026,pamela.fuentes.demo39152@outlook.com,Pamela Fuentes
T-1012,Taller Subsidio Sectores Medios DS.01,25/02/2024,trinidad.gonzalez.demo46289@gmail.com,Trinidad González
T-1042,Charla: Déficit Habitacional en Chile,29/11/2023,veronica.suarez.demo4075@outlook.com,Verónica Suárez
T-1059,Charla: Déficit Habitacional en Chile,12/09/2024,marisel.mendez.demo19803@gmail.com,Marisel Méndez
T-1052,Webinar: Cómo Postular al Subsidio Habitacional,17/02/2024,mauricio.munoz.demo9256@yahoo.com,Mauricio Muñoz
T-1028,Taller de Educación Financiera,15/02/2024,john.pacheco.demo20509@yahoo.com,John Pacheco
T-1042,Taller Ahorro y Subsidio Habitacional,21/07/2024,ricardo.gonzalez.demo21755@outlook.com,Ricardo González
T-1014,Charla: Déficit Habitacional en Chile,21/12/2023,cristian.gallardo.demo10455@hotmail.com,Cristian Gallardo
T-1042,Taller Ahorro y Subsidio Habitacional,15/02/2025,patricio.pardo.demo31184@outlook.com,Patricio Pardo
T-1017,Taller Subsidio Sectores Medios DS.01,22/01/2024,ruben.zuniga.demo30239@gmail.com,Rubén Zúñiga
T-1042,Taller Subsidio Sectores Medios DS.01,23/01/2026,eleodoro.fuentes.demo27701@gmail.com,Eleodoro Fuentes
T-1014,Taller de Postulación DS19 - Mayo 2026,13/06/2023,marcela.zepeda.demo21764@yahoo.com,Marcela Zepeda
T-1014,Charla: Déficit Habitacional en Chile,10/03/2023,sebastian.miranda.demo33412@yahoo.com,Sebastián Miranda
T-1057,Jornada Comités de Vivienda - Región Metropolitana,21/03/2026,jaime.lopez.demo18090@gmail.com,Jaime López
T-1045,Taller de Postulación DS19 - Mayo 2026,27/01/2023,juan.pinto.demo40701@hotmail.com,Juan Pinto
T-1035,Taller Subsidio Sectores Medios DS.01,12/07/2025,pamela.sanchez.demo25759@hotmail.com,Pamela Sánchez
T-1034,Webinar: Cómo Postular al Subsidio Habitacional,30/12/2024,cristopher.urzua.demo26056@hotmail.com,Cristopher Urzúa
T-1000,Taller de Educación Financiera,05/09/2023,luis.vasquez.demo14952@yahoo.com,Luis Vásquez
T-1048,Asamblea Informativa DS49,04/05/2024,iris.salgado.demo44553@gmail.com,Iris Salgado
T-1020,Jornada Comités de Vivienda - Región Metropolitana,11/10/2024,francisco.carrasco.demo32065@hotmail.com,Francisco Carrasco
T-1048,Taller de Educación Financiera,15/03/2026,jaime.aguirre.demo2614@yahoo.com,Jaime Aguirre
T-1020,Taller de Postulación DS19 - Mayo 2026,10/08/2025,daniela.silva.demo8129@hotmail.com,Daniela Silva
T-1031,Taller Ahorro y Subsidio Habitacional,20/04/2025,joaquin.munoz.demo3746@gmail.com,Joaquín Muñoz
T-1026,Webinar: Cómo Postular al Subsidio Habitacional,27/11/2023,aldo.lopez.demo7355@gmail.com,Aldo López
T-1053,Taller Ahorro y Subsidio Habitacional,02/05/2025,camilo.leiva.demo20863@hotmail.com,Camilo Leiva
T-1017,Taller de Educación Financiera,07/03/2025,edith.carvajal.demo32346@gmail.com,Edith Carvajal
T-1014,Webinar: Cómo Postular al Subsidio Habitacional,20/07/2023,julian.venegas.demo13805@yahoo.com,Julián Venegas
T-1000,Asamblea Informativa DS49,27/01/2024,trinidad.pena.demo49211@hotmail.com,Trinidad Peña
T-1008,Taller de Postulación DS19 - Mayo 2026,14/10/2023,jose.castro.demo19351@yahoo.com,José Castro
T-1044,Taller de Educación Financiera,12/07/2025,patricia.perez.demo45092@gmail.com,Patricia Pérez
T-1046,Webinar: Cómo Postular al Subsidio Habitacional,30/03/2023,maria.lizana.demo21117@hotmail.com,María Lizana
T-1019,Webinar: Cómo Postular al Subsidio Habitacional,26/04/2025,herminda.villagran.demo10156@outlook.com,Herminda Villagrán
T-1058,Taller de Educación Financiera,31/01/2025,marcelo.luengo.demo21024@outlook.com,Marcelo Luengo
T-1046,Taller de Postulación DS19 - Mayo 2026,19/02/2026,pamela.cifuentes.demo28603@outlook.com,Pamela Cifuentes
T-1040,Taller Ahorro y Subsidio Habitacional,15/04/2023,patricia.diaz.demo29073@yahoo.com,Patricia Díaz
T-1059,Asamblea Informativa DS49,14/09/2025,alejandro.leyton.demo29954@hotmail.com,Alejandro Leyton
T-1006,Asamblea Informativa DS49,31/10/2023,yasna.chamorro.demo17598@hotmail.com,Yasna Chamorro
T-1056,Taller de Postulación DS19 - Mayo 2026,08/02/2024,eloisa.ibanez.demo27147@hotmail.com,Eloísa Ibáñez
T-1012,Taller de Postulación DS19 - Mayo 2026,23/03/2026,karina.naranjo.demo9576@yahoo.com,Karina Naranjo
T-1003,Taller Ahorro y Subsidio Habitacional,09/02/2026,franco.soto.demo33681@hotmail.com,Franco Soto
T-1057,Charla: Déficit Habitacional en Chile,15/02/2026,angelo.guerrero.demo9493@outlook.com,Angelo Guerrero
T-1034,Webinar: Cómo Postular al Subsidio Habitacional,01/02/2026,maria.melo.demo47420@outlook.com,María Melo
T-1009,Webinar: Cómo Postular al Subsidio Habitacional,17/04/2025,uberlinda.angulo.demo41959@hotmail.com,Uberlinda Angulo
T-1036,Jornada Comités de Vivienda - Región Metropolitana,04/05/2024,esteban.gonzalez.demo26109@yahoo.com,Esteban González
T-1057,Taller de Postulación DS19 - Mayo 2026,07/09/2023,diego.gaete.demo50466@outlook.com,Diego Gaete
T-1005,Jornada Comités de Vivienda - Región Metropolitana,02/09/2025,guillermo.martinez.demo10639@outlook.com,Guillermo Martínez
T-1045,Webinar: Cómo Postular al Subsidio Habitacional,05/05/2024,maria.correa.demo8807@gmail.com,María Correa
T-1056,Jornada Comités de Vivienda - Región Metropolitana,04/01/2026,martin.oyarzo.demo47258@outlook.com,Martín Oyarzo
T-1038,Taller de Educación Financiera,10/03/2024,manuel.luna.demo5215@outlook.com,Manuel Luna
T-1039,Webinar: Cómo Postular al Subsidio Habitacional,12/05/2026,trinidad.munoz.demo17768@yahoo.com,Trinidad Muñoz
T-1053,Taller de Educación Financiera,02/05/2023,gloria.leyton.demo3032@outlook.com,Gloria Leyton
T-1004,Webinar: Cómo Postular al Subsidio Habitacional,01/01/2026,carlos.molina.demo14961@gmail.com,Carlos Molina
T-1009,Taller de Postulación DS19 - Mayo 2026,09/03/2026,laura.villarroel.demo24952@yahoo.com,Laura Villarroel
T-1016,Taller de Postulación DS19 - Mayo 2026,30/03/2025,pascual.morales.demo21445@gmail.com,Pascual Morales
T-1014,Jornada Comités de Vivienda - Región Metropolitana,19/04/2026,javiera.calderon.demo4306@gmail.com,Javiera Calderón
T-1035,Asamblea Informativa DS49,02/02/2023,maria.hidalgo.demo51053@gmail.com,María Hidalgo
T-1058,Asamblea Informativa DS49,18/01/2026,juan.valdivia.demo6319@outlook.com,Juan Valdivia
T-1040,Taller de Educación Financiera,01/03/2023,rodrigo.cartes.demo28405@gmail.com,Rodrigo Cartes
T-1004,Charla: Déficit Habitacional en Chile,01/01/2025,rodolfo.rojas.demo22345@hotmail.com,Rodolfo Rojas
T-1045,Taller de Postulación DS19 - Mayo 2026,17/03/2025,paula.calderon.demo6632@outlook.com,Paula Calderón
T-1055,Jornada Comités de Vivienda - Región Metropolitana,22/09/2023,linda.barrios.demo12765@outlook.com,Linda Barrios
T-1059,Jornada Comités de Vivienda - Región Metropolitana,08/03/2024,juan.fernandez.demo24680@yahoo.com,Juan Fernández
T-1050,Taller de Educación Financiera,29/04/2023,leandro.sepulveda.demo27710@yahoo.com,Leandro Sepúlveda
T-1011,Taller de Educación Financiera,31/12/2023,oliver.zamora.demo31571@hotmail.com,Oliver Zamora
T-1059,Taller de Educación Financiera,04/03/2023,manuel.rojas.demo29432@hotmail.com,Manuel Rojas
T-1028,Taller de Educación Financiera,23/11/2023,juana.nunez.demo48959@hotmail.com,Juana Núñez
T-1046,Webinar: Cómo Postular al Subsidio Habitacional,23/05/2023,pedro.fredes.demo48610@outlook.com,Pedro Fredes
T-1020,Taller Subsidio Sectores Medios DS.01,02/11/2023,carmen.hernandez.demo51548@outlook.com,Carmen Hernández
T-1049,Jornada Comités de Vivienda - Región Metropolitana,27/07/2024,marta.valenzuela.demo41037@yahoo.com,Marta Valenzuela
T-1023,Asamblea Informativa DS49,22/11/2023,oscar.vega.demo49652@outlook.com,Oscar Vega
T-1032,Taller Ahorro y Subsidio Habitacional,09/06/2025,macarena.fernandez.demo9598@yahoo.com,Macarena Fernández
T-1041,Charla: Déficit Habitacional en Chile,07/08/2023,yessica.morales.demo25423@yahoo.com,Yessica Morales
T-1010,Webinar: Cómo Postular al Subsidio Habitacional,04/09/2023,carlos.molina.demo6214@hotmail.com,Carlos Molina
T-1030,Taller de Postulación DS19 - Mayo 2026,17/04/2024,mia.rojas.demo28882@hotmail.com,Mia Rojas
T-1017,Taller Ahorro y Subsidio Habitacional,19/10/2023,julio.arias.demo15087@hotmail.com,Julio Arias
T-1026,Charla: Déficit Habitacional en Chile,02/07/2025,joaquin.uribe.demo11418@yahoo.com,Joaquín Uribe
T-1040,Charla: Déficit Habitacional en Chile,18/05/2025,francisco.torres.demo32464@hotmail.com,Francisco Torres
T-1018,Webinar: Cómo Postular al Subsidio Habitacional,23/12/2023,esteban.vega.demo27937@hotmail.com,Esteban Vega
T-1026,Webinar: Cómo Postular al Subsidio Habitacional,20/04/2025,danitza.valdebenito.demo26999@hotmail.com,Danitza Valdebenito
T-1038,Taller Ahorro y Subsidio Habitacional,17/04/2024,veronica.castro.demo23577@gmail.com,Verónica Castro
T-1014,Webinar: Cómo Postular al Subsidio Habitacional,25/05/2024,yeison.suazo.demo9810@outlook.com,Yeison Suazo
T-1019,Taller Ahorro y Subsidio Habitacional,17/12/2025,priscilla.norambuena.demo22655@yahoo.com,Priscilla Norambuena
T-1010,Taller Ahorro y Subsidio Habitacional,09/08/2023,maria.contreras.demo16381@outlook.com,María Contreras
T-1002,Taller Ahorro y Subsidio Habitacional,25/04/2025,daniel.molina.demo36499@yahoo.com,Daniel Molina
T-1052,Jornada Comités de Vivienda - Región Metropolitana,02/04/2024,juan.diaz.demo16067@yahoo.com,Juan Díaz
T-1010,Taller Ahorro y Subsidio Habitacional,10/10/2025,thomas.bravo.demo9058@outlook.com,Thomas Bravo
T-1002,Webinar: Cómo Postular al Subsidio Habitacional,22/01/2025,raul.espinoza.demo27699@outlook.com,Raúl Espinoza
T-1018,Taller Ahorro y Subsidio Habitacional,18/03/2023,diego.alvarez.demo36622@hotmail.com,Diego Álvarez
T-1022,Taller Subsidio Sectores Medios DS.01,14/12/2025,julia.lobos.demo32996@gmail.com,Julia Lobos
T-1028,Webinar: Cómo Postular al Subsidio Habitacional,08/03/2024,matias.rivera.demo40791@yahoo.com,Matías Rivera
T-1023,Taller de Educación Financiera,19/11/2023,maria.ortiz.demo41751@yahoo.com,María Ortiz
T-1028,Taller Subsidio Sectores Medios DS.01,05/07/2024,julio.soto.demo4800@outlook.com,Julio Soto
T-1023,Taller Subsidio Sectores Medios DS.01,28/01/2025,mauricio.contreras.demo32990@hotmail.com,Mauricio Contreras
T-1046,Taller Subsidio Sectores Medios DS.01,07/02/2023,evelyn.martinez.demo47597@outlook.com,Evelyn Martínez
T-1013,Jornada Comités de Vivienda - Región Metropolitana,20/07/2024,camila.roman.demo16850@outlook.com,Camila Román
T-1011,Taller de Educación Financiera,14/11/2024,alan.torres.demo34131@yahoo.com,Alan Torres
T-1036,Asamblea Informativa DS49,04/05/2024,jose.gutierrez.demo51637@gmail.com,José Gutiérrez
T-1054,Jornada Comités de Vivienda - Región Metropolitana,14/06/2024,patricia.diaz.demo36516@yahoo.com,Patricia Díaz
T-1053,Taller de Postulación DS19 - Mayo 2026,25/12/2024,danilo.bravo.demo49539@outlook.com,Danilo Bravo
T-1049,Webinar: Cómo Postular al Subsidio Habitacional,31/03/2024,mario.pavez.demo27899@hotmail.com,Mario Pavez
T-1027,Charla: Déficit Habitacional en Chile,09/11/2025,nancy.diaz.demo36490@gmail.com,Nancy Díaz
T-1038,Taller de Educación Financiera,19/02/2025,perla.sepulveda.demo23210@yahoo.com,Perla Sepúlveda
T-1034,Charla: Déficit Habitacional en Chile,27/04/2024,erwin.saldana.demo8358@outlook.com,Erwin Saldaña
T-1056,Asamblea Informativa DS49,15/12/2023,jose.martinez.demo8250@outlook.com,José Martínez
T-1057,Taller de Educación Financiera,11/11/2025,teresa.gonzalez.demo35898@gmail.com,Teresa González
T-1000,Taller de Postulación DS19 - Mayo 2026,25/03/2025,maria.cartes.demo45947@yahoo.com,María Cartes
T-1024,Webinar: Cómo Postular al Subsidio Habitacional,29/01/2025,mariano.flores.demo9621@yahoo.com,Mariano Flores
T-1050,Taller de Educación Financiera,14/07/2024,fernando.valdebenito.demo8988@hotmail.com,Fernando Valdebenito
T-1023,Webinar: Cómo Postular al Subsidio Habitacional,29/12/2023,rodrigo.medina.demo40187@outlook.com,Rodrigo Medina
T-1057,Taller Subsidio Sectores Medios DS.01,24/10/2024,elizabeth.moreno.demo7897@outlook.com,Elizabeth Moreno
T-1000,Taller de Educación Financiera,26/10/2025,maura.vidal.demo31419@outlook.com,Maura Vidal
T-1016,Taller Subsidio Sectores Medios DS.01,14/03/2025,paulina.pena.demo5856@yahoo.com,Paulina Peña
T-1025,Taller Ahorro y Subsidio Habitacional,28/10/2024,alfonso.molina.demo5623@hotmail.com,Alfonso Molina
T-1033,Taller de Educación Financiera,04/11/2024,olga.pino.demo23919@hotmail.com,Olga Pino
T-1010,Taller de Postulación DS19 - Mayo 2026,27/10/2023,maria.gonzalez.demo38956@yahoo.com,María González
T-1021,Taller de Educación Financiera,08/11/2023,hector.castro.demo32404@yahoo.com,Héctor Castro
T-1042,Jornada Comités de Vivienda - Región Metropolitana,31/01/2026,macarena.riveros.demo19191@yahoo.com,Macarena Riveros
T-1030,Taller de Postulación DS19 - Mayo 2026,15/09/2024,oscar.pena.demo26781@gmail.com,Oscar Peña
T-1031,Taller Ahorro y Subsidio Habitacional,20/09/2025,roxana.vega.demo50682@gmail.com,Roxana Vega
T-1043,Taller Subsidio Sectores Medios DS.01,07/03/2023,juan.parra.demo30089@gmail.com,Juan Parra
T-1009,Taller Subsidio Sectores Medios DS.01,08/10/2025,felipe.rivera.demo47029@outlook.com,Felipe Rivera
T-1051,Charla: Déficit Habitacional en Chile,01/07/2023,luciano.gonzalez.demo15959@outlook.com,Luciano González
T-1044,Webinar: Cómo Postular al Subsidio Habitacional,12/04/2024,katherinne.valenzuela.demo29512@outlook.com,Katherinne Valenzuela
T-1014,Jornada Comités de Vivienda - Región Metropolitana,13/12/2024,tamara.contreras.demo48666@outlook.com,Tamara Contreras
T-1053,Taller Subsidio Sectores Medios DS.01,29/09/2024,lucas.sepulveda.demo5429@hotmail.com,Lucas Sepúlveda
T-1044,Jornada Comités de Vivienda - Región Metropolitana,09/08/2024,constanza.jara.demo31130@yahoo.com,Constanza Jara
T-1019,Webinar: Cómo Postular al Subsidio Habitacional,25/01/2025,leandro.sepulveda.demo20468@gmail.com,Leandro Sepúlveda
T-1014,Asamblea Informativa DS49,11/04/2024,eladio.gonzalez.demo20414@gmail.com,Eladio González
T-1025,Taller Ahorro y Subsidio Habitacional,28/02/2026,tomas.contreras.demo1005@outlook.com,Tomás Contreras
T-1027,Asamblea Informativa DS49,23/07/2025,sandro.marquez.demo39411@gmail.com,Sandro Márquez
T-1020,Webinar: Cómo Postular al Subsidio Habitacional,22/03/2026,danilo.aguilera.demo39401@outlook.com,Danilo Aguilera
T-1041,Taller Ahorro y Subsidio Habitacional,05/04/2025,jose.torres.demo48858@outlook.com,José Torres
T-1054,Webinar: Cómo Postular al Subsidio Habitacional,27/06/2023,patricio.berrios.demo31747@gmail.com,Patricio Berríos
T-1051,Taller de Educación Financiera,09/04/2023,erick.silva.demo521@outlook.com,Erick Silva
T-1053,Taller Subsidio Sectores Medios DS.01,17/07/2024,kevin.ruiz.demo27069@outlook.com,Kevin Ruiz
T-1013,Taller Subsidio Sectores Medios DS.01,06/01/2023,eva.cortes.demo37355@gmail.com,Eva Cortés
T-1008,Taller de Educación Financiera,27/02/2026,julia.gonzalez.demo23054@yahoo.com,Julia González
T-1001,Charla: Déficit Habitacional en Chile,28/02/2025,maria.guerrero.demo13392@gmail.com,María Guerrero
T-1027,Jornada Comités de Vivienda - Región Metropolitana,25/05/2023,jordan.sanhueza.demo33856@hotmail.com,Jordán Sanhueza
T-1036,Jornada Comités de Vivienda - Región Metropolitana,12/07/2023,uberlinda.acevedo.demo45157@outlook.com,Uberlinda Acevedo
T-1022,Asamblea Informativa DS49,01/05/2025,alejandra.torres.demo51480@outlook.com,Alejandra Torres
T-1020,Taller de Educación Financiera,25/03/2023,leonardo.oyarzun.demo17879@yahoo.com,Leonardo Oyarzún
T-1030,Jornada Comités de Vivienda - Región Metropolitana,03/08/2024,paula.molina.demo1240@outlook.com,Paula Molina
T-1040,Taller de Educación Financiera,09/11/2024,macarena.guzman.demo43186@outlook.com,Macarena Guzmán
T-1014,Asamblea Informativa DS49,03/10/2023,jesus.carrasco.demo44231@outlook.com,Jesús Carrasco
T-1057,Asamblea Informativa DS49,01/07/2024,elena.ibanez.demo26127@hotmail.com,Elena Ibáñez
T-1059,Webinar: Cómo Postular al Subsidio Habitacional,12/12/2024,cornelio.leiva.demo24372@hotmail.com,Cornelio Leiva
T-1035,Taller de Postulación DS19 - Mayo 2026,11/05/2024,andres.silva.demo1706@outlook.com,Andrés Silva
T-1005,Asamblea Informativa DS49,25/02/2026,marta.soto.demo3612@gmail.com,Marta Soto
T-1001,Taller Ahorro y Subsidio Habitacional,29/05/2026,gabriela.vallejos.demo30343@outlook.com,Gabriela Vallejos
T-1055,Taller de Postulación DS19 - Mayo 2026,17/11/2025,gaspar.rivera.demo50888@outlook.com,Gaspar Rivera
T-1008,Jornada Comités de Vivienda - Región Metropolitana,28/01/2024,gaspar.vasquez.demo37400@hotmail.com,Gaspar Vásquez
T-1044,Taller de Postulación DS19 - Mayo 2026,17/04/2026,marta.gomez.demo83@gmail.com,Marta Gómez
T-1014,Taller de Postulación DS19 - Mayo 2026,13/06/2023,franz.galdames.demo41383@outlook.com,Franz Galdames
T-1041,Asamblea Informativa DS49,23/04/2023,martina.rivera.demo14524@outlook.com,Martina Rivera
T-1009,Taller Ahorro y Subsidio Habitacional,16/03/2024,alexandra.miranda.demo18080@gmail.com,Alexandra Miranda
T-1052,Taller de Postulación DS19 - Mayo 2026,23/02/2024,juana.seguel.demo4872@yahoo.com,Juana Seguel
T-1014,Asamblea Informativa DS49,12/11/2024,erasmo.villanueva.demo51840@outlook.com,Erasmo Villanueva
T-1010,Taller Subsidio Sectores Medios DS.01,20/02/2024,ernesto.montenegro.demo50396@gmail.com,Ernesto Montenegro
T-1026,Taller Ahorro y Subsidio Habitacional,30/09/2025,fiorella.munoz.demo30454@hotmail.com,Fiorella Muñoz
T-1055,Taller Subsidio Sectores Medios DS.01,16/04/2023,juan.quijada.demo33955@yahoo.com,Juan Quijada
T-1018,Charla: Déficit Habitacional en Chile,30/05/2023,jose.medel.demo10601@gmail.com,José Medel
T-1016,Taller Ahorro y Subsidio Habitacional,06/10/2023,carlos.saldana.demo34770@hotmail.com,Carlos Saldaña
T-1000,Webinar: Cómo Postular al Subsidio Habitacional,13/06/2024,jorge.vilches.demo51492@yahoo.com,Jorge Vilches
T-1054,Taller Ahorro y Subsidio Habitacional,23/12/2024,erasmo.andrade.demo39878@outlook.com,Erasmo Andrade
T-1040,Taller Subsidio Sectores Medios DS.01,29/07/2024,patricio.villarroel.demo24805@gmail.com,Patricio Villarroel
T-1027,Taller Subsidio Sectores Medios DS.01,06/09/2024,alvaro.oyarce.demo29229@hotmail.com,Álvaro Oyarce
T-1016,Asamblea Informativa DS49,27/04/2025,francisco.munoz.demo35404@outlook.com,Francisco Muñoz
T-1049,Jornada Comités de Vivienda - Región Metropolitana,17/07/2024,josefa.cortez.demo16217@gmail.com,Josefa Cortez
T-1052,Taller de Educación Financiera,11/11/2024,hernan.villalobos.demo120@outlook.com,Hernán Villalobos
T-1041,Taller Ahorro y Subsidio Habitacional,26/10/2023,graciela.lobos.demo49129@outlook.com,Graciela Lobos
T-1027,Taller Ahorro y Subsidio Habitacional,04/06/2023,danilo.aguayo.demo50435@hotmail.com,Danilo Aguayo
T-1035,Jornada Comités de Vivienda - Región Metropolitana,28/03/2023,irene.mora.demo2136@yahoo.com,Irene Mora
T-1036,Jornada Comités de Vivienda - Región Metropolitana,31/07/2024,daniel.navarrete.demo12037@outlook.com,Daniel Navarrete
T-1023,Jornada Comités de Vivienda - Región Metropolitana,04/05/2026,mireya.guerra.demo39549@hotmail.com,Mireya Guerra
T-1030,Taller Ahorro y Subsidio Habitacional,12/05/2023,simon.roman.demo14139@gmail.com,Simón Román
T-1018,Asamblea Informativa DS49,28/07/2025,rene.ramos.demo43610@yahoo.com,René Ramos
T-1032,Taller Subsidio Sectores Medios DS.01,04/05/2026,clara.gonzalez.demo11647@hotmail.com,Clara González
T-1044,Taller Subsidio Sectores Medios DS.01,11/05/2025,alexandra.vilches.demo40919@outlook.com,Alexandra Vilches
T-1037,Jornada Comités de Vivienda - Región Metropolitana,07/10/2024,nancy.duarte.demo5552@outlook.com,Nancy Duarte
T-1021,Charla: Déficit Habitacional en Chile,31/05/2025,olga.toledo.demo25461@yahoo.com,Olga Toledo
T-1017,Webinar: Cómo Postular al Subsidio Habitacional,17/03/2025,emanuel.alarcon.demo37976@outlook.com,Emanuel Alarcón
T-1058,Asamblea Informativa DS49,08/04/2025,matias.quijada.demo29597@hotmail.com,Matías Quijada
T-1048,Taller Subsidio Sectores Medios DS.01,12/10/2023,rolando.cordova.demo49482@yahoo.com,Rolando Córdova
T-1048,Taller Ahorro y Subsidio Habitacional,07/10/2024,viviana.parra.demo7584@outlook.com,Viviana Parra
T-1000,Jornada Comités de Vivienda - Región Metropolitana,21/06/2023,matias.robles.demo30580@yahoo.com,Matías Robles
T-1013,Taller Ahorro y Subsidio Habitacional,05/04/2024,hector.cofre.demo33025@yahoo.com,Héctor Cofré
T-1020,Taller de Educación Financiera,23/08/2025,fabiola.munoz.demo13830@yahoo.com,Fabiola Muñoz
T-1007,Taller Ahorro y Subsidio Habitacional,08/04/2024,camila.pizarro.demo36736@gmail.com,Camila Pizarro
T-1054,Charla: Déficit Habitacional en Chile,15/11/2025,elizabeth.vejar.demo33303@gmail.com,Elizabeth Vejar
T-1003,Taller de Postulación DS19 - Mayo 2026,13/07/2025,francisco.rivera.demo33608@gmail.com,Francisco Rivera
T-1001,Taller Ahorro y Subsidio Habitacional,04/04/2024,roxana.olave.demo30186@gmail.com,Roxana Olave
T-1018,Asamblea Informativa DS49,07/12/2023,carlos.carrasco.demo3244@outlook.com,Carlos Carrasco
T-1017,Taller de Educación Financiera,18/10/2023,maria.vergara.demo2929@gmail.com,María Vergara
T-1059,Taller Subsidio Sectores Medios DS.01,11/02/2026,samuel.herrera.demo51449@gmail.com,Samuel Herrera
T-1044,Taller de Educación Financiera,28/09/2023,antonio.pineda.demo7128@gmail.com,Antonio Pineda
T-1049,Taller Ahorro y Subsidio Habitacional,11/11/2024,jaime.arancibia.demo19340@hotmail.com,Jaime Arancibia
T-1057,Taller de Educación Financiera,29/11/2025,isabel.aburto.demo17995@yahoo.com,Isabel Aburto
T-1027,Taller Ahorro y Subsidio Habitacional,03/08/2024,alberto.bustamante.demo51682@gmail.com,Alberto Bustamante
T-1044,Webinar: Cómo Postular al Subsidio Habitacional,20/04/2025,camila.riquelme.demo9912@hotmail.com,Camila Riquelme
T-1034,Charla: Déficit Habitacional en Chile,17/06/2023,rodrigo.guerra.demo17200@outlook.com,Rodrigo Guerra
T-1047,Taller Subsidio Sectores Medios DS.01,23/04/2025,katherine.avila.demo27118@gmail.com,Katherine Ávila
T-1046,Asamblea Informativa DS49,26/02/2025,franco.nunez.demo19081@hotmail.com,Franco Núñez
T-1043,Charla: Déficit Habitacional en Chile,08/09/2025,roger.brito.demo35808@yahoo.com,Roger Brito
T-1045,Webinar: Cómo Postular al Subsidio Habitacional,26/05/2026,felipe.olave.demo36245@gmail.com,Felipe Olave
T-1001,Charla: Déficit Habitacional en Chile,03/10/2025,juan.vasquez.demo6662@gmail.com,Juan Vásquez
T-1058,Webinar: Cómo Postular al Subsidio Habitacional,01/02/2024,raul.rocha.demo51317@gmail.com,Raúl Rocha
T-1054,Taller de Postulación DS19 - Mayo 2026,07/02/2024,sara.jara.demo20755@outlook.com,Sara Jara
T-1036,Taller Ahorro y Subsidio Habitacional,11/10/2025,manuel.gutierrez.demo24358@hotmail.com,Manuel Gutiérrez
T-1051,Webinar: Cómo Postular al Subsidio Habitacional,25/01/2025,carolina.munoz.demo49888@yahoo.com,Carolina Muñoz
T-1004,Charla: Déficit Habitacional en Chile,23/06/2023,sergio.garcia.demo16908@yahoo.com,Sergio García
T-1049,Webinar: Cómo Postular al Subsidio Habitacional,10/07/2023,dylan.zamora.demo41923@yahoo.com,Dylan Zamora
T-1005,Webinar: Cómo Postular al Subsidio Habitacional,31/07/2025,rafael.burgos.demo28@outlook.com,Rafael Burgos
T-1023,Webinar: Cómo Postular al Subsidio Habitacional,06/03/2026,joaquin.pena.demo39429@gmail.com,Joaquín Peña
T-1021,Webinar: Cómo Postular al Subsidio Habitacional,26/02/2025,jose.diaz.demo32916@gmail.com,José Díaz
T-1052,Jornada Comités de Vivienda - Región Metropolitana,22/03/2023,cristina.rojas.demo16285@gmail.com,Cristina Rojas
T-1027,Asamblea Informativa DS49,30/11/2024,dylan.caceres.demo12605@gmail.com,Dylan Cáceres
T-1030,Taller de Postulación DS19 - Mayo 2026,04/12/2023,virginia.cid.demo859@yahoo.com,Virginia Cid
T-1038,Asamblea Informativa DS49,30/09/2023,florencia.iturra.demo41072@outlook.com,Florencia Iturra
T-1024,Asamblea Informativa DS49,13/06/2024,luisa.tapia.demo13014@outlook.com,Luisa Tapia
T-1015,Jornada Comités de Vivienda - Región Metropolitana,12/08/2024,raul.morales.demo8885@gmail.com,Raúl Morales
T-1053,Webinar: Cómo Postular al Subsidio Habitacional,21/07/2023,paulina.barria.demo27901@outlook.com,Paulina Barría
T-1047,Taller Subsidio Sectores Medios DS.01,19/11/2024,matilde.torres.demo22935@outlook.com,Matilde Torres
T-1045,Taller de Postulación DS19 - Mayo 2026,24/03/2026,cristian.munoz.demo29219@hotmail.com,Cristian Muñoz
T-1021,Taller de Educación Financiera,10/05/2025,paula.moya.demo6621@outlook.com,Paula Moya
T-1037,Taller Subsidio Sectores Medios DS.01,09/05/2025,bastian.reyes.demo7187@outlook.com,Bastián Reyes
T-1015,Webinar: Cómo Postular al Subsidio Habitacional,26/04/2024,carmen.becerra.demo34995@hotmail.com,Carmen Becerra
T-1055,Jornada Comités de Vivienda - Región Metropolitana,13/08/2025,fabian.galaz.demo48470@hotmail.com,Fabián Galaz
T-1011,Taller Subsidio Sectores Medios DS.01,09/07/2023,katherine.carvajal.demo50938@yahoo.com,Katherine Carvajal
T-1041,Jornada Comités de Vivienda - Región Metropolitana,01/02/2026,jesus.tapia.demo37538@yahoo.com,Jesus Tapia
T-1056,Webinar: Cómo Postular al Subsidio Habitacional,22/09/2024,luciano.vega.demo21168@yahoo.com,Luciano Vega
T-1013,Taller Ahorro y Subsidio Habitacional,24/08/2025,ronny.sierra.demo35120@outlook.com,Ronny Sierra
T-1044,Taller Ahorro y Subsidio Habitacional,24/02/2026,isabel.herrera.demo49583@yahoo.com,Isabel Herrera
T-1012,Asamblea Informativa DS49,12/11/2024,daniel.campos.demo43962@hotmail.com,Daniel Campos
T-1045,Jornada Comités de Vivienda - Región Metropolitana,10/11/2024,matias.lizama.demo36480@hotmail.com,Matías Lizama
T-1026,Charla: Déficit Habitacional en Chile,06/12/2024,leontina.caceres.demo27247@gmail.com,Leontina Cáceres
T-1005,Jornada Comités de Vivienda - Región Metropolitana,04/06/2023,nathaly.barraza.demo23867@hotmail.com,Nathaly Barraza
T-1054,Taller Ahorro y Subsidio Habitacional,23/04/2025,florencia.neira.demo1184@hotmail.com,Florencia Neira
T-1004,Taller de Educación Financiera,16/05/2026,pablo.gonzalez.demo23736@outlook.com,Pablo González
T-1021,Webinar: Cómo Postular al Subsidio Habitacional,01/03/2023,christopher.cisterna.demo34664@gmail.com,Christopher Cisterna
T-1042,Webinar: Cómo Postular al Subsidio Habitacional,22/10/2024,federico.duran.demo28905@outlook.com,Federico Durán
T-1020,Jornada Comités de Vivienda - Región Metropolitana,24/06/2024,christian.silva.demo27878@outlook.com,Christian Silva
T-1023,Taller de Educación Financiera,18/11/2023,karla.silva.demo3058@gmail.com,Karla Silva
T-1046,Taller de Postulación DS19 - Mayo 2026,16/02/2024,isaac.maturana.demo28340@yahoo.com,Isaac Maturana
T-1042,Taller de Educación Financiera,22/04/2026,johan.campos.demo21038@yahoo.com,Johan Campos
T-1052,Charla: Déficit Habitacional en Chile,24/03/2025,yohana.solis.demo11468@outlook.com,Yohana Solís
T-1051,Webinar: Cómo Postular al Subsidio Habitacional,01/08/2024,amaru.romero.demo17546@yahoo.com,Amaru Romero
T-1021,Taller Ahorro y Subsidio Habitacional,11/09/2025,julian.barria.demo26412@hotmail.com,Julián Barría
T-1047,Charla: Déficit Habitacional en Chile,01/12/2023,miguel.diaz.demo10261@outlook.com,Miguel Díaz
T-1039,Taller de Postulación DS19 - Mayo 2026,19/05/2024,evelyn.fernandez.demo41412@gmail.com,Evelyn Fernández
T-1054,Webinar: Cómo Postular al Subsidio Habitacional,23/04/2026,liliana.gonzalez.demo39385@hotmail.com,Liliana González
T-1052,Jornada Comités de Vivienda - Región Metropolitana,10/12/2023,carla.miranda.demo808@gmail.com,Carla Miranda
T-1000,Taller Subsidio Sectores Medios DS.01,19/04/2024,francisco.fernandez.demo34198@yahoo.com,Francisco Fernández
T-1033,Taller de Postulación DS19 - Mayo 2026,04/10/2025,graciela.marchant.demo26912@outlook.com,Graciela Marchant
T-1005,Webinar: Cómo Postular al Subsidio Habitacional,02/11/2025,hector.berrios.demo37629@yahoo.com,Héctor Berríos
T-1041,Taller Ahorro y Subsidio Habitacional,20/07/2025,luz.leiva.demo24058@yahoo.com,Luz Leiva
T-1017,Asamblea Informativa DS49,21/08/2024,luisa.ruiz.demo43894@gmail.com,Luisa Ruiz
T-1022,Taller de Postulación DS19 - Mayo 2026,13/02/2025,jorge.venegas.demo24782@hotmail.com,Jorge Venegas
T-1001,Webinar: Cómo Postular al Subsidio Habitacional,04/02/2025,juan.estrada.demo49106@outlook.com,Juan Estrada
T-1037,Taller de Postulación DS19 - Mayo 2026,13/01/2023,ana.castro.demo38332@gmail.com,Ana Castro
T-1055,Taller de Postulación DS19 - Mayo 2026,18/02/2026,noemi.tapia.demo25713@gmail.com,Noemí Tapia
T-1021,Taller de Educación Financiera,26/11/2023,cristian.mendoza.demo34110@hotmail.com,Cristian Mendoza
T-1016,Charla: Déficit Habitacional en Chile,01/11/2023,catalina.elgueta.demo24986@yahoo.com,Catalina Elgueta
T-1053,Asamblea Informativa DS49,15/03/2025,fabiola.tapia.demo10039@hotmail.com,Fabiola Tapia
T-1011,Taller de Postulación DS19 - Mayo 2026,10/10/2023,danilo.arce.demo18623@hotmail.com,Danilo Arce
T-1021,Jornada Comités de Vivienda - Región Metropolitana,08/05/2023,marcia.carmona.demo25811@hotmail.com,Marcia Carmona
T-1035,Webinar: Cómo Postular al Subsidio Habitacional,03/07/2024,matias.soto.demo23983@hotmail.com,Matías Soto
T-1040,Charla: Déficit Habitacional en Chile,10/08/2023,rosario.vergara.demo5554@hotmail.com,Rosario Vergara
T-1042,Asamblea Informativa DS49,18/09/2023,fernanda.gutierrez.demo4048@gmail.com,Fernanda Gutiérrez
T-1028,Taller de Postulación DS19 - Mayo 2026,14/12/2025,martin.morales.demo14846@yahoo.com,Martín Morales
T-1009,Asamblea Informativa DS49,20/03/2023,monica.elgueta.demo6065@outlook.com,Mónica Elgueta
T-1046,Charla: Déficit Habitacional en Chile,09/01/2023,joaquin.inostroza.demo33240@outlook.com,Joaquín Inostroza
T-1020,Charla: Déficit Habitacional en Chile,06/03/2026,luis.de la fuente.demo40174@yahoo.com,Luis De La Fuente
T-1031,Jornada Comités de Vivienda - Región Metropolitana,09/02/2023,pedro.cifuentes.demo21916@outlook.com,Pedro Cifuentes
T-1029,Asamblea Informativa DS49,03/11/2025,mauricio.cifuentes.demo30103@hotmail.com,Mauricio Cifuentes
T-1005,Jornada Comités de Vivienda - Región Metropolitana,22/03/2026,jose.vidal.demo35609@gmail.com,José Vidal
T-1030,Webinar: Cómo Postular al Subsidio Habitacional,25/11/2025,mia.alvarez.demo40164@hotmail.com,Mia Álvarez
T-1023,Charla: Déficit Habitacional en Chile,14/07/2023,fabian.contreras.demo20749@hotmail.com,Fabián Contreras
T-1056,Taller Subsidio Sectores Medios DS.01,15/06/2024,anahis.bernal.demo24549@outlook.com,Anahis Bernal
T-1023,Charla: Déficit Habitacional en Chile,24/10/2023,javier.soto.demo14472@hotmail.com,Javier Soto
T-1020,Webinar: Cómo Postular al Subsidio Habitacional,19/09/2024,maria.becerra.demo15543@yahoo.com,María Becerra
T-1032,Asamblea Informativa DS49,12/02/2026,mathias.aguilera.demo34560@hotmail.com,Mathias Aguilera
T-1043,Webinar: Cómo Postular al Subsidio Habitacional,27/08/2023,felipe.lazo.demo37589@yahoo.com,Felipe Lazo
T-1036,Webinar: Cómo Postular al Subsidio Habitacional,24/06/2023,marcela.herrera.demo38825@outlook.com,Marcela Herrera
T-1039,Webinar: Cómo Postular al Subsidio Habitacional,11/07/2023,katherine.medel.demo23844@hotmail.com,Katherine Medel
T-1058,Jornada Comités de Vivienda - Región Metropolitana,17/03/2024,thomas.soto.demo39464@hotmail.com,Thomas Soto
T-1042,Webinar: Cómo Postular al Subsidio Habitacional,22/03/2023,jorge.fernandez.demo4107@yahoo.com,Jorge Fernández
T-1006,Webinar: Cómo Postular al Subsidio Habitacional,22/10/2024,cristian.rojas.demo34892@yahoo.com,Cristian Rojas
T-1020,Charla: Déficit Habitacional en Chile,13/06/2024,doris.ruiz.demo35475@hotmail.com,Doris Ruiz
T-1040,Webinar: Cómo Postular al Subsidio Habitacional,30/04/2026,ian.avila.demo49617@outlook.com,Ian Ávila
T-1023,Taller Ahorro y Subsidio Habitacional,05/01/2023,sebastian.medina.demo4199@outlook.com,Sebastián Medina
T-1032,Taller Subsidio Sectores Medios DS.01,24/04/2025,pedro.reyes.demo14607@hotmail.com,Pedro Reyes
T-1017,Taller Subsidio Sectores Medios DS.01,01/06/2024,tania.vergara.demo49250@hotmail.com,Tania Vergara
T-1006,Taller Subsidio Sectores Medios DS.01,08/01/2025,claudia.ibarra.demo26400@gmail.com,Claudia Ibarra
T-1008,Webinar: Cómo Postular al Subsidio Habitacional,05/06/2024,juan.veas.demo39934@hotmail.com,Juan Veas
T-1003,Taller Subsidio Sectores Medios DS.01,14/06/2023,benjamin.gomez.demo2355@gmail.com,Benjamín Gómez
T-1052,Webinar: Cómo Postular al Subsidio Habitacional,28/09/2025,oliver.guzman.demo34902@hotmail.com,Oliver Guzmán
T-1012,Taller de Educación Financiera,02/03/2024,valeria.salas.demo4732@gmail.com,Valeria Salas
T-1018,Taller Ahorro y Subsidio Habitacional,07/08/2025,carlos.soto.demo43015@outlook.com,Carlos Soto
T-1021,Jornada Comités de Vivienda - Región Metropolitana,13/08/2023,cristian.ormeno.demo42231@hotmail.com,Cristian Ormeño
T-1047,Webinar: Cómo Postular al Subsidio Habitacional,24/09/2023,claudia.alfaro.demo21715@outlook.com,Claudia Alfaro
T-1009,Asamblea Informativa DS49,21/03/2025,benjamin.jofre.demo21335@hotmail.com,Benjamín Jofré
T-1003,Jornada Comités de Vivienda - Región Metropolitana,20/02/2023,alexandra.henriquez.demo51917@gmail.com,Alexandra Henríquez
T-1058,Taller Ahorro y Subsidio Habitacional,21/12/2025,gabriela.mendez.demo17845@gmail.com,Gabriela Méndez
T-1001,Taller Ahorro y Subsidio Habitacional,30/11/2025,mateo.contreras.demo32341@outlook.com,Mateo Contreras
T-1051,Taller de Postulación DS19 - Mayo 2026,27/10/2025,karla.lara.demo26707@outlook.com,Karla Lara
T-1020,Webinar: Cómo Postular al Subsidio Habitacional,25/04/2023,sara.perez.demo26405@gmail.com,Sara Pérez
T-1029,Taller de Postulación DS19 - Mayo 2026,13/05/2026,maria.escobar.demo21672@hotmail.com,María Escobar
T-1029,Taller de Postulación DS19 - Mayo 2026,20/04/2025,nancy.valdes.demo39800@yahoo.com,Nancy Valdés
T-1046,Webinar: Cómo Postular al Subsidio Habitacional,08/05/2023,martina.cornejo.demo29292@yahoo.com,Martina Cornejo
T-1039,Charla: Déficit Habitacional en Chile,11/04/2024,alejandro.arellano.demo29254@outlook.com,Alejandro Arellano
T-1028,Asamblea Informativa DS49,19/10/2025,doris.castro.demo4510@hotmail.com,Doris Castro
T-1030,Jornada Comités de Vivienda - Región Metropolitana,01/12/2024,gabriela.herrera.demo847@outlook.com,Gabriela Herrera
T-1028,Charla: Déficit Habitacional en Chile,21/02/2026,paz.pino.demo34791@hotmail.com,Paz Pino
T-1021,Asamblea Informativa DS49,23/11/2025,octavio.cordero.demo35364@hotmail.com,Octavio Cordero
T-1049,Webinar: Cómo Postular al Subsidio Habitacional,29/09/2024,evelyn.gallardo.demo42318@hotmail.com,Evelyn Gallardo
T-1012,Charla: Déficit Habitacional en Chile,12/11/2023,jose.lopez.demo44724@hotmail.com,José López
T-1014,Taller de Educación Financiera,21/11/2023,juan.palma.demo16614@gmail.com,Juan Palma
T-1003,Taller de Postulación DS19 - Mayo 2026,01/10/2023,maximo.almonacid.demo9644@gmail.com,Máximo Almonacid
T-1032,Webinar: Cómo Postular al Subsidio Habitacional,29/10/2023,neftali.torres.demo5485@gmail.com,Neftalí Torres
T-1031,Taller de Educación Financiera,30/01/2026,maritza.faundez.demo22807@yahoo.com,Maritza Faúndez
T-1004,Taller Ahorro y Subsidio Habitacional,30/01/2026,florencia.paredes.demo921@hotmail.com,Florencia Paredes
T-1042,Taller de Postulación DS19 - Mayo 2026,10/04/2026,tulio.rios.demo17487@hotmail.com,Tulio Ríos
T-1028,Charla: Déficit Habitacional en Chile,04/12/2025,jessica.hernandez.demo43481@outlook.com,Jessica Hernández
T-1009,Asamblea Informativa DS49,16/08/2025,ruben.briones.demo3996@yahoo.com,Rubén Briones
T-1045,Taller de Postulación DS19 - Mayo 2026,31/05/2023,patricia.jofre.demo17805@yahoo.com,Patricia Jofré
T-1034,Jornada Comités de Vivienda - Región Metropolitana,09/04/2023,fermin.valenzuela.demo13117@hotmail.com,Fermín Valenzuela
T-1007,Webinar: Cómo Postular al Subsidio Habitacional,02/02/2025,augusto.sepulveda.demo3697@outlook.com,Augusto Sepúlveda
T-1028,Taller de Postulación DS19 - Mayo 2026,21/01/2024,ana.rojas.demo9901@outlook.com,Ana Rojas
T-1010,Webinar: Cómo Postular al Subsidio Habitacional,04/10/2025,fernando.marin.demo10839@gmail.com,Fernando Marín
T-1002,Charla: Déficit Habitacional en Chile,07/04/2023,joaquin.garcia.demo51384@gmail.com,Joaquín García
T-1043,Taller Subsidio Sectores Medios DS.01,14/02/2025,ramon.sepulveda.demo45601@hotmail.com,Ramón Sepúlveda
T-1005,Taller Subsidio Sectores Medios DS.01,02/04/2024,sebastian.guerrero.demo34894@hotmail.com,Sebastián Guerrero
T-1042,Jornada Comités de Vivienda - Región Metropolitana,26/02/2023,bastian.ortiz.demo49699@yahoo.com,Bastián Ortiz
T-1058,Taller Ahorro y Subsidio Habitacional,19/05/2023,berta.armijo.demo27857@outlook.com,Berta Armijo
T-1039,Taller de Postulación DS19 - Mayo 2026,27/10/2023,josefa.martinez.demo7682@outlook.com,Josefa Martínez
T-1001,Charla: Déficit Habitacional en Chile,24/10/2023,mauricio.cerda.demo3455@gmail.com,Mauricio Cerda
T-1046,Jornada Comités de Vivienda - Región Metropolitana,12/01/2025,diego.norambuena.demo40851@outlook.com,Diego Norambuena
T-1024,Webinar: Cómo Postular al Subsidio Habitacional,02/02/2025,monserrat.vidal.demo36391@gmail.com,Monserrat Vidal
T-1001,Taller de Postulación DS19 - Mayo 2026,06/03/2026,jennifer.moyano.demo33779@gmail.com,Jennifer Moyano
T-1035,Taller Ahorro y Subsidio Habitacional,08/05/2026,mauricio.arellano.demo32886@hotmail.com,Mauricio Arellano
T-1026,Taller de Educación Financiera,06/06/2024,salomon.catalan.demo24998@yahoo.com,Salomón Catalán
T-1047,Jornada Comités de Vivienda - Región Metropolitana,11/11/2025,martin.espinoza.demo26759@hotmail.com,Martín Espinoza
T-1032,Taller Subsidio Sectores Medios DS.01,24/11/2024,gonzalo.salas.demo15932@hotmail.com,Gonzalo Salas
T-1048,Taller Subsidio Sectores Medios DS.01,15/12/2023,ismael.saavedra.demo23414@yahoo.com,Ismael Saavedra
T-1006,Charla: Déficit Habitacional en Chile,24/09/2023,jose.pereira.demo25745@yahoo.com,José Pereira
T-1042,Charla: Déficit Habitacional en Chile,01/09/2023,monica.solar.demo16193@outlook.com,Mónica Solar
T-1037,Jornada Comités de Vivienda - Región Metropolitana,10/07/2023,ingrid.oliva.demo19419@hotmail.com,Ingrid Oliva
T-1056,Taller de Educación Financiera,13/06/2025,sebastian.avila.demo10618@gmail.com,Sebastián Ávila
T-1051,Webinar: Cómo Postular al Subsidio Habitacional,01/12/2024,antonio.lagos.demo33663@gmail.com,Antonio Lagos
T-1033,Taller de Postulación DS19 - Mayo 2026,04/12/2024,erik.marambio.demo33435@outlook.com,Erik Marambio
T-1008,Taller de Postulación DS19 - Mayo 2026,15/09/2024,alex.torres.demo15297@gmail.com,Alex Torres
T-1040,Charla: Déficit Habitacional en Chile,13/03/2023,rayen.cabezas.demo43809@gmail.com,Rayén Cabezas
T-1030,Taller de Educación Financiera,04/05/2023,ana.navarro.demo14249@yahoo.com,Ana Navarro
T-1046,Charla: Déficit Habitacional en Chile,31/12/2024,leon.gonzalez.demo14762@hotmail.com,León González
T-1044,Asamblea Informativa DS49,29/04/2024,francisca.perez.demo5881@hotmail.com,Francisca Pérez
T-1035,Asamblea Informativa DS49,28/05/2024,perla.cepeda.demo34387@yahoo.com,Perla Cepeda
T-1049,Webinar: Cómo Postular al Subsidio Habitacional,28/11/2024,mario.bustos.demo45636@hotmail.com,Mario Bustos
T-1050,Taller de Postulación DS19 - Mayo 2026,28/03/2023,mia.concha.demo4463@gmail.com,Mia Concha
T-1020,Taller Subsidio Sectores Medios DS.01,06/06/2024,cristofer.farias.demo14355@yahoo.com,Cristofer Farías
T-1013,Taller Ahorro y Subsidio Habitacional,06/11/2023,victor.cartes.demo12167@hotmail.com,Víctor Cartes
T-1010,Jornada Comités de Vivienda - Región Metropolitana,11/09/2024,carmen.rojas.demo8897@gmail.com,Carmen Rojas
T-1056,Taller de Educación Financiera,07/07/2024,jose.silva.demo12025@gmail.com,José Silva
T-1041,Taller de Educación Financiera,24/11/2025,macarena.flores.demo9113@outlook.com,Macarena Flores
T-1018,Charla: Déficit Habitacional en Chile,22/05/2024,eliana.ramos.demo27106@gmail.com,Eliana Ramos
T-1022,Taller de Educación Financiera,17/11/2024,mario.olivares.demo21194@hotmail.com,Mario Olivares
T-1029,Taller Ahorro y Subsidio Habitacional,23/12/2023,jose.santander.demo49448@outlook.com,José Santander
T-1018,Charla: Déficit Habitacional en Chile,25/06/2025,javiera.sepulveda.demo2213@outlook.com,Javiera Sepúlveda
T-1051,Taller de Postulación DS19 - Mayo 2026,17/01/2025,oscar.cardenas.demo15500@gmail.com,Oscar Cárdenas
T-1040,Taller de Postulación DS19 - Mayo 2026,07/09/2024,javier.bugueno.demo22063@hotmail.com,Javier Bugueño
T-1018,Asamblea Informativa DS49,04/01/2024,evaristo.torres.demo10890@yahoo.com,Evaristo Torres
T-1000,Webinar: Cómo Postular al Subsidio Habitacional,16/09/2025,victoria.guerra.demo40597@hotmail.com,Victoria Guerra
T-1014,Taller de Postulación DS19 - Mayo 2026,02/03/2025,alicia.lagos.demo45489@hotmail.com,Alicia Lagos
T-1023,Asamblea Informativa DS49,25/06/2023,luciana.roman.demo37816@gmail.com,Luciana Román
T-1003,Taller de Educación Financiera,11/01/2026,abel.torres.demo51953@gmail.com,Abel Torres
T-1000,Taller de Postulación DS19 - Mayo 2026,05/03/2026,irene.madariaga.demo38383@hotmail.com,Irene Madariaga
T-1040,Taller de Educación Financiera,14/07/2025,gabriel.palma.demo23029@hotmail.com,Gabriel Palma
T-1014,Taller Ahorro y Subsidio Habitacional,12/12/2025,juan.contreras.demo2484@gmail.com,Juan Contreras
T-1032,Taller Ahorro y Subsidio Habitacional,23/07/2024,jose.leiva.demo25127@yahoo.com,José Leiva
T-1014,Jornada Comités de Vivienda - Región Metropolitana,01/01/2023,constanza.guzman.demo4891@yahoo.com,Constanza Guzmán
T-1018,Charla: Déficit Habitacional en Chile,16/05/2026,karina.pena.demo14101@yahoo.com,Karina Peña
T-1026,Taller de Postulación DS19 - Mayo 2026,25/10/2025,javiera.urra.demo47883@gmail.com,Javiera Urra
T-1035,Charla: Déficit Habitacional en Chile,31/07/2024,nieves.solis.demo46284@gmail.com,Nieves Solís
T-1028,Taller Ahorro y Subsidio Habitacional,19/02/2026,daniel.jara.demo43744@yahoo.com,Daniel Jara
T-1059,Webinar: Cómo Postular al Subsidio Habitacional,27/06/2023,maribel.urzua.demo45276@gmail.com,Maribel Urzúa
T-1036,Taller Subsidio Sectores Medios DS.01,15/07/2023,clotilde.apablaza.demo31220@hotmail.com,Clotilde Apablaza
T-1057,Taller Ahorro y Subsidio Habitacional,21/12/2025,guillermo.pasten.demo17720@outlook.com,Guillermo Pastén
T-1050,Asamblea Informativa DS49,25/07/2024,maria.miranda.demo49110@outlook.com,María Miranda
T-1030,Taller de Educación Financiera,20/01/2024,robert.cruz.demo49396@yahoo.com,Robert Cruz
T-1037,Taller de Educación Financiera,21/06/2023,anahis.rojas.demo42219@outlook.com,Anahis Rojas
T-1052,Taller Subsidio Sectores Medios DS.01,04/07/2023,clara.villanueva.demo13191@outlook.com,Clara Villanueva
T-1025,Taller de Educación Financiera,28/03/2023,javiera.vera.demo51967@outlook.com,Javiera Vera
T-1032,Jornada Comités de Vivienda - Región Metropolitana,23/06/2025,claudia.gomez.demo43330@yahoo.com,Claudia Gómez
T-1028,Jornada Comités de Vivienda - Región Metropolitana,18/11/2025,diego.garcia.demo36346@gmail.com,Diego García
T-1010,Asamblea Informativa DS49,15/11/2025,vanessa.gonzalez.demo40388@yahoo.com,Vanessa González
T-1007,Taller Subsidio Sectores Medios DS.01,14/06/2025,maria.gonzalez.demo33553@gmail.com,María González
T-1011,Taller Subsidio Sectores Medios DS.01,12/03/2026,fabiola.pereira.demo10292@outlook.com,Fabiola Pereira
T-1004,Taller Subsidio Sectores Medios DS.01,05/03/2023,luis.valenzuela.demo20373@hotmail.com,Luis Valenzuela
T-1009,Jornada Comités de Vivienda - Región Metropolitana,29/04/2025,catalina.pereira.demo2480@yahoo.com,Catalina Pereira
T-1007,Asamblea Informativa DS49,20/03/2026,leslie.martinez.demo13535@yahoo.com,Leslie Martínez
T-1005,Jornada Comités de Vivienda - Región Metropolitana,09/03/2023,veronica.pardo.demo50316@hotmail.com,Verónica Pardo
T-1003,Taller de Postulación DS19 - Mayo 2026,09/05/2025,adriana.carrasco.demo23025@outlook.com,Adriana Carrasco
T-1021,Charla: Déficit Habitacional en Chile,07/02/2025,francisco.vidal.demo46550@outlook.com,Francisco Vidal
T-1051,Charla: Déficit Habitacional en Chile,10/04/2023,flavia.nunez.demo16746@outlook.com,Flavia Núñez
T-1007,Taller Ahorro y Subsidio Habitacional,24/03/2025,trinidad.paredes.demo37170@outlook.com,Trinidad Paredes
T-1024,Taller de Postulación DS19 - Mayo 2026,19/02/2025,daniela.reyes.demo32164@gmail.com,Daniela Reyes
T-1003,Jornada Comités de Vivienda - Región Metropolitana,14/08/2025,norma.zamora.demo3730@outlook.com,Norma Zamora
T-1047,Asamblea Informativa DS49,02/08/2023,laura.espinoza.demo8179@hotmail.com,Laura Espinoza
T-1048,Taller de Postulación DS19 - Mayo 2026,03/06/2024,clara.saavedra.demo8073@hotmail.com,Clara Saavedra
T-1006,Taller de Postulación DS19 - Mayo 2026,11/08/2023,ana.meneses.demo2462@outlook.com,Ana Meneses
T-1053,Jornada Comités de Vivienda - Región Metropolitana,25/05/2025,ronny.brito.demo31156@yahoo.com,Ronny Brito
T-1048,Charla: Déficit Habitacional en Chile,01/02/2023,daniela.ampuero.demo33565@yahoo.com,Daniela Ampuero
T-1026,Charla: Déficit Habitacional en Chile,21/07/2023,andres.saavedra.demo7882@outlook.com,Andrés Saavedra
T-1001,Jornada Comités de Vivienda - Región Metropolitana,17/09/2025,ronny.leiva.demo21132@gmail.com,Ronny Leiva
T-1034,Taller de Postulación DS19 - Mayo 2026,18/06/2023,jose.ramirez.demo13267@gmail.com,José Ramírez
T-1023,Taller de Educación Financiera,06/07/2023,daniel.gatica.demo51228@gmail.com,Daniel Gatica
T-1044,Taller Ahorro y Subsidio Habitacional,16/11/2025,julia.candia.demo7975@outlook.com,Julia Candia
T-1040,Asamblea Informativa DS49,01/12/2025,ismael.oyarce.demo51022@outlook.com,Ismael Oyarce
T-1019,Webinar: Cómo Postular al Subsidio Habitacional,28/12/2024,julia.montecino.demo29646@hotmail.com,Julia Montecino
T-1024,Charla: Déficit Habitacional en Chile,30/07/2024,mauricio.carreno.demo19133@outlook.com,Mauricio Carreño
T-1018,Jornada Comités de Vivienda - Región Metropolitana,22/05/2025,alessandro.lobos.demo38304@hotmail.com,Alessandro Lobos
T-1034,Asamblea Informativa DS49,30/01/2026,maria.vilches.demo35424@gmail.com,María Vilches
T-1050,Asamblea Informativa DS49,15/07/2023,christian.perez.demo51431@outlook.com,Christian Pérez
T-1049,Jornada Comités de Vivienda - Región Metropolitana,27/06/2025,clodomiro.yanez.demo36253@hotmail.com,Clodomiro Yáñez
T-1044,Jornada Comités de Vivienda - Región Metropolitana,28/07/2024,carol.cardenas.demo23652@outlook.com,Carol Cárdenas
T-1058,Jornada Comités de Vivienda - Región Metropolitana,26/08/2023,rodolfo.salazar.demo37808@yahoo.com,Rodolfo Salazar
T-1058,Webinar: Cómo Postular al Subsidio Habitacional,30/06/2023,loreto.briceno.demo12648@outlook.com,Loreto Briceño
T-1005,Taller de Postulación DS19 - Mayo 2026,09/06/2025,patricio.gomez.demo32156@outlook.com,Patricio Gómez
T-1022,Taller Ahorro y Subsidio Habitacional,21/10/2023,joaquin.neira.demo27433@yahoo.com,Joaquín Neira
T-1054,Jornada Comités de Vivienda - Región Metropolitana,08/01/2024,lorena.pardo.demo3712@gmail.com,Lorena Pardo
T-1018,Taller Subsidio Sectores Medios DS.01,12/03/2024,antonio.mora.demo29204@hotmail.com,Antonio Mora
T-1014,Charla: Déficit Habitacional en Chile,28/01/2024,constanza.gonzalez.demo17788@yahoo.com,Constanza González
T-1048,Taller de Educación Financiera,01/03/2025,norma.zuniga.demo1676@outlook.com,Norma Zúñiga
T-1005,Webinar: Cómo Postular al Subsidio Habitacional,28/07/2025,john.araya.demo41113@outlook.com,John Araya
T-1031,Webinar: Cómo Postular al Subsidio Habitacional,02/09/2024,carolina.gomez.demo7639@outlook.com,Carolina Gómez
T-1009,Jornada Comités de Vivienda - Región Metropolitana,07/08/2024,renato.segovia.demo26547@yahoo.com,Renato Segovia
T-1035,Taller de Educación Financiera,29/08/2025,juan.reyes.demo23765@outlook.com,Juan Reyes
T-1056,Asamblea Informativa DS49,22/06/2023,teresa.ruiz.demo51359@yahoo.com,Teresa Ruiz
T-1004,Charla: Déficit Habitacional en Chile,23/02/2025,emilia.torres.demo21315@outlook.com,Emilia Torres
T-1042,Jornada Comités de Vivienda - Región Metropolitana,22/12/2025,osvaldo.carrasco.demo3505@hotmail.com,Osvaldo Carrasco
T-1035,Asamblea Informativa DS49,19/01/2024,alejandro.concha.demo12570@hotmail.com,Alejandro Concha
T-1004,Asamblea Informativa DS49,20/02/2024,daniela.molina.demo50068@yahoo.com,Daniela Molina
T-1026,Taller de Postulación DS19 - Mayo 2026,03/05/2025,liliana.lopez.demo24632@gmail.com,Liliana López
T-1037,Webinar: Cómo Postular al Subsidio Habitacional,29/08/2024,aurora.gutierrez.demo3109@yahoo.com,Aurora Gutiérrez
T-1058,Taller de Postulación DS19 - Mayo 2026,22/06/2024,fabiola.hernandez.demo6708@outlook.com,Fabiola Hernández
T-1019,Webinar: Cómo Postular al Subsidio Habitacional,10/01/2023,ana.barrientos.demo40210@gmail.com,Ana Barrientos
T-1047,Taller Subsidio Sectores Medios DS.01,13/02/2024,olivia.gutierrez.demo27499@yahoo.com,Olivia Gutiérrez
T-1019,Taller Subsidio Sectores Medios DS.01,06/10/2024,rene.diaz.demo39135@outlook.com,René Díaz
T-1050,Jornada Comités de Vivienda - Región Metropolitana,15/06/2024,jeniffer.aguilera.demo33680@outlook.com,Jeniffer Aguilera
T-1054,Charla: Déficit Habitacional en Chile,05/05/2023,rene.letelier.demo49752@outlook.com,René Letelier
T-1057,Taller de Educación Financiera,15/06/2024,amalia.acevedo.demo10319@gmail.com,Amalia Acevedo
T-1006,Taller de Educación Financiera,28/10/2025,paola.araya.demo28515@gmail.com,Paola Araya
T-1051,Taller Subsidio Sectores Medios DS.01,09/05/2023,misael.cifuentes.demo38977@gmail.com,Misael Cifuentes
T-1018,Taller Ahorro y Subsidio Habitacional,15/03/2026,nicolas.maldonado.demo3622@yahoo.com,Nicolás Maldonado
T-1048,Jornada Comités de Vivienda - Región Metropolitana,16/12/2024,katherinne.cornejo.demo36425@yahoo.com,Katherinne Cornejo
T-1018,Taller Subsidio Sectores Medios DS.01,09/03/2026,marcia.aguilar.demo34754@yahoo.com,Marcia Aguilar
T-1033,Jornada Comités de Vivienda - Región Metropolitana,29/11/2024,alvaro.olivares.demo47193@hotmail.com,Álvaro Olivares
T-1009,Charla: Déficit Habitacional en Chile,30/08/2024,jorge.concha.demo6176@gmail.com,Jorge Concha
T-1032,Webinar: Cómo Postular al Subsidio Habitacional,12/06/2023,julian.henriquez.demo8949@yahoo.com,Julián Henríquez
T-1020,Taller Subsidio Sectores Medios DS.01,09/04/2023,john.marin.demo7057@hotmail.com,John Marín
T-1017,Taller de Postulación DS19 - Mayo 2026,05/11/2025,brenda.gonzalez.demo49348@outlook.com,Brenda González
T-1003,Taller Subsidio Sectores Medios DS.01,18/04/2025,carmen.bravo.demo21690@gmail.com,Carmen Bravo
T-1012,Taller Subsidio Sectores Medios DS.01,20/06/2025,daniela.concha.demo35952@hotmail.com,Daniela Concha
T-1019,Taller de Educación Financiera,05/07/2025,marcelo.garrido.demo39795@hotmail.com,Marcelo Garrido
T-1023,Taller Ahorro y Subsidio Habitacional,22/05/2024,pascual.gutierrez.demo22632@hotmail.com,Pascual Gutiérrez
T-1004,Taller Subsidio Sectores Medios DS.01,22/04/2024,javiera.valenzuela.demo18284@gmail.com,Javiera Valenzuela
T-1030,Taller de Postulación DS19 - Mayo 2026,28/06/2023,paula.acevedo.demo18787@outlook.com,Paula Acevedo
T-1055,Taller Ahorro y Subsidio Habitacional,16/10/2023,dominga.faundez.demo12463@gmail.com,Dominga Faúndez
T-1058,Asamblea Informativa DS49,16/04/2024,carlos.campos.demo15904@yahoo.com,Carlos Campos
T-1059,Charla: Déficit Habitacional en Chile,08/09/2024,antonella.gatica.demo21744@outlook.com,Antonella Gatica
T-1003,Charla: Déficit Habitacional en Chile,07/08/2025,angelica.hernandez.demo40131@yahoo.com,Angélica Hernández
T-1037,Taller Subsidio Sectores Medios DS.01,14/10/2025,jose.cortez.demo36288@outlook.com,José Cortez
T-1004,Taller de Educación Financiera,29/04/2025,mario.barrientos.demo1536@gmail.com,Mario Barrientos
T-1001,Taller de Postulación DS19 - Mayo 2026,17/08/2025,camila.palma.demo42495@outlook.com,Camila Palma
T-1050,Taller de Educación Financiera,12/07/2024,laura.rodriguez.demo42718@gmail.com,Laura Rodríguez
T-1024,Taller Ahorro y Subsidio Habitacional,11/07/2024,jose.vasquez.demo20981@hotmail.com,José Vásquez
T-1035,Charla: Déficit Habitacional en Chile,04/03/2026,jose.rodriguez.demo26414@outlook.com,José Rodríguez
T-1007,Charla: Déficit Habitacional en Chile,18/03/2025,victor.astudillo.demo12725@gmail.com,Víctor Astudillo
T-1030,Taller Subsidio Sectores Medios DS.01,26/09/2024,belen.sepulveda.demo22567@outlook.com,Belén Sepúlveda
T-1006,Taller Ahorro y Subsidio Habitacional,20/09/2023,humberto.avila.demo34991@outlook.com,Humberto Ávila
T-1008,Asamblea Informativa DS49,12/05/2024,nelson.garcia.demo11524@outlook.com,Nelson García
T-1043,Asamblea Informativa DS49,15/07/2024,jorge.diaz.demo21539@outlook.com,Jorge Díaz
T-1043,Taller de Postulación DS19 - Mayo 2026,21/06/2023,olivia.arancibia.demo25297@yahoo.com,Olivia Arancibia
T-1036,Asamblea Informativa DS49,09/08/2025,claudia.leiva.demo9657@yahoo.com,Claudia Leiva
T-1048,Taller de Educación Financiera,20/01/2026,evelyn.torres.demo50970@yahoo.com,Evelyn Torres
T-1037,Webinar: Cómo Postular al Subsidio Habitacional,15/02/2023,javiera.sanchez.demo29973@gmail.com,Javiera Sánchez
T-1005,Asamblea Informativa DS49,14/01/2025,alejandro.astorga.demo24588@outlook.com,Alejandro Astorga
T-1040,Taller Ahorro y Subsidio Habitacional,13/11/2023,julian.cisterna.demo32811@outlook.com,Julián Cisterna
T-1006,Jornada Comités de Vivienda - Región Metropolitana,21/02/2026,maria.rodriguez.demo32706@gmail.com,María Rodríguez
T-1031,Asamblea Informativa DS49,14/09/2023,elvira.toledo.demo26161@outlook.com,Elvira Toledo
T-1047,Charla: Déficit Habitacional en Chile,08/10/2025,sergio.saavedra.demo7348@yahoo.com,Sergio Saavedra
T-1012,Webinar: Cómo Postular al Subsidio Habitacional,02/08/2024,valentina.rojas.demo39471@gmail.com,Valentina Rojas
T-1036,Taller Subsidio Sectores Medios DS.01,06/11/2025,anais.olmedo.demo24117@yahoo.com,Anaís Olmedo
T-1039,Charla: Déficit Habitacional en Chile,26/10/2024,ronald.vega.demo10767@gmail.com,Ronald Vega
T-1057,Taller de Educación Financiera,02/12/2025,ruby.torres.demo49405@yahoo.com,Ruby Torres
T-1001,Webinar: Cómo Postular al Subsidio Habitacional,07/05/2023,humberto.burgos.demo37827@gmail.com,Humberto Burgos
T-1000,Taller de Educación Financiera,13/07/2025,santiago.lara.demo24546@yahoo.com,Santiago Lara
T-1006,Taller Ahorro y Subsidio Habitacional,30/11/2023,jorge.morales.demo41504@outlook.com,Jorge Morales
T-1057,Jornada Comités de Vivienda - Región Metropolitana,10/08/2023,manuel.candia.demo7808@yahoo.com,Manuel Candia
T-1034,Asamblea Informativa DS49,29/07/2023,diego.lopez.demo50668@outlook.com,Diego López
T-1015,Asamblea Informativa DS49,05/04/2024,rosalia.gonzalez.demo19838@gmail.com,Rosalía González
T-1005,Webinar: Cómo Postular al Subsidio Habitacional,03/03/2023,maria.guerrero.demo8315@gmail.com,María Guerrero
T-1039,Asamblea Informativa DS49,16/07/2024,hector.garcia.demo25667@gmail.com,Héctor García
T-1019,Taller de Postulación DS19 - Mayo 2026,26/06/2024,carmen.parra.demo48848@hotmail.com,Carmen Parra
T-1042,Webinar: Cómo Postular al Subsidio Habitacional,25/07/2023,freddy.contreras.demo6983@gmail.com,Freddy Contreras
T-1052,Taller Subsidio Sectores Medios DS.01,04/07/2023,francisco.montecino.demo36241@yahoo.com,Francisco Montecino
T-1014,Taller Ahorro y Subsidio Habitacional,13/02/2023,soledad.flores.demo10473@yahoo.com,Soledad Flores
T-1050,Jornada Comités de Vivienda - Región Metropolitana,01/02/2025,catalina.hurtado.demo1420@hotmail.com,Catalina Hurtado
T-1042,Taller Ahorro y Subsidio Habitacional,23/06/2025,octavio.aravena.demo20743@gmail.com,Octavio Aravena
T-1002,Asamblea Informativa DS49,03/04/2025,luis.ramirez.demo39959@outlook.com,Luis Ramírez
T-1021,Taller Subsidio Sectores Medios DS.01,28/03/2025,luis.uribe.demo46966@gmail.com,Luis Uribe
T-1009,Taller Subsidio Sectores Medios DS.01,15/03/2024,benjamin.fernandez.demo30054@gmail.com,Benjamín Fernández
T-1017,Jornada Comités de Vivienda - Región Metropolitana,28/11/2025,pablo.gonzalez.demo43672@outlook.com,Pablo González
T-1026,Jornada Comités de Vivienda - Región Metropolitana,03/01/2025,luis.rebolledo.demo16132@gmail.com,Luis Rebolledo
T-1018,Charla: Déficit Habitacional en Chile,04/01/2024,jose.munoz.demo16011@gmail.com,José Muñoz
T-1047,Taller de Postulación DS19 - Mayo 2026,24/05/2023,marcelo.montecinos.demo19691@gmail.com,Marcelo Montecinos
T-1015,Taller Ahorro y Subsidio Habitacional,20/04/2025,flor.castillo.demo33921@hotmail.com,Flor Castillo
T-1025,Jornada Comités de Vivienda - Región Metropolitana,15/03/2024,javier.munoz.demo16070@hotmail.com,Javier Muñoz
T-1051,Webinar: Cómo Postular al Subsidio Habitacional,18/07/2025,carolina.martinez.demo18951@yahoo.com,Carolina Martínez
T-1051,Jornada Comités de Vivienda - Región Metropolitana,15/11/2025,ricardo.acevedo.demo13294@yahoo.com,Ricardo Acevedo
T-1023,Taller Subsidio Sectores Medios DS.01,19/09/2024,hector.maldonado.demo12484@outlook.com,Héctor Maldonado
T-1054,Taller Ahorro y Subsidio Habitacional,30/04/2025,alison.briones.demo42280@gmail.com,Alison Briones
T-1007,Taller de Educación Financiera,16/04/2026,dominga.avila.demo33024@outlook.com,Dominga Ávila
T-1001,Taller Ahorro y Subsidio Habitacional,01/02/2026,antonia.torres.demo30937@outlook.com,Antonia Torres
T-1016,Taller Subsidio Sectores Medios DS.01,06/02/2025,rodrigo.flores.demo20372@outlook.com,Rodrigo Flores
T-1038,Taller Ahorro y Subsidio Habitacional,26/07/2024,magdalena.aravena.demo15933@gmail.com,Magdalena Aravena
T-1038,Taller Subsidio Sectores Medios DS.01,10/03/2026,ivan.rubilar.demo33685@yahoo.com,Iván Rubilar
T-1039,Jornada Comités de Vivienda - Región Metropolitana,07/06/2025,claudia.lopez.demo6089@hotmail.com,Claudia López
T-1042,Asamblea Informativa DS49,15/01/2026,alexander.morales.demo34913@yahoo.com,Alexander Morales
T-1024,Taller de Postulación DS19 - Mayo 2026,07/08/2025,carlos.escobar.demo9056@yahoo.com,Carlos Escobar
T-1043,Taller de Postulación DS19 - Mayo 2026,07/02/2025,jorge.cruz.demo46504@hotmail.com,Jorge Cruz
T-1050,Asamblea Informativa DS49,18/05/2024,jose.vilches.demo49711@outlook.com,José Vilches
T-1043,Jornada Comités de Vivienda - Región Metropolitana,26/06/2023,josefa.avila.demo44079@hotmail.com,Josefa Ávila
T-1027,Taller de Postulación DS19 - Mayo 2026,01/10/2024,bastian.moreno.demo18661@outlook.com,Bastián Moreno
T-1018,Charla: Déficit Habitacional en Chile,29/04/2026,iris.torres.demo8895@yahoo.com,Iris Torres
T-1055,Webinar: Cómo Postular al Subsidio Habitacional,13/08/2024,maria.estrada.demo15129@yahoo.com,María Estrada
T-1007,Taller de Postulación DS19 - Mayo 2026,17/06/2023,veronica.quiroga.demo40290@gmail.com,Verónica Quiroga
T-1033,Taller Ahorro y Subsidio Habitacional,24/04/2024,elizabeth.borquez.demo37849@outlook.com,Elizabeth Bórquez
T-1059,Taller de Postulación DS19 - Mayo 2026,05/03/2025,rodrigo.ulloa.demo14539@yahoo.com,Rodrigo Ulloa
T-1024,Taller de Postulación DS19 - Mayo 2026,07/08/2024,luis.venegas.demo13750@gmail.com,Luis Venegas
T-1028,Charla: Déficit Habitacional en Chile,18/05/2026,florencia.villanueva.demo14710@hotmail.com,Florencia Villanueva
T-1013,Asamblea Informativa DS49,11/07/2025,bastian.leiva.demo8844@hotmail.com,Bastián Leiva
T-1022,Jornada Comités de Vivienda - Región Metropolitana,19/11/2024,marlene.cisternas.demo29420@yahoo.com,Marlene Cisternas
T-1024,Jornada Comités de Vivienda - Región Metropolitana,20/06/2023,valeska.ulloa.demo18208@outlook.com,Valeska Ulloa
T-1035,Taller Ahorro y Subsidio Habitacional,09/01/2024,ana.maldonado.demo39007@yahoo.com,Ana Maldonado
T-1016,Taller de Postulación DS19 - Mayo 2026,06/07/2023,luis.rodriguez.demo3686@hotmail.com,Luis Rodríguez
T-1024,Taller de Educación Financiera,09/02/2025,guillermina.saavedra.demo44602@gmail.com,Guillermina Saavedra
T-1046,Taller de Postulación DS19 - Mayo 2026,16/12/2023,jose.padilla.demo11386@outlook.com,José Padilla
T-1013,Taller de Postulación DS19 - Mayo 2026,07/06/2024,margarita.vidal.demo9055@outlook.com,Margarita Vidal
T-1012,Taller Subsidio Sectores Medios DS.01,17/02/2026,maria.diaz.demo4764@outlook.com,María Díaz
T-1035,Jornada Comités de Vivienda - Región Metropolitana,05/03/2023,santino.valenzuela.demo19367@yahoo.com,Santino Valenzuela
T-1042,Taller Subsidio Sectores Medios DS.01,28/09/2023,celia.vergara.demo18036@yahoo.com,Celia Vergara
T-1059,Webinar: Cómo Postular al Subsidio Habitacional,07/12/2024,diego.bravo.demo9896@gmail.com,Diego Bravo
T-1036,Charla: Déficit Habitacional en Chile,22/04/2023,lorena.ordenes.demo16995@yahoo.com,Lorena Órdenes
T-1029,Charla: Déficit Habitacional en Chile,25/10/2023,erick.diaz.demo48967@gmail.com,Erick Díaz
T-1033,Taller Ahorro y Subsidio Habitacional,15/04/2025,olivia.martinez.demo7641@yahoo.com,Olivia Martínez
T-1054,Taller Subsidio Sectores Medios DS.01,17/02/2026,humberto.madariaga.demo12857@gmail.com,Humberto Madariaga
T-1057,Asamblea Informativa DS49,13/09/2025,melissa.abarca.demo27687@outlook.com,Melissa Abarca
T-1050,Taller Ahorro y Subsidio Habitacional,17/04/2024,dario.flores.demo24919@hotmail.com,Darío Flores
T-1051,Taller de Postulación DS19 - Mayo 2026,07/02/2023,amelia.mella.demo41155@outlook.com,Amelia Mella
T-1014,Taller de Educación Financiera,03/08/2023,macarena.vallejos.demo17800@gmail.com,Macarena Vallejos
T-1026,Webinar: Cómo Postular al Subsidio Habitacional,25/03/2023,julieta.avila.demo27715@yahoo.com,Julieta Ávila
T-1000,Taller de Educación Financiera,09/06/2023,ernesto.montecinos.demo47234@yahoo.com,Ernesto Montecinos
T-1028,Taller de Postulación DS19 - Mayo 2026,26/11/2023,francisco.lopez.demo1590@hotmail.com,Francisco López
T-1012,Taller de Educación Financiera,29/03/2023,carolina.tapia.demo6619@hotmail.com,Carolina Tapia
T-1028,Jornada Comités de Vivienda - Región Metropolitana,12/09/2025,angela.ramirez.demo50787@outlook.com,Ángela Ramírez
T-1019,Asamblea Informativa DS49,02/05/2025,yesica.castillo.demo45212@gmail.com,Yesica Castillo
T-1030,Taller de Educación Financiera,23/04/2023,franz.badilla.demo44158@hotmail.com,Franz Badilla
T-1046,Jornada Comités de Vivienda - Región Metropolitana,10/08/2025,daniel.gonzalez.demo7839@gmail.com,Daniel González
T-1054,Taller de Postulación DS19 - Mayo 2026,17/07/2025,patricia.villar.demo13961@gmail.com,Patricia Villar
T-1059,Asamblea Informativa DS49,21/09/2024,ema.mendoza.demo12336@gmail.com,Ema Mendoza
T-1033,Taller Ahorro y Subsidio Habitacional,16/04/2023,angel.vargas.demo28250@outlook.com,Ángel Vargas
T-1024,Webinar: Cómo Postular al Subsidio Habitacional,13/12/2025,jordan.aguayo.demo36874@yahoo.com,Jordán Aguayo
T-1012,Taller Subsidio Sectores Medios DS.01,29/07/2023,marlene.leal.demo25477@gmail.com,Marlene Leal
T-1016,Jornada Comités de Vivienda - Región Metropolitana,07/09/2025,bernarda.plaza.demo9378@yahoo.com,Bernarda Plaza
T-1003,Jornada Comités de Vivienda - Región Metropolitana,14/01/2024,carlos.valderrama.demo13849@outlook.com,Carlos Valderrama
T-1020,Webinar: Cómo Postular al Subsidio Habitacional,24/08/2023,benjamin.contreras.demo8667@gmail.com,Benjamín Contreras
T-1044,Asamblea Informativa DS49,21/03/2026,elizabeth.herrera.demo37518@outlook.com,Elizabeth Herrera
T-1000,Taller de Postulación DS19 - Mayo 2026,17/11/2023,gabriela.escobar.demo48823@gmail.com,Gabriela Escobar
T-1058,Webinar: Cómo Postular al Subsidio Habitacional,05/08/2023,marcelo.garrido.demo27663@outlook.com,Marcelo Garrido
T-1052,Webinar: Cómo Postular al Subsidio Habitacional,31/08/2024,carolina.mellado.demo41609@outlook.com,Carolina Mellado
T-1001,Charla: Déficit Habitacional en Chile,04/10/2025,leonardo.letelier.demo3027@outlook.com,Leonardo Letelier
T-1039,Taller Subsidio Sectores Medios DS.01,22/08/2024,yesenia.ulloa.demo29770@yahoo.com,Yesenia Ulloa
T-1049,Charla: Déficit Habitacional en Chile,09/09/2023,leandro.arellano.demo37048@outlook.com,Leandro Arellano
T-1017,Taller de Postulación DS19 - Mayo 2026,02/02/2025,alex.gonzalez.demo23623@outlook.com,Alex González
T-1010,Asamblea Informativa DS49,29/04/2025,fabian.cid.demo40591@outlook.com,Fabián Cid
T-1016,Webinar: Cómo Postular al Subsidio Habitacional,24/12/2023,alexis.figueroa.demo17562@outlook.com,Alexis Figueroa
T-1051,Asamblea Informativa DS49,13/10/2023,alejandra.roman.demo25010@gmail.com,Alejandra Román
T-1017,Taller Subsidio Sectores Medios DS.01,18/05/2024,maria.rodriguez.demo33905@outlook.com,María Rodríguez
T-1030,Taller de Postulación DS19 - Mayo 2026,07/02/2024,cristian.campos.demo19799@outlook.com,Cristian Campos
T-1005,Webinar: Cómo Postular al Subsidio Habitacional,26/01/2024,heriberto.carcamo.demo49350@hotmail.com,Heriberto Cárcamo
T-1018,Webinar: Cómo Postular al Subsidio Habitacional,20/06/2024,ayelen.sandoval.demo11001@outlook.com,Ayelén Sandoval
T-1007,Taller Subsidio Sectores Medios DS.01,27/10/2024,emily.perez.demo15981@yahoo.com,Emily Pérez
T-1052,Taller de Educación Financiera,19/07/2024,silvia.romero.demo16567@yahoo.com,Silvia Romero
T-1011,Taller Ahorro y Subsidio Habitacional,03/01/2024,leslie.leon.demo13284@gmail.com,Leslie León
T-1034,Taller de Postulación DS19 - Mayo 2026,08/05/2025,nelly.gajardo.demo37501@yahoo.com,Nelly Gajardo
T-1019,Taller Subsidio Sectores Medios DS.01,26/05/2025,ernesto.munoz.demo16616@gmail.com,Ernesto Muñoz
T-1021,Charla: Déficit Habitacional en Chile,24/06/2025,elias.fernandez.demo34456@outlook.com,Elías Fernández
T-1051,Taller de Postulación DS19 - Mayo 2026,04/08/2023,gonzalo.torres.demo41645@outlook.com,Gonzalo Torres
T-1044,Asamblea Informativa DS49,03/01/2025,daniel.jorquera.demo27686@outlook.com,Daniel Jorquera
T-1033,Taller Subsidio Sectores Medios DS.01,23/07/2025,camila.sierra.demo40075@hotmail.com,Camila Sierra
T-1013,Charla: Déficit Habitacional en Chile,01/12/2025,karen.montenegro.demo31628@hotmail.com,Karen Montenegro
T-1051,Jornada Comités de Vivienda - Región Metropolitana,18/01/2024,german.romero.demo17350@gmail.com,Germán Romero
T-1049,Taller Subsidio Sectores Medios DS.01,01/04/2025,alexandra.pereira.demo36311@hotmail.com,Alexandra Pereira
T-1032,Taller de Postulación DS19 - Mayo 2026,27/12/2024,adriana.espinoza.demo48189@yahoo.com,Adriana Espinoza
T-1055,Asamblea Informativa DS49,27/08/2023,yeison.tapia.demo1793@yahoo.com,Yeison Tapia
T-1026,Taller de Educación Financiera,05/07/2023,jose.vasquez.demo29098@gmail.com,José Vásquez
T-1011,Webinar: Cómo Postular al Subsidio Habitacional,02/11/2024,aurora.guerrero.demo32376@outlook.com,Aurora Guerrero
T-1056,Jornada Comités de Vivienda - Región Metropolitana,02/08/2023,alexis.burgos.demo24731@yahoo.com,Alexis Burgos
T-1000,Taller de Postulación DS19 - Mayo 2026,10/01/2026,matias.urzua.demo18849@hotmail.com,Matías Urzúa
T-1059,Webinar: Cómo Postular al Subsidio Habitacional,07/06/2024,joaquin.araya.demo14398@hotmail.com,Joaquín Araya
T-1044,Webinar: Cómo Postular al Subsidio Habitacional,27/01/2025,francisco.lopez.demo5247@gmail.com,Francisco López
T-1023,Taller de Educación Financiera,17/12/2025,jorge.torres.demo6573@outlook.com,Jorge Torres
T-1017,Taller de Postulación DS19 - Mayo 2026,19/11/2023,nancy.santana.demo14145@hotmail.com,Nancy Santana
T-1046,Webinar: Cómo Postular al Subsidio Habitacional,30/11/2025,luis.gajardo.demo43901@hotmail.com,Luis Gajardo
T-1049,Taller de Postulación DS19 - Mayo 2026,12/11/2024,sonia.dominguez.demo36221@hotmail.com,Sonia Domínguez
T-1041,Charla: Déficit Habitacional en Chile,15/06/2024,emma.sepulveda.demo31898@outlook.com,Emma Sepúlveda
T-1029,Taller de Educación Financiera,05/05/2024,jorge.norambuena.demo20526@outlook.com,Jorge Norambuena
T-1010,Jornada Comités de Vivienda - Región Metropolitana,03/01/2025,jaime.morales.demo25690@hotmail.com,Jaime Morales
T-1027,Taller Ahorro y Subsidio Habitacional,24/11/2024,barbara.nunez.demo25403@outlook.com,Bárbara Núñez
T-1022,Taller de Educación Financiera,08/06/2023,monica.navarro.demo34423@yahoo.com,Mónica Navarro
T-1001,Asamblea Informativa DS49,19/11/2023,norma.segura.demo48945@yahoo.com,Norma Segura
T-1038,Webinar: Cómo Postular al Subsidio Habitacional,17/02/2026,oscar.ramirez.demo34270@gmail.com,Oscar Ramírez
T-1044,Taller de Educación Financiera,10/03/2023,hector.flores.demo32034@outlook.com,Héctor Flores
T-1038,Taller Ahorro y Subsidio Habitacional,14/05/2026,angie.herrera.demo897@outlook.com,Angie Herrera
T-1027,Taller de Educación Financiera,03/03/2023,carolina.plaza.demo33846@gmail.com,Carolina Plaza
T-1036,Jornada Comités de Vivienda - Región Metropolitana,02/09/2025,julia.valenzuela.demo20178@gmail.com,Julia Valenzuela
T-1041,Charla: Déficit Habitacional en Chile,29/09/2025,dolores.jimenez.demo2042@outlook.com,Dolores Jiménez
T-1055,Charla: Déficit Habitacional en Chile,29/07/2024,carlos.mora.demo18435@hotmail.com,Carlos Mora
T-1015,Taller Ahorro y Subsidio Habitacional,25/12/2023,veronica.acevedo.demo7291@yahoo.com,Verónica Acevedo
T-1019,Charla: Déficit Habitacional en Chile,13/04/2024,juan.carvajal.demo38074@outlook.com,Juan Carvajal
T-1011,Taller de Educación Financiera,15/01/2024,lidia.araya.demo13570@yahoo.com,Lidia Araya
T-1040,Charla: Déficit Habitacional en Chile,02/06/2024,valentina.parra.demo32712@yahoo.com,Valentina Parra
T-1022,Charla: Déficit Habitacional en Chile,28/04/2026,evelyn.valencia.demo50744@outlook.com,Evelyn Valencia
T-1044,Charla: Déficit Habitacional en Chile,31/03/2026,maria.ferrada.demo48591@hotmail.com,María Ferrada
T-1007,Taller Subsidio Sectores Medios DS.01,05/05/2025,luis.becerra.demo43603@outlook.com,Luis Becerra
T-1026,Jornada Comités de Vivienda - Región Metropolitana,05/06/2024,maria.espinoza.demo48162@gmail.com,María Espinoza
T-1057,Taller Ahorro y Subsidio Habitacional,31/01/2025,claudio.valenzuela.demo36073@outlook.com,Claudio Valenzuela
T-1000,Taller Ahorro y Subsidio Habitacional,23/09/2024,marisol.ortega.demo51617@hotmail.com,Marisol Ortega
T-1043,Taller Subsidio Sectores Medios DS.01,15/02/2023,jennifer.navarrete.demo47344@hotmail.com,Jennifer Navarrete
T-1000,Taller de Educación Financiera,23/07/2023,jose.salazar.demo33295@outlook.com,José Salazar
T-1036,Webinar: Cómo Postular al Subsidio Habitacional,05/12/2025,sergio.munoz.demo32926@gmail.com,Sergio Muñoz
T-1009,Jornada Comités de Vivienda - Región Metropolitana,22/12/2023,jose.soto.demo8708@outlook.com,José Soto
T-1044,Taller de Educación Financiera,04/03/2024,jairo.caballero.demo28321@gmail.com,Jairo Caballero
T-1044,Charla: Déficit Habitacional en Chile,02/05/2026,manuel.torres.demo22890@yahoo.com,Manuel Torres
T-1058,Charla: Déficit Habitacional en Chile,06/04/2026,mercedes.vallejos.demo40982@yahoo.com,Mercedes Vallejos
T-1026,Taller Ahorro y Subsidio Habitacional,22/03/2026,rocio.sepulveda.demo39011@yahoo.com,Rocío Sepúlveda
T-1042,Taller Subsidio Sectores Medios DS.01,10/01/2026,anibal.contreras.demo10221@gmail.com,Aníbal Contreras
T-1052,Jornada Comités de Vivienda - Región Metropolitana,24/02/2023,luciana.veliz.demo6776@gmail.com,Luciana Véliz
T-1032,Webinar: Cómo Postular al Subsidio Habitacional,03/01/2025,perla.silva.demo36199@yahoo.com,Perla Silva
T-1008,Taller de Educación Financiera,02/09/2025,catherine.duran.demo37347@outlook.com,Catherine Durán
T-1045,Taller Ahorro y Subsidio Habitacional,06/10/2023,maite.calderon.demo28477@hotmail.com,Maite Calderón
T-1023,Jornada Comités de Vivienda - Región Metropolitana,14/09/2024,jeannette.moya.demo29347@yahoo.com,Jeannette Moya
T-1044,Taller Ahorro y Subsidio Habitacional,24/06/2023,javier.arancibia.demo50454@outlook.com,Javier Arancibia
T-1018,Taller Subsidio Sectores Medios DS.01,17/05/2023,luis.huerta.demo47799@hotmail.com,Luis Huerta
T-1044,Taller Ahorro y Subsidio Habitacional,14/05/2023,benjamin.mancilla.demo5359@gmail.com,Benjamín Mancilla
T-1030,Taller de Postulación DS19 - Mayo 2026,20/04/2023,maribel.faundez.demo6140@yahoo.com,Maribel Faúndez
T-1024,Taller de Postulación DS19 - Mayo 2026,04/08/2023,matias.sandoval.demo30811@yahoo.com,Matías Sandoval
T-1021,Charla: Déficit Habitacional en Chile,15/05/2025,magaly.arce.demo32610@hotmail.com,Magaly Arce
T-1055,Taller de Postulación DS19 - Mayo 2026,09/02/2026,rene.lopez.demo48440@gmail.com,René López
T-1039,Asamblea Informativa DS49,29/09/2024,adelaida.vejar.demo37963@hotmail.com,Adelaida Vejar
T-1023,Taller Ahorro y Subsidio Habitacional,07/02/2026,santiago.rodriguez.demo19446@gmail.com,Santiago Rodríguez
T-1017,Taller de Educación Financiera,17/05/2024,franchesca.espinoza.demo20212@hotmail.com,Franchesca Espinoza
T-1041,Webinar: Cómo Postular al Subsidio Habitacional,08/02/2023,luis.soto.demo13589@outlook.com,Luis Soto
T-1028,Asamblea Informativa DS49,15/06/2024,francisco.navarrete.demo7496@hotmail.com,Francisco Navarrete
T-1030,Taller de Postulación DS19 - Mayo 2026,28/01/2025,maite.bernal.demo19727@outlook.com,Maite Bernal
T-1027,Charla: Déficit Habitacional en Chile,23/07/2023,emilia.avalos.demo45024@outlook.com,Emilia Ávalos
T-1030,Taller Ahorro y Subsidio Habitacional,22/05/2026,karen.saavedra.demo46056@gmail.com,Karen Saavedra
T-1049,Charla: Déficit Habitacional en Chile,28/10/2024,mauricio.garrido.demo38818@yahoo.com,Mauricio Garrido
T-1034,Taller Ahorro y Subsidio Habitacional,04/01/2026,diego.pizarro.demo32697@outlook.com,Diego Pizarro
T-1016,Webinar: Cómo Postular al Subsidio Habitacional,24/01/2025,amanda.salazar.demo28666@hotmail.com,Amanda Salazar
T-1000,Charla: Déficit Habitacional en Chile,12/05/2024,claudina.rivera.demo48829@outlook.com,Claudina Rivera
T-1016,Taller Subsidio Sectores Medios DS.01,29/01/2026,samuel.vejar.demo16014@gmail.com,Samuel Vejar
T-1038,Webinar: Cómo Postular al Subsidio Habitacional,01/10/2025,ronald.quiroz.demo49765@gmail.com,Ronald Quiroz
T-1056,Charla: Déficit Habitacional en Chile,15/11/2025,oscar.ibarra.demo40274@yahoo.com,Oscar Ibarra
T-1051,Taller de Educación Financiera,19/01/2025,jorge.ramirez.demo23997@gmail.com,Jorge Ramírez
T-1028,Taller de Postulación DS19 - Mayo 2026,27/04/2023,pamela.dominguez.demo39472@yahoo.com,Pamela Domínguez
T-1005,Webinar: Cómo Postular al Subsidio Habitacional,23/09/2024,michelle.rojas.demo279@outlook.com,Michelle Rojas
T-1002,Charla: Déficit Habitacional en Chile,05/11/2023,mercedes.gonzalez.demo5865@yahoo.com,Mercedes González
T-1033,Taller de Postulación DS19 - Mayo 2026,04/01/2024,catalina.bustamante.demo50656@outlook.com,Catalina Bustamante
T-1028,Taller de Postulación DS19 - Mayo 2026,15/07/2024,fernando.jara.demo36235@gmail.com,Fernando Jara
T-1012,Charla: Déficit Habitacional en Chile,02/05/2025,edison.medina.demo1367@hotmail.com,Edison Medina
T-1012,Jornada Comités de Vivienda - Región Metropolitana,28/12/2024,nelson.gomez.demo21570@hotmail.com,Nelson Gómez
T-1023,Taller de Educación Financiera,14/02/2024,natalia.astudillo.demo16595@gmail.com,Natalia Astudillo
T-1055,Jornada Comités de Vivienda - Región Metropolitana,06/01/2023,edward.reyes.demo7171@gmail.com,Edward Reyes
T-1030,Taller de Educación Financiera,14/08/2025,herminda.gonzalez.demo14630@outlook.com,Herminda González
T-1050,Charla: Déficit Habitacional en Chile,28/03/2026,camilo.zapata.demo5861@yahoo.com,Camilo Zapata
T-1047,Webinar: Cómo Postular al Subsidio Habitacional,27/04/2023,julian.carrasco.demo19925@gmail.com,Julián Carrasco
T-1052,Taller Subsidio Sectores Medios DS.01,28/03/2023,katherine.serrano.demo33469@hotmail.com,Katherine Serrano
T-1039,Taller Ahorro y Subsidio Habitacional,13/08/2023,evelyn.vasquez.demo1076@hotmail.com,Evelyn Vásquez
T-1016,Jornada Comités de Vivienda - Región Metropolitana,10/01/2025,joaquin.valenzuela.demo4840@outlook.com,Joaquín Valenzuela
T-1036,Jornada Comités de Vivienda - Región Metropolitana,31/03/2025,adriana.ortega.demo18092@yahoo.com,Adriana Ortega
T-1016,Jornada Comités de Vivienda - Región Metropolitana,29/10/2025,alfonso.brito.demo8001@hotmail.com,Alfonso Brito
T-1028,Taller de Postulación DS19 - Mayo 2026,14/03/2026,cristian.arancibia.demo14351@yahoo.com,Cristian Arancibia
T-1045,Jornada Comités de Vivienda - Región Metropolitana,26/12/2023,carlos.rivera.demo13874@gmail.com,Carlos Rivera
T-1028,Taller de Postulación DS19 - Mayo 2026,05/06/2025,alejandra.caceres.demo34559@gmail.com,Alejandra Cáceres
T-1053,Taller Ahorro y Subsidio Habitacional,08/04/2023,martin.nunez.demo34121@yahoo.com,Martín Núñez
T-1022,Taller Ahorro y Subsidio Habitacional,19/04/2025,yasna.retamal.demo25902@hotmail.com,Yasna Retamal
T-1058,Asamblea Informativa DS49,17/05/2025,abel.avila.demo33120@yahoo.com,Abel Ávila
T-1053,Taller Ahorro y Subsidio Habitacional,07/02/2024,oscar.santana.demo16284@yahoo.com,Oscar Santana
T-1053,Taller de Postulación DS19 - Mayo 2026,13/03/2023,alicia.cerda.demo12870@yahoo.com,Alicia Cerda
T-1044,Taller de Educación Financiera,01/11/2023,alvaro.ceballos.demo11552@hotmail.com,Álvaro Ceballos
T-1013,Asamblea Informativa DS49,06/01/2024,rafael.chavez.demo7416@hotmail.com,Rafael Chávez
T-1052,Asamblea Informativa DS49,17/11/2025,jose.lopez.demo26807@hotmail.com,José López
T-1006,Taller de Educación Financiera,18/02/2025,ana.borquez.demo6263@hotmail.com,Ana Bórquez
T-1058,Jornada Comités de Vivienda - Región Metropolitana,09/12/2023,gaspar.araya.demo23145@outlook.com,Gaspar Araya
T-1016,Charla: Déficit Habitacional en Chile,12/12/2023,alberto.rojas.demo42378@hotmail.com,Alberto Rojas
T-1011,Taller Ahorro y Subsidio Habitacional,07/01/2023,valentina.gonzalez.demo46309@outlook.com,Valentina González
T-1010,Taller Subsidio Sectores Medios DS.01,25/04/2025,elena.ruiz.demo19165@outlook.com,Elena Ruiz
T-1029,Taller Ahorro y Subsidio Habitacional,01/03/2026,luis.jimenez.demo28306@gmail.com,Luis Jiménez
T-1026,Asamblea Informativa DS49,30/03/2026,carla.leal.demo46118@hotmail.com,Carla Leal
T-1043,Webinar: Cómo Postular al Subsidio Habitacional,21/03/2025,abraham.molina.demo36131@hotmail.com,Abraham Molina
T-1041,Webinar: Cómo Postular al Subsidio Habitacional,09/03/2025,luis.tapia.demo5220@yahoo.com,Luis Tapia
T-1028,Jornada Comités de Vivienda - Región Metropolitana,01/05/2023,marianela.salgado.demo21626@gmail.com,Marianela Salgado
T-1004,Webinar: Cómo Postular al Subsidio Habitacional,27/09/2023,maribel.herrera.demo35919@gmail.com,Maribel Herrera
T-1042,Taller de Postulación DS19 - Mayo 2026,20/02/2023,luis.tapia.demo26355@yahoo.com,Luis Tapia
T-1048,Taller Subsidio Sectores Medios DS.01,22/12/2024,amalia.palacios.demo18266@yahoo.com,Amalia Palacios
T-1050,Taller Ahorro y Subsidio Habitacional,10/09/2025,benjamin.cifuentes.demo44637@hotmail.com,Benjamín Cifuentes
T-1043,Taller Ahorro y Subsidio Habitacional,31/01/2024,jaime.zambrano.demo24407@yahoo.com,Jaime Zambrano
T-1052,Taller de Postulación DS19 - Mayo 2026,11/01/2023,fabian.viveros.demo39271@gmail.com,Fabián Viveros
T-1036,Charla: Déficit Habitacional en Chile,13/11/2023,daniel.martinez.demo21420@hotmail.com,Daniel Martínez
T-1045,Taller Ahorro y Subsidio Habitacional,10/05/2025,marianela.diaz.demo31342@yahoo.com,Marianela Díaz
T-1045,Webinar: Cómo Postular al Subsidio Habitacional,04/05/2023,blanca.hernandez.demo33251@outlook.com,Blanca Hernández
T-1000,Jornada Comités de Vivienda - Región Metropolitana,15/03/2024,mateo.carreno.demo34330@yahoo.com,Mateo Carreño
T-1028,Asamblea Informativa DS49,25/02/2023,josefa.salgado.demo8671@gmail.com,Josefa Salgado
T-1016,Jornada Comités de Vivienda - Región Metropolitana,03/11/2025,ernesto.espinoza.demo20912@gmail.com,Ernesto Espinoza
T-1027,Taller Subsidio Sectores Medios DS.01,10/09/2024,patricia.sepulveda.demo8962@yahoo.com,Patricia Sepúlveda
T-1024,Taller Subsidio Sectores Medios DS.01,22/04/2023,harold.orrego.demo21979@yahoo.com,Harold Orrego
T-1043,Taller de Postulación DS19 - Mayo 2026,09/01/2023,graciela.avalos.demo26237@yahoo.com,Graciela Ávalos
T-1042,Asamblea Informativa DS49,28/02/2025,miguel.aravena.demo21968@yahoo.com,Miguel Aravena
T-1050,Taller de Educación Financiera,01/04/2023,viviana.lagos.demo41973@outlook.com,Viviana Lagos
T-1057,Taller de Postulación DS19 - Mayo 2026,03/09/2024,felipe.molina.demo10128@gmail.com,Felipe Molina
T-1009,Taller de Postulación DS19 - Mayo 2026,20/10/2023,juan.medina.demo30760@outlook.com,Juan Medina
T-1030,Webinar: Cómo Postular al Subsidio Habitacional,15/01/2025,miguel.concha.demo33569@hotmail.com,Miguel Concha
T-1045,Taller de Educación Financiera,10/09/2025,leandro.quezada.demo3463@gmail.com,Leandro Quezada
T-1032,Jornada Comités de Vivienda - Región Metropolitana,14/03/2026,mabel.santana.demo16473@gmail.com,Mabel Santana
T-1021,Taller de Postulación DS19 - Mayo 2026,02/04/2025,alejandro.rivera.demo21884@outlook.com,Alejandro Rivera
T-1018,Charla: Déficit Habitacional en Chile,20/05/2024,hector.gonzalez.demo38322@gmail.com,Héctor González
T-1017,Taller Ahorro y Subsidio Habitacional,17/09/2024,augusto.ibanez.demo12232@hotmail.com,Augusto Ibáñez
T-1036,Taller de Postulación DS19 - Mayo 2026,12/03/2025,juan.elgueta.demo12523@outlook.com,Juan Elgueta
T-1005,Taller Subsidio Sectores Medios DS.01,30/05/2026,gloria.peralta.demo41286@hotmail.com,Gloria Peralta
T-1030,Taller Subsidio Sectores Medios DS.01,04/06/2024,danny.vargas.demo4543@yahoo.com,Danny Vargas
T-1029,Webinar: Cómo Postular al Subsidio Habitacional,20/08/2024,luis.veas.demo6272@hotmail.com,Luis Veas
T-1050,Taller Subsidio Sectores Medios DS.01,02/06/2024,renzo.videla.demo14375@hotmail.com,Renzo Videla
T-1048,Taller Subsidio Sectores Medios DS.01,15/02/2023,luis.quiroga.demo20776@outlook.com,Luis Quiroga
T-1007,Webinar: Cómo Postular al Subsidio Habitacional,15/10/2025,emanuel.cortez.demo31153@outlook.com,Emanuel Cortez
T-1052,Webinar: Cómo Postular al Subsidio Habitacional,14/02/2026,isidora.nunez.demo46122@yahoo.com,Isidora Núñez
T-1029,Webinar: Cómo Postular al Subsidio Habitacional,20/08/2025,maria.henriquez.demo25173@hotmail.com,María Henríquez
T-1046,Taller Subsidio Sectores Medios DS.01,20/01/2025,mia.moyano.demo37067@outlook.com,Mia Moyano
T-1027,Taller Ahorro y Subsidio Habitacional,07/12/2024,sebastian.hernandez.demo26978@hotmail.com,Sebastián Hernández
T-1039,Charla: Déficit Habitacional en Chile,11/03/2025,bastian.contreras.demo2314@outlook.com,Bastián Contreras
T-1039,Taller de Educación Financiera,31/10/2023,jeniffer.ramirez.demo24274@gmail.com,Jeniffer Ramírez
T-1053,Taller Subsidio Sectores Medios DS.01,10/03/2023,maritza.velasquez.demo27889@gmail.com,Maritza Velásquez
T-1028,Taller Ahorro y Subsidio Habitacional,04/04/2026,david.hidalgo.demo45134@yahoo.com,David Hidalgo
T-1041,Charla: Déficit Habitacional en Chile,23/07/2025,erick.esparza.demo5717@yahoo.com,Erick Esparza
T-1005,Taller Ahorro y Subsidio Habitacional,30/07/2025,jorge.rios.demo36341@gmail.com,Jorge Ríos
T-1002,Taller Ahorro y Subsidio Habitacional,20/06/2023,iris.osorio.demo27191@hotmail.com,Iris Osorio
T-1002,Taller de Postulación DS19 - Mayo 2026,06/04/2026,hector.valenzuela.demo5749@outlook.com,Héctor Valenzuela
T-1021,Taller Subsidio Sectores Medios DS.01,03/08/2025,pablo.munoz.demo49840@outlook.com,Pablo Muñoz
T-1054,Taller Ahorro y Subsidio Habitacional,29/01/2026,hans.oyarce.demo26196@hotmail.com,Hans Oyarce
T-1046,Taller Ahorro y Subsidio Habitacional,06/01/2026,matias.parra.demo4606@yahoo.com,Matías Parra
T-1019,Charla: Déficit Habitacional en Chile,23/01/2023,cristobal.arias.demo2152@yahoo.com,Cristóbal Arias
T-1004,Taller de Educación Financiera,27/04/2026,luisa.zarate.demo20238@outlook.com,Luisa Zárate
T-1034,Taller Ahorro y Subsidio Habitacional,25/11/2023,yeison.jorquera.demo28081@yahoo.com,Yeison Jorquera
T-1052,Webinar: Cómo Postular al Subsidio Habitacional,15/12/2024,alejandra.alvarez.demo23631@hotmail.com,Alejandra Álvarez
T-1056,Taller de Postulación DS19 - Mayo 2026,18/05/2026,antonio.montecinos.demo14152@hotmail.com,Antonio Montecinos
T-1012,Jornada Comités de Vivienda - Región Metropolitana,18/04/2023,catalina.salas.demo17776@hotmail.com,Catalina Salas
T-1016,Taller de Postulación DS19 - Mayo 2026,21/03/2024,alfonso.pereira.demo39446@hotmail.com,Alfonso Pereira
T-1053,Charla: Déficit Habitacional en Chile,03/01/2023,jorge.sandoval.demo44737@outlook.com,Jorge Sandoval
T-1005,Taller Ahorro y Subsidio Habitacional,12/01/2023,alejandra.toro.demo3644@gmail.com,Alejandra Toro
T-1003,Asamblea Informativa DS49,24/09/2025,victor.moya.demo34179@outlook.com,Víctor Moya
T-1041,Taller de Educación Financiera,23/01/2024,alicia.rubio.demo5684@outlook.com,Alicia Rubio
T-1010,Taller de Educación Financiera,15/07/2023,jorge.dominguez.demo8469@yahoo.com,Jorge Domínguez
T-1048,Charla: Déficit Habitacional en Chile,21/08/2024,diego.chavez.demo19773@hotmail.com,Diego Chávez
T-1032,Jornada Comités de Vivienda - Región Metropolitana,25/03/2025,julio.aranda.demo39889@gmail.com,Julio Aranda
T-1003,Taller de Postulación DS19 - Mayo 2026,21/03/2025,basilio.herrera.demo51362@hotmail.com,Basilio Herrera
T-1058,Taller de Postulación DS19 - Mayo 2026,11/06/2025,rocio.contreras.demo17537@yahoo.com,Rocío Contreras
T-1030,Taller de Educación Financiera,02/11/2024,john.valenzuela.demo42432@gmail.com,John Valenzuela
T-1036,Taller Ahorro y Subsidio Habitacional,11/08/2023,maria.vilches.demo43732@yahoo.com,María Vilches
T-1025,Charla: Déficit Habitacional en Chile,18/03/2026,maria.baez.demo39532@outlook.com,María Baez
T-1029,Taller Ahorro y Subsidio Habitacional,04/04/2024,pablo.sanchez.demo41097@outlook.com,Pablo Sánchez
T-1001,Taller de Postulación DS19 - Mayo 2026,23/04/2026,monica.ramos.demo15452@yahoo.com,Mónica Ramos
T-1003,Taller Subsidio Sectores Medios DS.01,14/06/2023,jose.alvarado.demo31847@yahoo.com,José Alvarado
T-1054,Taller Ahorro y Subsidio Habitacional,27/05/2023,maximo.guerra.demo2855@outlook.com,Máximo Guerra
T-1021,Webinar: Cómo Postular al Subsidio Habitacional,18/02/2024,abraham.leiva.demo21606@outlook.com,Abraham Leiva
T-1007,Taller Ahorro y Subsidio Habitacional,21/03/2026,matias.garcia.demo3667@gmail.com,Matías García
T-1013,Taller de Postulación DS19 - Mayo 2026,06/06/2023,nicolas.duran.demo49549@outlook.com,Nicolás Durán
T-1058,Taller de Educación Financiera,19/04/2023,luisa.castillo.demo45317@gmail.com,Luisa Castillo
T-1012,Taller Ahorro y Subsidio Habitacional,20/01/2024,juan.moran.demo24732@outlook.com,Juan Morán
T-1046,Taller de Educación Financiera,04/07/2024,samuel.carrasco.demo43221@yahoo.com,Samuel Carrasco
T-1037,Asamblea Informativa DS49,09/09/2025,francisco.baeza.demo10088@gmail.com,Francisco Baeza
T-1046,Jornada Comités de Vivienda - Región Metropolitana,18/05/2024,javiera.castillo.demo30161@hotmail.com,Javiera Castillo
T-1011,Taller de Educación Financiera,06/09/2024,rodrigo.iturra.demo30701@hotmail.com,Rodrigo Iturra
T-1035,Jornada Comités de Vivienda - Región Metropolitana,09/04/2023,gloria.correa.demo15110@outlook.com,Gloria Correa
T-1059,Jornada Comités de Vivienda - Región Metropolitana,25/04/2024,martin.barrios.demo8894@gmail.com,Martín Barrios
T-1053,Taller de Educación Financiera,30/03/2024,paola.vejar.demo39123@hotmail.com,Paola Vejar
T-1055,Taller de Educación Financiera,31/12/2023,yaritza.castillo.demo50132@outlook.com,Yaritza Castillo
T-1055,Taller Subsidio Sectores Medios DS.01,13/01/2026,julian.gonzalez.demo9383@hotmail.com,Julián González
T-1044,Webinar: Cómo Postular al Subsidio Habitacional,01/11/2023,elena.acosta.demo37383@hotmail.com,Elena Acosta
T-1018,Taller Ahorro y Subsidio Habitacional,29/01/2025,constanza.astorga.demo14640@hotmail.com,Constanza Astorga
T-1050,Asamblea Informativa DS49,27/02/2025,tomas.calderon.demo14600@yahoo.com,Tomás Calderón
T-1059,Taller Ahorro y Subsidio Habitacional,14/11/2024,emily.cifuentes.demo13473@yahoo.com,Emily Cifuentes
T-1036,Charla: Déficit Habitacional en Chile,14/03/2026,leandro.vejar.demo48874@yahoo.com,Leandro Vejar
T-1023,Webinar: Cómo Postular al Subsidio Habitacional,31/07/2023,franco.gaete.demo12526@yahoo.com,Franco Gaete
T-1011,Charla: Déficit Habitacional en Chile,18/08/2023,domingo.mendez.demo37687@outlook.com,Domingo Méndez
T-1020,Taller Ahorro y Subsidio Habitacional,25/05/2025,elizabeth.torres.demo50838@outlook.com,Elizabeth Torres
T-1007,Webinar: Cómo Postular al Subsidio Habitacional,21/06/2024,raul.lizana.demo9392@yahoo.com,Raúl Lizana
T-1023,Taller de Educación Financiera,02/04/2025,dominga.riquelme.demo32105@hotmail.com,Dominga Riquelme
T-1053,Charla: Déficit Habitacional en Chile,26/06/2023,jose.zepeda.demo42943@gmail.com,José Zepeda
T-1038,Charla: Déficit Habitacional en Chile,01/05/2026,mauricio.villarroel.demo3682@gmail.com,Mauricio Villarroel
T-1055,Taller Subsidio Sectores Medios DS.01,18/04/2025,marco.escalona.demo2717@gmail.com,Marco Escalona
T-1039,Taller de Educación Financiera,08/05/2026,emma.gajardo.demo43352@yahoo.com,Emma Gajardo
T-1043,Taller de Educación Financiera,17/10/2025,alejandro.rojas.demo6015@hotmail.com,Alejandro Rojas
T-1023,Asamblea Informativa DS49,12/06/2024,filomena.orellana.demo2679@hotmail.com,Filomena Orellana
T-1000,Asamblea Informativa DS49,26/07/2025,marco.pinto.demo42655@hotmail.com,Marco Pinto
T-1046,Taller de Educación Financiera,25/01/2026,delfina.arce.demo32797@gmail.com,Delfina Arce
T-1012,Jornada Comités de Vivienda - Región Metropolitana,07/09/2023,luis.astorga.demo3062@outlook.com,Luis Astorga
T-1051,Webinar: Cómo Postular al Subsidio Habitacional,27/06/2025,alejandro.acuna.demo36382@gmail.com,Alejandro Acuña
T-1012,Asamblea Informativa DS49,28/10/2025,sofia.cabrera.demo26654@hotmail.com,Sofía Cabrera
T-1035,Webinar: Cómo Postular al Subsidio Habitacional,31/08/2023,florencia.bustos.demo9648@gmail.com,Florencia Bustos
T-1027,Taller Subsidio Sectores Medios DS.01,06/10/2023,ricardo.hidalgo.demo23377@outlook.com,Ricardo Hidalgo
T-1049,Charla: Déficit Habitacional en Chile,01/06/2025,luis.vega.demo51037@hotmail.com,Luis Vega
T-1038,Taller de Educación Financiera,27/03/2024,maria.villanueva.demo49095@hotmail.com,María Villanueva
T-1022,Taller de Educación Financiera,02/03/2026,lucas.orellana.demo47795@gmail.com,Lucas Orellana
T-1008,Taller de Educación Financiera,03/02/2023,yessica.acevedo.demo32209@yahoo.com,Yessica Acevedo
T-1017,Charla: Déficit Habitacional en Chile,18/08/2023,anahis.catalan.demo16406@hotmail.com,Anahis Catalán
T-1021,Asamblea Informativa DS49,12/08/2024,patricia.guerrero.demo21542@hotmail.com,Patricia Guerrero
T-1016,Jornada Comités de Vivienda - Región Metropolitana,11/03/2025,ivan.leyton.demo4822@hotmail.com,Iván Leyton
T-1010,Asamblea Informativa DS49,20/08/2025,carlos.torres.demo51216@yahoo.com,Carlos Torres
T-1009,Taller de Educación Financiera,14/02/2023,sonia.garcia.demo45803@hotmail.com,Sonia García
T-1043,Taller de Educación Financiera,02/02/2024,mirta.soto.demo22117@gmail.com,Mirta Soto
T-1017,Taller Subsidio Sectores Medios DS.01,12/03/2025,patricio.guzman.demo31092@yahoo.com,Patricio Guzmán
T-1030,Jornada Comités de Vivienda - Región Metropolitana,11/11/2025,rene.oliva.demo19398@yahoo.com,René Oliva
T-1017,Taller de Educación Financiera,02/01/2024,jose.rios.demo36662@gmail.com,José Ríos
T-1030,Taller de Postulación DS19 - Mayo 2026,03/07/2025,marie.fernandez.demo41651@hotmail.com,Marie Fernández
T-1020,Webinar: Cómo Postular al Subsidio Habitacional,17/04/2025,carmen.castro.demo43077@gmail.com,Carmen Castro
T-1059,Taller Ahorro y Subsidio Habitacional,03/04/2024,emily.bravo.demo22287@yahoo.com,Emily Bravo
T-1020,Taller de Educación Financiera,08/12/2025,maria.riquelme.demo43576@gmail.com,María Riquelme
T-1020,Charla: Déficit Habitacional en Chile,18/12/2023,juan.pavez.demo31864@yahoo.com,Juan Pavez
T-1020,Jornada Comités de Vivienda - Región Metropolitana,27/12/2025,walter.contreras.demo33312@outlook.com,Walter Contreras
T-1014,Jornada Comités de Vivienda - Región Metropolitana,22/06/2025,sofia.reyes.demo7413@yahoo.com,Sofía Reyes
T-1002,Taller de Educación Financiera,08/02/2025,alberto.bravo.demo34569@outlook.com,Alberto Bravo
T-1002,Taller Subsidio Sectores Medios DS.01,14/07/2023,alejandra.gonzalez.demo7558@gmail.com,Alejandra González
T-1009,Taller Subsidio Sectores Medios DS.01,21/08/2025,carlos.contreras.demo16610@gmail.com,Carlos Contreras
T-1010,Taller Subsidio Sectores Medios DS.01,19/11/2025,enrique.gonzalez.demo51454@outlook.com,Enrique González
T-1005,Asamblea Informativa DS49,17/06/2024,jose.sanchez.demo29449@gmail.com,José Sánchez
T-1003,Taller de Postulación DS19 - Mayo 2026,13/08/2023,rodrigo.leon.demo26385@hotmail.com,Rodrigo León
T-1045,Asamblea Informativa DS49,26/12/2024,zulema.faundez.demo47129@yahoo.com,Zulema Faúndez
T-1038,Jornada Comités de Vivienda - Región Metropolitana,21/03/2026,rene.duarte.demo40849@hotmail.com,René Duarte
T-1014,Jornada Comités de Vivienda - Región Metropolitana,09/07/2024,alejandra.valenzuela.demo41471@gmail.com,Alejandra Valenzuela
T-1032,Charla: Déficit Habitacional en Chile,04/02/2023,marcelo.diaz.demo5555@hotmail.com,Marcelo Díaz
T-1038,Jornada Comités de Vivienda - Región Metropolitana,04/01/2026,macarena.sandoval.demo50645@outlook.com,Macarena Sandoval
T-1005,Taller Subsidio Sectores Medios DS.01,27/08/2024,edith.seguel.demo22072@outlook.com,Edith Seguel
T-1025,Charla: Déficit Habitacional en Chile,14/02/2023,bernarda.jimenez.demo30393@gmail.com,Bernarda Jiménez
T-1004,Taller de Postulación DS19 - Mayo 2026,24/04/2023,aurora.diaz.demo44117@hotmail.com,Aurora Díaz
T-1010,Asamblea Informativa DS49,23/12/2024,alejandra.reyes.demo30717@gmail.com,Alejandra Reyes
T-1034,Charla: Déficit Habitacional en Chile,04/01/2025,anais.zapata.demo3376@gmail.com,Anaís Zapata
T-1053,Taller de Postulación DS19 - Mayo 2026,02/09/2025,luis.castillo.demo38884@outlook.com,Luis Castillo
T-1030,Charla: Déficit Habitacional en Chile,25/08/2025,sylvia.gaete.demo50159@yahoo.com,Sylvia Gaete
T-1014,Taller Ahorro y Subsidio Habitacional,27/09/2025,robinson.perez.demo49189@hotmail.com,Robinson Pérez
T-1010,Asamblea Informativa DS49,16/07/2024,karla.contreras.demo19509@gmail.com,Karla Contreras
T-1049,Taller Ahorro y Subsidio Habitacional,05/01/2026,antonella.gallegos.demo2559@hotmail.com,Antonella Gallegos
T-1051,Jornada Comités de Vivienda - Región Metropolitana,11/04/2025,neftali.soto.demo39494@gmail.com,Neftalí Soto
T-1042,Taller Subsidio Sectores Medios DS.01,01/01/2025,patrick.yanez.demo47646@yahoo.com,Patrick Yáñez
T-1010,Taller de Educación Financiera,11/10/2023,hector.santana.demo30998@hotmail.com,Héctor Santana
T-1016,Taller de Educación Financiera,17/04/2024,luis.ortiz.demo49446@yahoo.com,Luis Ortiz
T-1009,Webinar: Cómo Postular al Subsidio Habitacional,11/04/2025,daniela.carvajal.demo21546@hotmail.com,Daniela Carvajal
T-1034,Taller de Postulación DS19 - Mayo 2026,31/03/2023,cristopher.sepulveda.demo29180@hotmail.com,Cristopher Sepúlveda
T-1058,Taller Subsidio Sectores Medios DS.01,29/05/2023,german.de la fuente.demo7135@gmail.com,Germán De La Fuente
T-1006,Jornada Comités de Vivienda - Región Metropolitana,26/05/2025,claudio.alvarez.demo18728@hotmail.com,Claudio Álvarez
T-1020,Taller Subsidio Sectores Medios DS.01,12/09/2024,juan.gutierrez.demo33723@gmail.com,Juan Gutiérrez
T-1054,Jornada Comités de Vivienda - Región Metropolitana,19/10/2024,carlos.carrasco.demo40491@yahoo.com,Carlos Carrasco
T-1019,Charla: Déficit Habitacional en Chile,27/10/2025,juan.san martin.demo50320@outlook.com,Juan San Martín
T-1019,Charla: Déficit Habitacional en Chile,25/09/2023,erwin.astudillo.demo16416@outlook.com,Erwin Astudillo
T-1005,Taller de Postulación DS19 - Mayo 2026,14/04/2025,esperanza.rodriguez.demo3548@yahoo.com,Esperanza Rodríguez
T-1022,Taller de Educación Financiera,27/04/2024,fernando.rojas.demo3192@yahoo.com,Fernando Rojas
T-1009,Taller de Educación Financiera,05/02/2023,karina.jaramillo.demo14441@outlook.com,Karina Jaramillo
T-1030,Taller Subsidio Sectores Medios DS.01,21/07/2023,juan.gonzalez.demo36171@yahoo.com,Juan González
T-1007,Taller de Educación Financiera,24/06/2023,isabel.flores.demo33109@hotmail.com,Isabel Flores
T-1003,Taller Subsidio Sectores Medios DS.01,26/01/2025,enrique.flores.demo50565@outlook.com,Enrique Flores
T-1009,Charla: Déficit Habitacional en Chile,28/05/2026,alvaro.aguirre.demo26849@gmail.com,Álvaro Aguirre
T-1005,Taller Ahorro y Subsidio Habitacional,11/08/2023,abelardo.carrasco.demo25078@hotmail.com,Abelardo Carrasco
T-1039,Jornada Comités de Vivienda - Región Metropolitana,20/11/2025,denisse.riveros.demo36019@yahoo.com,Denisse Riveros
T-1056,Jornada Comités de Vivienda - Región Metropolitana,05/02/2023,javiera.pinto.demo23301@yahoo.com,Javiera Pinto
T-1018,Taller Ahorro y Subsidio Habitacional,05/06/2025,luna.munoz.demo5991@outlook.com,Luna Muñoz
T-1007,Asamblea Informativa DS49,30/04/2025,natalia.campos.demo6290@hotmail.com,Natalia Campos
T-1019,Charla: Déficit Habitacional en Chile,06/11/2024,victoria.aguilera.demo27427@hotmail.com,Victoria Aguilera
T-1042,Jornada Comités de Vivienda - Región Metropolitana,28/07/2024,sofia.gonzalez.demo6962@gmail.com,Sofía González
T-1010,Asamblea Informativa DS49,18/01/2024,miguel.rodriguez.demo29410@gmail.com,Miguel Rodríguez
T-1035,Taller Ahorro y Subsidio Habitacional,10/05/2026,rodrigo.rubilar.demo46049@gmail.com,Rodrigo Rubilar
T-1005,Jornada Comités de Vivienda - Región Metropolitana,19/11/2023,francisca.miranda.demo25396@outlook.com,Francisca Miranda
T-1051,Taller de Educación Financiera,30/03/2023,juan.bravo.demo185@gmail.com,Juan Bravo
T-1009,Taller de Educación Financiera,21/06/2024,claudio.galaz.demo22409@yahoo.com,Claudio Galaz
T-1002,Taller Ahorro y Subsidio Habitacional,07/03/2024,oscar.ortiz.demo32488@hotmail.com,Oscar Ortiz
T-1020,Taller de Educación Financiera,14/10/2025,catalina.gomez.demo43491@hotmail.com,Catalina Gómez
T-1026,Jornada Comités de Vivienda - Región Metropolitana,22/12/2025,ximena.perez.demo47316@outlook.com,Ximena Pérez
T-1047,Jornada Comités de Vivienda - Región Metropolitana,18/08/2023,jeannette.gomez.demo25929@hotmail.com,Jeannette Gómez
T-1029,Asamblea Informativa DS49,17/01/2026,nadia.alvarado.demo44851@hotmail.com,Nadia Alvarado
T-1012,Taller Ahorro y Subsidio Habitacional,06/01/2026,maria.delgado.demo4750@outlook.com,María Delgado
T-1048,Taller Subsidio Sectores Medios DS.01,24/05/2026,isabel.valenzuela.demo38970@yahoo.com,Isabel Valenzuela
T-1045,Jornada Comités de Vivienda - Región Metropolitana,27/09/2023,edward.pizarro.demo42645@outlook.com,Edward Pizarro
T-1009,Taller Ahorro y Subsidio Habitacional,26/04/2026,mario.vargas.demo32018@hotmail.com,Mario Vargas
T-1015,Taller de Educación Financiera,11/09/2024,felipe.catalan.demo37801@yahoo.com,Felipe Catalán
T-1013,Taller Subsidio Sectores Medios DS.01,11/09/2025,carlos.pizarro.demo17529@outlook.com,Carlos Pizarro
T-1042,Taller de Postulación DS19 - Mayo 2026,14/03/2024,javiera.moya.demo28838@gmail.com,Javiera Moya
T-1028,Taller de Educación Financiera,16/12/2023,joaquin.videla.demo24043@outlook.com,Joaquín Videla
T-1051,Taller Subsidio Sectores Medios DS.01,21/11/2024,dominga.perez.demo42367@yahoo.com,Dominga Pérez
T-1058,Webinar: Cómo Postular al Subsidio Habitacional,13/06/2023,luciano.lizama.demo39436@hotmail.com,Luciano Lizama
T-1053,Taller de Educación Financiera,05/04/2025,joaquin.cabezas.demo21158@hotmail.com,Joaquín Cabezas
T-1019,Jornada Comités de Vivienda - Región Metropolitana,07/12/2024,jose.rojas.demo17117@outlook.com,José Rojas
T-1047,Taller de Postulación DS19 - Mayo 2026,25/02/2026,bastian.gonzalez.demo21889@gmail.com,Bastián González
T-1050,Webinar: Cómo Postular al Subsidio Habitacional,30/05/2026,juan.figueroa.demo7296@yahoo.com,Juan Figueroa
T-1032,Jornada Comités de Vivienda - Región Metropolitana,13/12/2023,luis.morales.demo48206@hotmail.com,Luis Morales
T-1058,Taller Subsidio Sectores Medios DS.01,01/01/2024,julieta.madariaga.demo45769@outlook.com,Julieta Madariaga
T-1013,Webinar: Cómo Postular al Subsidio Habitacional,29/06/2024,jaime.munoz.demo19991@hotmail.com,Jaime Muñoz
T-1000,Taller de Educación Financiera,25/03/2025,valentina.rojas.demo14903@yahoo.com,Valentina Rojas
T-1044,Charla: Déficit Habitacional en Chile,17/09/2023,katherine.ramirez.demo50142@hotmail.com,Katherine Ramírez
T-1012,Charla: Déficit Habitacional en Chile,26/11/2024,consuelo.pardo.demo6687@outlook.com,Consuelo Pardo
T-1035,Webinar: Cómo Postular al Subsidio Habitacional,26/01/2026,thomas.miranda.demo43823@gmail.com,Thomas Miranda
T-1051,Taller Ahorro y Subsidio Habitacional,17/05/2024,soledad.valenzuela.demo28851@hotmail.com,Soledad Valenzuela
T-1041,Taller de Educación Financiera,18/08/2025,denisse.bravo.demo39779@gmail.com,Denisse Bravo
T-1021,Asamblea Informativa DS49,17/08/2024,sergio.miranda.demo47167@gmail.com,Sergio Miranda
T-1047,Webinar: Cómo Postular al Subsidio Habitacional,14/01/2024,paula.jofre.demo5654@hotmail.com,Paula Jofré
T-1036,Taller Ahorro y Subsidio Habitacional,17/07/2024,jose.herrera.demo17539@gmail.com,José Herrera
T-1048,Taller de Postulación DS19 - Mayo 2026,26/02/2026,bastian.perez.demo49982@hotmail.com,Bastián Pérez
T-1004,Taller Subsidio Sectores Medios DS.01,05/08/2025,jorge.armijo.demo28013@outlook.com,Jorge Armijo
T-1050,Taller de Educación Financiera,16/11/2024,renato.vega.demo47457@outlook.com,Renato Vega
T-1045,Taller de Educación Financiera,21/10/2025,antonella.lazo.demo51887@gmail.com,Antonella Lazo
T-1034,Taller de Postulación DS19 - Mayo 2026,25/02/2024,romina.aguilar.demo37332@outlook.com,Romina Aguilar
T-1035,Jornada Comités de Vivienda - Región Metropolitana,08/02/2024,ana.lobos.demo34948@hotmail.com,Ana Lobos
T-1003,Jornada Comités de Vivienda - Región Metropolitana,07/08/2025,ingrid.barria.demo14579@yahoo.com,Ingrid Barría
T-1038,Taller Ahorro y Subsidio Habitacional,01/03/2026,celestino.perez.demo43005@outlook.com,Celestino Pérez
T-1005,Webinar: Cómo Postular al Subsidio Habitacional,12/06/2024,mathias.rojas.demo23223@gmail.com,Mathias Rojas
T-1034,Webinar: Cómo Postular al Subsidio Habitacional,19/12/2025,scarlett.espinoza.demo51243@gmail.com,Scarlett Espinoza
T-1003,Taller de Educación Financiera,07/03/2026,marjorie.gonzalez.demo13534@hotmail.com,Marjorie González
T-1014,Jornada Comités de Vivienda - Región Metropolitana,01/07/2025,antonia.munoz.demo46541@hotmail.com,Antonia Muñoz
T-1015,Asamblea Informativa DS49,23/12/2023,raul.gonzalez.demo15051@gmail.com,Raúl González
T-1021,Taller de Postulación DS19 - Mayo 2026,02/04/2023,nahuel.villarroel.demo7732@hotmail.com,Nahuel Villarroel
T-1004,Charla: Déficit Habitacional en Chile,17/01/2026,maria.munoz.demo5724@yahoo.com,María Muñoz
T-1029,Taller de Educación Financiera,24/01/2023,raquel.espinoza.demo46743@yahoo.com,Raquel Espinoza
T-1024,Taller de Educación Financiera,30/01/2026,carlos.bustos.demo50225@yahoo.com,Carlos Bustos
T-1001,Charla: Déficit Habitacional en Chile,13/11/2024,luis.meza.demo48499@gmail.com,Luis Meza
T-1038,Jornada Comités de Vivienda - Región Metropolitana,07/04/2025,mirtha.luengo.demo48373@outlook.com,Mirtha Luengo
T-1019,Taller Subsidio Sectores Medios DS.01,09/08/2024,ramon.castro.demo41969@gmail.com,Ramón Castro
T-1023,Taller de Postulación DS19 - Mayo 2026,13/11/2024,cristobal.perez.demo4779@yahoo.com,Cristóbal Pérez
T-1047,Asamblea Informativa DS49,06/07/2024,andres.silva.demo51888@gmail.com,Andrés Silva
T-1028,Jornada Comités de Vivienda - Región Metropolitana,10/08/2023,constanza.andrade.demo11466@hotmail.com,Constanza Andrade
T-1014,Webinar: Cómo Postular al Subsidio Habitacional,01/04/2023,jose.villarroel.demo16630@outlook.com,José Villarroel
T-1011,Taller de Educación Financiera,14/05/2023,katherinne.plaza.demo32536@outlook.com,Katherinne Plaza
T-1019,Taller de Postulación DS19 - Mayo 2026,29/03/2024,guillermo.lazo.demo28589@yahoo.com,Guillermo Lazo
T-1001,Charla: Déficit Habitacional en Chile,15/10/2025,sandra.acosta.demo18809@gmail.com,Sandra Acosta
T-1022,Asamblea Informativa DS49,15/09/2024,lucas.rojas.demo2757@yahoo.com,Lucas Rojas
T-1032,Jornada Comités de Vivienda - Región Metropolitana,24/09/2024,valeria.ramos.demo46433@hotmail.com,Valeria Ramos
T-1047,Taller de Educación Financiera,25/04/2023,clotilde.arce.demo3816@yahoo.com,Clotilde Arce
T-1000,Jornada Comités de Vivienda - Región Metropolitana,24/04/2023,jorge.navarrete.demo51371@gmail.com,Jorge Navarrete
T-1059,Webinar: Cómo Postular al Subsidio Habitacional,21/11/2025,olga.silva.demo42385@yahoo.com,Olga Silva
T-1007,Asamblea Informativa DS49,12/10/2023,maria.contreras.demo51538@yahoo.com,María Contreras
T-1010,Jornada Comités de Vivienda - Región Metropolitana,27/05/2023,claudia.oliva.demo4509@gmail.com,Claudia Oliva
T-1040,Webinar: Cómo Postular al Subsidio Habitacional,22/07/2023,victor.valenzuela.demo23342@gmail.com,Víctor Valenzuela
T-1033,Asamblea Informativa DS49,07/04/2023,alicia.contreras.demo14012@outlook.com,Alicia Contreras
T-1023,Taller Ahorro y Subsidio Habitacional,29/10/2025,jose.jofre.demo35436@outlook.com,José Jofré
T-1008,Taller Subsidio Sectores Medios DS.01,31/10/2024,domingo.rivera.demo13888@yahoo.com,Domingo Rivera
T-1000,Taller Ahorro y Subsidio Habitacional,09/05/2023,richard.jerez.demo21676@outlook.com,Richard Jerez
T-1037,Taller de Educación Financiera,24/06/2023,camila.ortiz.demo30703@hotmail.com,Camila Ortiz
T-1054,Jornada Comités de Vivienda - Región Metropolitana,14/10/2025,mariano.loyola.demo29618@hotmail.com,Mariano Loyola
T-1058,Taller Subsidio Sectores Medios DS.01,04/02/2025,juan.arce.demo648@outlook.com,Juan Arce
T-1006,Taller de Educación Financiera,05/05/2025,catalina.verdugo.demo21639@yahoo.com,Catalina Verdugo
T-1055,Taller de Educación Financiera,19/02/2025,ramon.meza.demo41254@yahoo.com,Ramón Meza
T-1032,Webinar: Cómo Postular al Subsidio Habitacional,20/07/2025,raul.rios.demo35589@hotmail.com,Raúl Ríos
T-1036,Taller Ahorro y Subsidio Habitacional,05/12/2023,javiera.molina.demo16855@yahoo.com,Javiera Molina
T-1041,Taller Subsidio Sectores Medios DS.01,11/01/2025,alan.zuniga.demo871@yahoo.com,Alan Zúñiga
T-1026,Taller de Postulación DS19 - Mayo 2026,30/01/2024,iker.loyola.demo26846@yahoo.com,Iker Loyola
T-1038,Webinar: Cómo Postular al Subsidio Habitacional,27/09/2025,jacqueline.lizama.demo46990@outlook.com,Jacqueline Lizama
T-1021,Taller de Postulación DS19 - Mayo 2026,08/05/2026,julian.acuna.demo32070@hotmail.com,Julián Acuña
T-1055,Taller Subsidio Sectores Medios DS.01,26/07/2025,guillermina.inostroza.demo38323@yahoo.com,Guillermina Inostroza
T-1046,Jornada Comités de Vivienda - Región Metropolitana,26/01/2024,ruben.pozo.demo26598@yahoo.com,Rubén Pozo
T-1052,Taller Ahorro y Subsidio Habitacional,15/08/2023,yanet.medina.demo34590@gmail.com,Yanet Medina
T-1050,Taller Subsidio Sectores Medios DS.01,28/06/2024,ignacia.martinez.demo16111@yahoo.com,Ignacia Martínez
T-1029,Taller Ahorro y Subsidio Habitacional,02/03/2026,fredy.mella.demo36906@outlook.com,Fredy Mella
T-1058,Charla: Déficit Habitacional en Chile,17/10/2023,joaquin.rodriguez.demo39533@yahoo.com,Joaquín Rodríguez
T-1021,Webinar: Cómo Postular al Subsidio Habitacional,02/03/2025,cesar.villa.demo34470@yahoo.com,César Villa
T-1003,Charla: Déficit Habitacional en Chile,26/02/2026,antonella.silva.demo23466@gmail.com,Antonella Silva
T-1010,Taller de Postulación DS19 - Mayo 2026,10/03/2024,jesus.rojas.demo42257@yahoo.com,Jesús Rojas
T-1013,Asamblea Informativa DS49,04/05/2024,ivan.aranda.demo24971@outlook.com,Iván Aranda
T-1007,Taller Ahorro y Subsidio Habitacional,10/03/2023,lucas.mercado.demo47514@gmail.com,Lucas Mercado
T-1043,Taller de Educación Financiera,26/06/2023,francisca.bravo.demo10722@yahoo.com,Francisca Bravo
T-1014,Jornada Comités de Vivienda - Región Metropolitana,18/06/2023,miguel.soto.demo13244@outlook.com,Miguel Soto
T-1030,Taller de Educación Financiera,07/08/2023,victor.acevedo.demo7270@yahoo.com,Víctor Acevedo
T-1006,Taller de Educación Financiera,18/09/2024,maria.jimenez.demo10420@outlook.com,María Jiménez
T-1023,Taller Ahorro y Subsidio Habitacional,30/06/2025,solange.fuentes.demo16695@outlook.com,Solange Fuentes
T-1056,Taller de Educación Financiera,06/05/2023,emilia.arancibia.demo51921@gmail.com,Emilia Arancibia
T-1037,Charla: Déficit Habitacional en Chile,13/05/2024,jocelyn.osorio.demo3481@gmail.com,Jocelyn Osorio
T-1025,Charla: Déficit Habitacional en Chile,18/11/2025,ignacio.iturra.demo27886@hotmail.com,Ignacio Iturra
T-1018,Taller Subsidio Sectores Medios DS.01,16/09/2023,graciela.soto.demo31908@hotmail.com,Graciela Soto
T-1053,Taller Ahorro y Subsidio Habitacional,16/12/2024,jose.oyarzo.demo1494@gmail.com,José Oyarzo
T-1059,Webinar: Cómo Postular al Subsidio Habitacional,28/02/2025,rayen.morales.demo15318@gmail.com,Rayén Morales
T-1010,Taller de Educación Financiera,23/06/2023,javiera.ramirez.demo18627@hotmail.com,Javiera Ramírez
T-1012,Charla: Déficit Habitacional en Chile,30/08/2023,gladys.aranda.demo22023@outlook.com,Gladys Aranda
T-1010,Taller Subsidio Sectores Medios DS.01,03/05/2025,patricia.villarroel.demo21950@gmail.com,Patricia Villarroel
T-1029,Asamblea Informativa DS49,30/05/2025,hilda.letelier.demo12446@outlook.com,Hilda Letelier
T-1053,Taller de Postulación DS19 - Mayo 2026,22/02/2023,simon.cartes.demo18793@gmail.com,Simón Cartes
T-1027,Taller de Educación Financiera,25/03/2026,alfredo.campos.demo5299@hotmail.com,Alfredo Campos
T-1035,Taller Ahorro y Subsidio Habitacional,12/03/2023,flor.bravo.demo24069@gmail.com,Flor Bravo
T-1005,Asamblea Informativa DS49,23/08/2023,juan.hidalgo.demo29937@gmail.com,Juan Hidalgo
T-1033,Taller de Postulación DS19 - Mayo 2026,23/09/2024,carmen.rodriguez.demo14238@gmail.com,Carmen Rodríguez
T-1015,Webinar: Cómo Postular al Subsidio Habitacional,02/03/2026,fiorella.perez.demo31950@outlook.com,Fiorella Pérez
T-1043,Taller de Educación Financiera,29/01/2025,mateo.valenzuela.demo43584@yahoo.com,Mateo Valenzuela
T-1042,Taller de Educación Financiera,31/01/2025,robinson.arancibia.demo47260@outlook.com,Robinson Arancibia
T-1001,Taller Ahorro y Subsidio Habitacional,04/01/2025,teresa.saavedra.demo36832@hotmail.com,Teresa Saavedra
T-1052,Charla: Déficit Habitacional en Chile,15/05/2023,esperanza.ulloa.demo19074@hotmail.com,Esperanza Ulloa
T-1001,Jornada Comités de Vivienda - Región Metropolitana,27/11/2024,javier.reyes.demo22347@yahoo.com,Javier Reyes
T-1010,Taller de Postulación DS19 - Mayo 2026,21/03/2023,jose.perez.demo50018@outlook.com,José Pérez
T-1007,Taller de Educación Financiera,08/05/2023,bruno.catalan.demo17634@gmail.com,Bruno Catalán
T-1031,Jornada Comités de Vivienda - Región Metropolitana,16/05/2024,maria.zamora.demo41835@outlook.com,María Zamora
T-1040,Charla: Déficit Habitacional en Chile,12/09/2023,elba.munoz.demo21820@gmail.com,Elba Muñoz
T-1034,Asamblea Informativa DS49,10/06/2023,mauricio.ramirez.demo36358@gmail.com,Mauricio Ramírez
T-1041,Webinar: Cómo Postular al Subsidio Habitacional,17/04/2025,juana.beltran.demo29423@gmail.com,Juana Beltrán
T-1011,Webinar: Cómo Postular al Subsidio Habitacional,25/07/2023,eloisa.vidal.demo48277@gmail.com,Eloísa Vidal
T-1058,Taller Subsidio Sectores Medios DS.01,12/08/2025,jorge.sanchez.demo19405@outlook.com,Jorge Sánchez
T-1026,Charla: Déficit Habitacional en Chile,11/01/2026,vicente.quispe.demo31142@hotmail.com,Vicente Quispe
T-1003,Taller Subsidio Sectores Medios DS.01,27/09/2023,victor.hernandez.demo50553@hotmail.com,Víctor Hernández
T-1052,Asamblea Informativa DS49,08/09/2024,karla.caceres.demo39014@gmail.com,Karla Cáceres
T-1009,Taller de Educación Financiera,12/07/2025,leslie.reyes.demo32495@gmail.com,Leslie Reyes
T-1023,Taller de Postulación DS19 - Mayo 2026,26/04/2025,lilian.bravo.demo13000@yahoo.com,Lilian Bravo
T-1017,Jornada Comités de Vivienda - Región Metropolitana,29/01/2023,pamela.rivera.demo36527@yahoo.com,Pamela Rivera
T-1038,Webinar: Cómo Postular al Subsidio Habitacional,09/05/2023,mauricio.barrera.demo51398@gmail.com,Mauricio Barrera
T-1006,Taller Ahorro y Subsidio Habitacional,03/08/2023,dante.medina.demo38413@gmail.com,Dante Medina
T-1018,Taller Subsidio Sectores Medios DS.01,16/05/2024,filomena.moreno.demo12194@outlook.com,Filomena Moreno
T-1021,Taller de Educación Financiera,06/09/2025,carolina.contreras.demo27902@hotmail.com,Carolina Contreras
T-1049,Asamblea Informativa DS49,16/05/2025,elizabeth.contreras.demo21439@gmail.com,Elizabeth Contreras
T-1005,Taller de Educación Financiera,02/06/2025,vicente.gonzalez.demo51992@hotmail.com,Vicente González
T-1029,Taller Ahorro y Subsidio Habitacional,01/12/2023,marta.collao.demo12805@yahoo.com,Marta Collao
T-1040,Taller Subsidio Sectores Medios DS.01,09/01/2024,manuel.ampuero.demo30603@hotmail.com,Manuel Ampuero
T-1051,Charla: Déficit Habitacional en Chile,19/04/2026,cesar.venegas.demo36741@gmail.com,César Venegas
T-1058,Taller de Postulación DS19 - Mayo 2026,27/05/2023,carmen.saldana.demo25171@gmail.com,Carmen Saldaña
T-1024,Webinar: Cómo Postular al Subsidio Habitacional,14/12/2025,marta.valdivia.demo20530@hotmail.com,Marta Valdivia
T-1041,Taller Subsidio Sectores Medios DS.01,31/03/2023,hector.ibarra.demo6873@hotmail.com,Héctor Ibarra
T-1022,Taller Subsidio Sectores Medios DS.01,12/08/2024,jennifer.vidal.demo42451@outlook.com,Jennifer Vidal
T-1025,Taller de Postulación DS19 - Mayo 2026,15/06/2024,raul.soto.demo47423@gmail.com,Raúl Soto
T-1000,Taller Ahorro y Subsidio Habitacional,10/04/2025,felipe.arancibia.demo34647@outlook.com,Felipe Arancibia
T-1012,Jornada Comités de Vivienda - Región Metropolitana,17/11/2023,oscar.saez.demo2930@gmail.com,Oscar Sáez
T-1055,Jornada Comités de Vivienda - Región Metropolitana,12/09/2023,margarita.ibanez.demo29691@hotmail.com,Margarita Ibáñez
T-1038,Taller Ahorro y Subsidio Habitacional,01/04/2025,franco.carvajal.demo24136@outlook.com,Franco Carvajal
T-1054,Asamblea Informativa DS49,17/01/2023,javiera.arias.demo29285@gmail.com,Javiera Arias
T-1005,Charla: Déficit Habitacional en Chile,30/01/2023,yoselin.gonzalez.demo8288@gmail.com,Yoselin González
T-1050,Taller Ahorro y Subsidio Habitacional,20/05/2025,cinthya.vejar.demo11212@gmail.com,Cinthya Vejar
T-1015,Asamblea Informativa DS49,28/09/2024,iris.rojas.demo44745@hotmail.com,Iris Rojas
T-1024,Taller de Educación Financiera,22/08/2024,juan.caro.demo7293@hotmail.com,Juan Caro
T-1032,Taller Ahorro y Subsidio Habitacional,23/02/2023,claudio.mellado.demo51681@yahoo.com,Claudio Mellado
T-1001,Taller de Postulación DS19 - Mayo 2026,05/07/2024,maria.espinoza.demo25073@outlook.com,María Espinoza
T-1031,Webinar: Cómo Postular al Subsidio Habitacional,01/02/2024,bruno.cornejo.demo29408@outlook.com,Bruno Cornejo
T-1037,Webinar: Cómo Postular al Subsidio Habitacional,04/08/2025,tomas.guerrero.demo46335@gmail.com,Tomás Guerrero
T-1034,Taller Subsidio Sectores Medios DS.01,28/07/2023,maria.rodriguez.demo23990@yahoo.com,María Rodríguez
T-1001,Charla: Déficit Habitacional en Chile,29/04/2023,juan.ramirez.demo19001@gmail.com,Juan Ramírez
T-1052,Taller Subsidio Sectores Medios DS.01,21/06/2025,eduardo.rivas.demo30055@outlook.com,Eduardo Rivas
T-1033,Taller de Educación Financiera,21/04/2023,sergio.contreras.demo35755@hotmail.com,Sergio Contreras
T-1003,Taller Subsidio Sectores Medios DS.01,21/01/2025,pablo.gonzalez.demo1172@gmail.com,Pablo González
T-1040,Jornada Comités de Vivienda - Región Metropolitana,16/03/2024,marco.alarcon.demo47783@yahoo.com,Marco Alarcón
T-1034,Taller de Postulación DS19 - Mayo 2026,12/07/2025,emilio.jimenez.demo11268@hotmail.com,Emilio Jiménez
T-1054,Charla: Déficit Habitacional en Chile,02/05/2026,brenda.zuniga.demo41244@hotmail.com,Brenda Zúñiga
T-1056,Asamblea Informativa DS49,09/04/2024,enrique.aguilar.demo18045@hotmail.com,Enrique Aguilar
T-1053,Taller de Postulación DS19 - Mayo 2026,28/02/2026,carlos.venegas.demo724@gmail.com,Carlos Venegas
T-1045,Taller Ahorro y Subsidio Habitacional,08/04/2025,ivan.rodriguez.demo13541@gmail.com,Iván Rodríguez
T-1053,Jornada Comités de Vivienda - Región Metropolitana,27/09/2023,valentina.carrasco.demo12843@outlook.com,Valentina Carrasco
T-1057,Taller de Postulación DS19 - Mayo 2026,01/10/2024,daniel.abarca.demo31622@hotmail.com,Daniel Abarca
T-1057,Taller Subsidio Sectores Medios DS.01,11/02/2026,viviana.abarca.demo3802@outlook.com,Viviana Abarca
T-1035,Jornada Comités de Vivienda - Región Metropolitana,08/09/2024,matilde.lagos.demo6489@hotmail.com,Matilde Lagos
T-1022,Taller de Educación Financiera,10/03/2023,scarleth.leal.demo18929@outlook.com,Scarleth Leal
T-1017,Taller de Educación Financiera,26/11/2023,teofilo.jimenez.demo27615@outlook.com,Teófilo Jiménez
T-1022,Jornada Comités de Vivienda - Región Metropolitana,24/02/2024,jeniffer.pino.demo7435@outlook.com,Jeniffer Pino
T-1058,Asamblea Informativa DS49,29/08/2023,yolanda.bahamondes.demo2137@yahoo.com,Yolanda Bahamondes
T-1001,Taller de Postulación DS19 - Mayo 2026,18/10/2023,luis.martinez.demo50386@gmail.com,Luis Martínez
T-1019,Webinar: Cómo Postular al Subsidio Habitacional,03/04/2026,olga.marin.demo19789@outlook.com,Olga Marín
T-1048,Asamblea Informativa DS49,19/05/2026,alejandro.silva.demo43767@hotmail.com,Alejandro Silva
T-1018,Asamblea Informativa DS49,26/06/2023,ana.alvarez.demo16049@outlook.com,Ana Álvarez
T-1001,Taller Ahorro y Subsidio Habitacional,24/11/2023,carlos.ramos.demo43766@hotmail.com,Carlos Ramos
T-1034,Webinar: Cómo Postular al Subsidio Habitacional,13/01/2023,jose.sandoval.demo45587@gmail.com,José Sandoval
T-1054,Jornada Comités de Vivienda - Región Metropolitana,05/05/2023,domingo.castro.demo9410@outlook.com,Domingo Castro
T-1038,Webinar: Cómo Postular al Subsidio Habitacional,18/04/2024,alejandro.vidal.demo26635@gmail.com,Alejandro Vidal
T-1011,Webinar: Cómo Postular al Subsidio Habitacional,31/08/2025,mauricio.bravo.demo8258@yahoo.com,Mauricio Bravo
T-1019,Taller Ahorro y Subsidio Habitacional,26/11/2025,francisca.almonacid.demo14284@outlook.com,Francisca Almonacid
T-1034,Asamblea Informativa DS49,02/12/2024,lidia.valenzuela.demo2068@outlook.com,Lidia Valenzuela
T-1008,Taller Subsidio Sectores Medios DS.01,24/11/2025,magdalena.lazcano.demo10197@yahoo.com,Magdalena Lazcano
T-1016,Taller de Educación Financiera,13/09/2024,sonia.leal.demo2215@yahoo.com,Sonia Leal
T-1024,Taller de Educación Financiera,26/02/2023,felipe.olivares.demo49687@gmail.com,Felipe Olivares
T-1020,Webinar: Cómo Postular al Subsidio Habitacional,05/06/2023,karina.valdes.demo35585@gmail.com,Karina Valdés
T-1026,Taller Subsidio Sectores Medios DS.01,27/08/2023,jessica.soto.demo4532@gmail.com,Jessica Soto
T-1007,Webinar: Cómo Postular al Subsidio Habitacional,16/03/2023,angela.valenzuela.demo21818@outlook.com,Ángela Valenzuela
T-1009,Taller de Postulación DS19 - Mayo 2026,16/07/2025,santiago.aguilera.demo39210@gmail.com,Santiago Aguilera
T-1006,Jornada Comités de Vivienda - Región Metropolitana,17/02/2025,julio.pizarro.demo22001@yahoo.com,Julio Pizarro
T-1003,Webinar: Cómo Postular al Subsidio Habitacional,14/03/2024,rosa.gomez.demo27044@yahoo.com,Rosa Gómez
T-1003,Asamblea Informativa DS49,03/08/2024,fernanda.vasquez.demo11819@outlook.com,Fernanda Vásquez
T-1001,Charla: Déficit Habitacional en Chile,07/01/2023,emiliano.angulo.demo5019@hotmail.com,Emiliano Angulo
T-1058,Webinar: Cómo Postular al Subsidio Habitacional,04/12/2023,jose.aguilera.demo2472@hotmail.com,José Aguilera
T-1010,Taller de Postulación DS19 - Mayo 2026,07/09/2023,ingrid.vega.demo30510@outlook.com,Ingrid Vega
T-1032,Taller de Postulación DS19 - Mayo 2026,18/09/2023,carolina.herrera.demo17300@yahoo.com,Carolina Herrera
T-1010,Taller Ahorro y Subsidio Habitacional,07/02/2024,jorge.aros.demo27588@yahoo.com,Jorge Aros
T-1037,Taller Ahorro y Subsidio Habitacional,28/11/2024,magaly.paredes.demo2297@outlook.com,Magaly Paredes
T-1056,Jornada Comités de Vivienda - Región Metropolitana,09/05/2025,gerald.romero.demo51024@yahoo.com,Gerald Romero
T-1034,Taller de Postulación DS19 - Mayo 2026,03/03/2026,axel.cuevas.demo4221@outlook.com,Axel Cuevas
T-1006,Jornada Comités de Vivienda - Región Metropolitana,21/08/2023,marlene.reyes.demo17412@outlook.com,Marlene Reyes
T-1012,Taller Ahorro y Subsidio Habitacional,08/08/2024,monica.reyes.demo39571@yahoo.com,Mónica Reyes
T-1034,Charla: Déficit Habitacional en Chile,15/04/2023,eduardo.vera.demo5361@outlook.com,Eduardo Vera
T-1010,Asamblea Informativa DS49,28/08/2024,manuel.gonzalez.demo37303@gmail.com,Manuel González
T-1044,Asamblea Informativa DS49,08/03/2024,maritza.cornejo.demo36180@gmail.com,Maritza Cornejo
T-1058,Taller Ahorro y Subsidio Habitacional,09/11/2023,macarena.ruiz.demo43816@outlook.com,Macarena Ruiz
T-1022,Taller de Educación Financiera,29/01/2024,genesis.madariaga.demo45031@gmail.com,Génesis Madariaga
T-1058,Jornada Comités de Vivienda - Región Metropolitana,19/05/2024,almendra.sepulveda.demo25364@outlook.com,Almendra Sepúlveda
T-1054,Taller de Educación Financiera,06/05/2023,pablo.celis.demo24282@gmail.com,Pablo Celis
T-1002,Taller de Postulación DS19 - Mayo 2026,20/02/2026,manuel.poblete.demo42496@gmail.com,Manuel Poblete
T-1016,Taller de Postulación DS19 - Mayo 2026,09/04/2026,mario.martinez.demo23871@outlook.com,Mario Martínez
T-1046,Jornada Comités de Vivienda - Región Metropolitana,30/06/2024,guillermo.neira.demo26129@gmail.com,Guillermo Neira
T-1019,Taller Ahorro y Subsidio Habitacional,09/05/2023,rodrigo.zamorano.demo46178@hotmail.com,Rodrigo Zamorano
T-1023,Jornada Comités de Vivienda - Región Metropolitana,11/04/2026,denisse.cid.demo11254@gmail.com,Denisse Cid
T-1049,Webinar: Cómo Postular al Subsidio Habitacional,13/11/2024,juana.vergara.demo21410@hotmail.com,Juana Vergara
T-1001,Jornada Comités de Vivienda - Región Metropolitana,16/07/2025,dominga.pardo.demo46424@yahoo.com,Dominga Pardo
T-1041,Taller Ahorro y Subsidio Habitacional,19/04/2025,cristopher.uribe.demo49346@outlook.com,Cristopher Uribe
T-1044,Taller de Postulación DS19 - Mayo 2026,31/05/2024,sara.parra.demo30781@gmail.com,Sara Parra
T-1025,Asamblea Informativa DS49,31/01/2024,javiera.acuna.demo41758@yahoo.com,Javiera Acuña
T-1052,Jornada Comités de Vivienda - Región Metropolitana,13/12/2025,carla.perez.demo31484@outlook.com,Carla Pérez
T-1000,Webinar: Cómo Postular al Subsidio Habitacional,30/07/2024,patricio.arancibia.demo8730@gmail.com,Patricio Arancibia
T-1005,Jornada Comités de Vivienda - Región Metropolitana,23/03/2025,maritza.valencia.demo22533@hotmail.com,Maritza Valencia
T-1033,Taller de Postulación DS19 - Mayo 2026,10/09/2024,victor.ramirez.demo30723@outlook.com,Víctor Ramírez
T-1051,Charla: Déficit Habitacional en Chile,14/02/2026,jose.arce.demo42040@yahoo.com,José Arce
T-1036,Taller de Educación Financiera,16/05/2026,nelida.munoz.demo32627@outlook.com,Nélida Muñoz
T-1048,Taller de Postulación DS19 - Mayo 2026,02/04/2023,maria.araneda.demo51713@yahoo.com,María Araneda
T-1056,Asamblea Informativa DS49,05/10/2023,felipe.hernandez.demo45252@outlook.com,Felipe Hernández
T-1047,Charla: Déficit Habitacional en Chile,01/03/2023,simon.bravo.demo2231@hotmail.com,Simón Bravo
T-1045,Taller de Educación Financiera,10/07/2023,isabella.orellana.demo46428@hotmail.com,Isabella Orellana
T-1023,Jornada Comités de Vivienda - Región Metropolitana,03/02/2025,jose.zuniga.demo31784@hotmail.com,José Zúñiga
T-1018,Taller Subsidio Sectores Medios DS.01,17/05/2024,marcela.torres.demo2264@yahoo.com,Marcela Torres
T-1030,Taller de Educación Financiera,18/02/2025,exequiel.sepulveda.demo35752@yahoo.com,Exequiel Sepúlveda
T-1035,Charla: Déficit Habitacional en Chile,19/11/2025,solange.castillo.demo27512@outlook.com,Solange Castillo
T-1051,Taller de Postulación DS19 - Mayo 2026,27/07/2025,fernanda.herrera.demo29595@outlook.com,Fernanda Herrera
T-1037,Jornada Comités de Vivienda - Región Metropolitana,11/04/2026,joaquin.munoz.demo26455@outlook.com,Joaquín Muñoz
T-1032,Asamblea Informativa DS49,24/02/2026,carlos.huerta.demo5842@gmail.com,Carlos Huerta
T-1030,Taller Ahorro y Subsidio Habitacional,09/01/2024,luis.morales.demo34860@yahoo.com,Luis Morales
T-1022,Taller de Postulación DS19 - Mayo 2026,13/08/2024,javiera.carrasco.demo3066@yahoo.com,Javiera Carrasco
T-1044,Webinar: Cómo Postular al Subsidio Habitacional,18/09/2023,jose.salazar.demo18656@yahoo.com,José Salazar
T-1003,Taller de Postulación DS19 - Mayo 2026,18/09/2025,bernardita.martinez.demo20638@hotmail.com,Bernardita Martínez
T-1019,Taller Subsidio Sectores Medios DS.01,07/02/2025,camila.gonzalez.demo11691@hotmail.com,Camila González
T-1015,Taller de Postulación DS19 - Mayo 2026,16/03/2026,gabriel.cordero.demo2850@outlook.com,Gabriel Cordero
T-1018,Jornada Comités de Vivienda - Región Metropolitana,03/05/2023,martin.medina.demo46222@hotmail.com,Martín Medina
T-1032,Jornada Comités de Vivienda - Región Metropolitana,16/06/2024,patricio.soto.demo4707@outlook.com,Patricio Soto
T-1005,Taller de Educación Financiera,18/01/2023,matias.echeverria.demo23665@yahoo.com,Matías Echeverría
T-1044,Webinar: Cómo Postular al Subsidio Habitacional,28/02/2024,gabriel.munoz.demo35552@yahoo.com,Gabriel Muñoz
T-1056,Taller de Postulación DS19 - Mayo 2026,16/11/2024,ninoska.paredes.demo50050@hotmail.com,Ninoska Paredes
T-1036,Taller de Postulación DS19 - Mayo 2026,02/11/2025,leonor.cruz.demo39221@gmail.com,Leonor Cruz
T-1041,Asamblea Informativa DS49,07/01/2026,cristian.aguirre.demo29748@hotmail.com,Cristian Aguirre
T-1035,Taller Ahorro y Subsidio Habitacional,11/02/2023,mariana.rodriguez.demo11479@outlook.com,Mariana Rodríguez
T-1034,Taller Subsidio Sectores Medios DS.01,29/08/2024,hector.sepulveda.demo9333@yahoo.com,Héctor Sepúlveda
T-1057,Charla: Déficit Habitacional en Chile,18/05/2025,nataly.quezada.demo5026@outlook.com,Nataly Quezada
T-1046,Taller Ahorro y Subsidio Habitacional,31/03/2026,rosa.mamani.demo26229@hotmail.com,Rosa Mamani
T-1024,Jornada Comités de Vivienda - Región Metropolitana,09/03/2026,carolina.saavedra.demo18192@outlook.com,Carolina Saavedra
T-1011,Asamblea Informativa DS49,02/05/2024,maria.mella.demo4063@yahoo.com,María Mella
T-1009,Taller de Postulación DS19 - Mayo 2026,01/03/2025,jose.vallejos.demo11765@yahoo.com,José Vallejos
T-1027,Taller Subsidio Sectores Medios DS.01,13/05/2023,mario.quiroz.demo1556@outlook.com,Mario Quiroz
T-1021,Asamblea Informativa DS49,13/06/2025,paola.munoz.demo10333@outlook.com,Paola Muñoz
T-1001,Charla: Déficit Habitacional en Chile,27/11/2025,mauricio.palacios.demo41057@yahoo.com,Mauricio Palacios
T-1017,Asamblea Informativa DS49,03/03/2023,jacqueline.orellana.demo7847@hotmail.com,Jacqueline Orellana
T-1023,Taller de Educación Financiera,21/01/2026,pedro.riveros.demo32197@hotmail.com,Pedro Riveros
T-1046,Charla: Déficit Habitacional en Chile,13/10/2023,francisco.jorquera.demo29465@hotmail.com,Francisco Jorquera
T-1058,Jornada Comités de Vivienda - Región Metropolitana,21/01/2024,leandro.ramos.demo26214@outlook.com,Leandro Ramos
T-1028,Charla: Déficit Habitacional en Chile,28/10/2023,francisca.villar.demo39881@gmail.com,Francisca Villar
T-1006,Webinar: Cómo Postular al Subsidio Habitacional,06/12/2025,manuel.venegas.demo19717@hotmail.com,Manuel Venegas
T-1032,Taller Ahorro y Subsidio Habitacional,23/02/2024,natalie.carmona.demo12669@outlook.com,Natalie Carmona
T-1001,Asamblea Informativa DS49,20/07/2023,gilda.bugueno.demo1662@outlook.com,Gilda Bugueño
T-1003,Taller Ahorro y Subsidio Habitacional,06/01/2024,roberto.vergara.demo15787@gmail.com,Roberto Vergara
T-1047,Taller Ahorro y Subsidio Habitacional,26/08/2024,angelo.riffo.demo21647@gmail.com,Angelo Riffo
T-1058,Taller de Educación Financiera,09/02/2026,ana.molina.demo6791@yahoo.com,Ana Molina
T-1002,Taller Ahorro y Subsidio Habitacional,12/12/2023,miguel.sandoval.demo32269@hotmail.com,Miguel Sandoval
T-1053,Asamblea Informativa DS49,01/07/2024,constanza.cortez.demo50173@yahoo.com,Constanza Cortez
T-1044,Taller Subsidio Sectores Medios DS.01,23/03/2026,jose.barrios.demo42267@hotmail.com,José Barrios
T-1007,Asamblea Informativa DS49,05/01/2025,johanna.gonzalez.demo31742@outlook.com,Johanna González
T-1019,Taller Ahorro y Subsidio Habitacional,18/10/2023,luis.montecinos.demo24796@gmail.com,Luis Montecinos
T-1049,Jornada Comités de Vivienda - Región Metropolitana,10/05/2024,renato.sepulveda.demo32444@outlook.com,Renato Sepúlveda
T-1021,Webinar: Cómo Postular al Subsidio Habitacional,17/07/2025,sebastian.lazcano.demo35122@hotmail.com,Sebastián Lazcano
T-1021,Taller Ahorro y Subsidio Habitacional,30/08/2025,maria.mondaca.demo12855@hotmail.com,María Mondaca
T-1020,Taller Subsidio Sectores Medios DS.01,30/12/2025,jaime.cifuentes.demo44627@yahoo.com,Jaime Cifuentes
T-1040,Taller de Postulación DS19 - Mayo 2026,30/12/2023,patricio.olmos.demo1364@hotmail.com,Patricio Olmos
T-1048,Charla: Déficit Habitacional en Chile,02/05/2023,isabel.ibacache.demo33162@yahoo.com,Isabel Ibacache
T-1030,Taller Ahorro y Subsidio Habitacional,16/10/2025,manuel.troncoso.demo13537@gmail.com,Manuel Troncoso
T-1000,Taller Subsidio Sectores Medios DS.01,07/01/2024,ana.burgos.demo8147@hotmail.com,Ana Burgos
T-1009,Jornada Comités de Vivienda - Región Metropolitana,29/04/2026,josefa.rojas.demo31858@gmail.com,Josefa Rojas
T-1007,Webinar: Cómo Postular al Subsidio Habitacional,27/06/2025,alejandra.maldonado.demo36366@hotmail.com,Alejandra Maldonado
T-1047,Webinar: Cómo Postular al Subsidio Habitacional,13/08/2025,marcelo.abarca.demo42018@hotmail.com,Marcelo Abarca
T-1051,Taller de Postulación DS19 - Mayo 2026,07/02/2023,tania.munoz.demo11742@yahoo.com,Tania Muñoz
T-1054,Taller de Educación Financiera,29/09/2024,carla.ahumada.demo51578@outlook.com,Carla Ahumada
T-1007,Taller Subsidio Sectores Medios DS.01,18/05/2026,alejandro.catalan.demo12774@yahoo.com,Alejandro Catalán
T-1042,Taller de Educación Financiera,08/05/2024,juan.jara.demo11461@outlook.com,Juan Jara
T-1020,Taller de Educación Financiera,18/05/2024,josue.torres.demo24339@gmail.com,Josue Torres
T-1020,Taller Ahorro y Subsidio Habitacional,29/06/2025,joaquin.ortiz.demo26527@hotmail.com,Joaquín Ortiz
T-1051,Taller de Educación Financiera,02/02/2026,juan.acuna.demo12976@hotmail.com,Juan Acuña
T-1013,Taller Ahorro y Subsidio Habitacional,14/08/2023,claudio.hernandez.demo41379@gmail.com,Claudio Hernández
T-1006,Asamblea Informativa DS49,04/06/2023,jose.fernandez.demo23385@hotmail.com,José Fernández
T-1009,Taller de Postulación DS19 - Mayo 2026,01/11/2024,carlos.parra.demo38754@yahoo.com,Carlos Parra
T-1013,Asamblea Informativa DS49,17/12/2023,maria.mendoza.demo11247@hotmail.com,María Mendoza
T-1059,Taller de Educación Financiera,23/08/2025,eduardo.flores.demo3964@hotmail.com,Eduardo Flores
T-1034,Jornada Comités de Vivienda - Región Metropolitana,28/12/2025,amaya.reyes.demo26570@yahoo.com,Amaya Reyes
T-1013,Charla: Déficit Habitacional en Chile,24/06/2024,jose.carrasco.demo3733@outlook.com,José Carrasco
T-1038,Charla: Déficit Habitacional en Chile,08/10/2025,florencio.guerrero.demo45019@yahoo.com,Florencio Guerrero
T-1036,Jornada Comités de Vivienda - Región Metropolitana,04/12/2023,alvaro.valenzuela.demo30117@gmail.com,Álvaro Valenzuela
T-1029,Taller de Postulación DS19 - Mayo 2026,20/02/2025,hector.quezada.demo44631@gmail.com,Héctor Quezada
T-1051,Charla: Déficit Habitacional en Chile,03/04/2023,juan.fuentes.demo39353@hotmail.com,Juan Fuentes
T-1059,Webinar: Cómo Postular al Subsidio Habitacional,18/12/2024,pablo.astudillo.demo1553@hotmail.com,Pablo Astudillo
T-1007,Webinar: Cómo Postular al Subsidio Habitacional,31/12/2023,isidora.brito.demo38723@gmail.com,Isidora Brito
T-1051,Charla: Déficit Habitacional en Chile,09/04/2026,marcelo.andrade.demo14494@hotmail.com,Marcelo Andrade
T-1057,Taller de Postulación DS19 - Mayo 2026,04/11/2024,sebastian.diaz.demo47098@yahoo.com,Sebastián Díaz
T-1038,Taller Ahorro y Subsidio Habitacional,01/11/2024,tomas.martinez.demo48608@outlook.com,Tomás Martinez
T-1045,Asamblea Informativa DS49,24/05/2026,alexis.astudillo.demo5910@outlook.com,Alexis Astudillo
T-1018,Webinar: Cómo Postular al Subsidio Habitacional,29/11/2024,clara.moya.demo20945@gmail.com,Clara Moya
T-1007,Charla: Déficit Habitacional en Chile,30/11/2024,rodrigo.carmona.demo43944@hotmail.com,Rodrigo Carmona
T-1037,Taller Subsidio Sectores Medios DS.01,24/06/2025,ignacio.venegas.demo27763@yahoo.com,Ignacio Venegas
T-1045,Charla: Déficit Habitacional en Chile,14/10/2023,vanessa.fuentes.demo50785@gmail.com,Vanessa Fuentes
T-1033,Asamblea Informativa DS49,31/10/2024,hector.romero.demo6536@gmail.com,Héctor Romero
T-1045,Taller de Postulación DS19 - Mayo 2026,07/12/2024,nataly.fuenzalida.demo17276@outlook.com,Nataly Fuenzalida
T-1024,Taller Subsidio Sectores Medios DS.01,18/12/2023,guillermo.farias.demo16098@gmail.com,Guillermo Farías
T-1048,Taller Ahorro y Subsidio Habitacional,27/09/2025,edith.valdes.demo48570@yahoo.com,Edith Valdés
T-1036,Webinar: Cómo Postular al Subsidio Habitacional,05/09/2023,rosa.plaza.demo41145@gmail.com,Rosa Plaza
T-1022,Jornada Comités de Vivienda - Región Metropolitana,19/12/2024,alondra.gonzalez.demo47477@hotmail.com,Alondra González
T-1014,Charla: Déficit Habitacional en Chile,23/02/2025,lucas.vargas.demo44822@yahoo.com,Lucas Vargas
T-1044,Jornada Comités de Vivienda - Región Metropolitana,14/10/2025,roxana.aravena.demo41283@hotmail.com,Roxana Aravena
T-1011,Taller de Postulación DS19 - Mayo 2026,23/05/2023,carmen.munoz.demo25218@outlook.com,Carmen Muñoz
T-1005,Taller de Educación Financiera,25/12/2025,emily.ortiz.demo42874@gmail.com,Emily Ortiz
T-1059,Taller Subsidio Sectores Medios DS.01,14/06/2023,cesar.ibarra.demo40449@outlook.com,César Ibarra
T-1003,Taller Subsidio Sectores Medios DS.01,01/03/2024,carlos.avalos.demo1359@gmail.com,Carlos Ávalos
T-1037,Taller Subsidio Sectores Medios DS.01,14/06/2023,marcela.solis.demo50760@outlook.com,Marcela Solís
T-1053,Taller Subsidio Sectores Medios DS.01,17/10/2024,veronica.machuca.demo24970@hotmail.com,Verónica Machuca
T-1039,Taller de Postulación DS19 - Mayo 2026,04/04/2025,anais.veliz.demo10280@yahoo.com,Anaís Véliz
T-1022,Taller de Postulación DS19 - Mayo 2026,24/01/2023,edgar.poblete.demo45237@hotmail.com,Edgar Poblete
T-1058,Charla: Déficit Habitacional en Chile,20/05/2025,constanza.molina.demo36571@gmail.com,Constanza Molina
T-1054,Charla: Déficit Habitacional en Chile,12/09/2023,emilia.velasquez.demo30146@outlook.com,Emilia Velásquez
T-1056,Taller Ahorro y Subsidio Habitacional,30/11/2025,dante.cardenas.demo7780@hotmail.com,Dante Cárdenas
T-1046,Webinar: Cómo Postular al Subsidio Habitacional,25/12/2025,martin.munoz.demo30725@outlook.com,Martin Muñoz
T-1049,Taller Subsidio Sectores Medios DS.01,08/05/2024,benjamin.ampuero.demo32230@hotmail.com,Benjamín Ampuero
T-1003,Taller Ahorro y Subsidio Habitacional,26/04/2025,juan.gonzalez.demo9808@hotmail.com,Juan González
T-1006,Taller de Postulación DS19 - Mayo 2026,08/05/2024,patricia.palma.demo47972@yahoo.com,Patricia Palma
T-1004,Taller de Educación Financiera,11/12/2023,maria.tapia.demo26217@gmail.com,María Tapia
T-1054,Asamblea Informativa DS49,24/04/2024,paola.carrasco.demo49739@hotmail.com,Paola Carrasco
T-1016,Jornada Comités de Vivienda - Región Metropolitana,25/01/2026,jose.galaz.demo15620@hotmail.com,José Galaz
T-1041,Taller de Educación Financiera,13/10/2025,amaro.herrera.demo35393@yahoo.com,Amaro Herrera
T-1018,Taller Ahorro y Subsidio Habitacional,28/02/2024,jesus.marambio.demo46919@yahoo.com,Jesús Marambio
T-1004,Webinar: Cómo Postular al Subsidio Habitacional,17/11/2024,luis.pinto.demo35531@outlook.com,Luis Pinto
T-1012,Charla: Déficit Habitacional en Chile,16/01/2024,julio.guerrero.demo9257@gmail.com,Julio Guerrero
T-1049,Webinar: Cómo Postular al Subsidio Habitacional,05/12/2023,rolando.bastias.demo24142@outlook.com,Rolando Bastías
T-1051,Webinar: Cómo Postular al Subsidio Habitacional,09/08/2025,alexander.paredes.demo38711@yahoo.com,Alexander Paredes
T-1031,Taller Subsidio Sectores Medios DS.01,17/02/2025,vicente.cabrera.demo34396@outlook.com,Vicente Cabrera
T-1028,Taller Ahorro y Subsidio Habitacional,17/01/2023,camilo.lazcano.demo33632@gmail.com,Camilo Lazcano
T-1014,Taller Ahorro y Subsidio Habitacional,24/04/2024,constanza.becerra.demo47737@hotmail.com,Constanza Becerra
T-1046,Taller de Postulación DS19 - Mayo 2026,19/03/2025,sebastian.munoz.demo47589@yahoo.com,Sebastián Muñoz
T-1047,Jornada Comités de Vivienda - Región Metropolitana,27/10/2023,loreto.lagos.demo47465@hotmail.com,Loreto Lagos
T-1002,Taller de Postulación DS19 - Mayo 2026,10/04/2026,amaro.alvarez.demo27119@outlook.com,Amaro Álvarez
T-1036,Asamblea Informativa DS49,21/04/2025,david.orellana.demo33391@gmail.com,David Orellana
T-1011,Asamblea Informativa DS49,06/11/2025,emma.reyes.demo46028@gmail.com,Emma Reyes
T-1036,Charla: Déficit Habitacional en Chile,11/10/2025,monica.moyano.demo44759@outlook.com,Mónica Moyano
T-1019,Charla: Déficit Habitacional en Chile,14/01/2026,matias.rojas.demo12157@hotmail.com,Matías Rojas
T-1004,Taller de Educación Financiera,21/04/2023,anibal.uribe.demo36420@hotmail.com,Aníbal Uribe
T-1004,Taller de Educación Financiera,24/11/2024,gabriela.delgado.demo16053@hotmail.com,Gabriela Delgado
T-1035,Asamblea Informativa DS49,29/08/2024,mireya.pacheco.demo7908@gmail.com,Mireya Pacheco
T-1012,Taller de Postulación DS19 - Mayo 2026,24/03/2023,jose.guzman.demo10904@yahoo.com,José Guzmán
T-1011,Taller Ahorro y Subsidio Habitacional,04/03/2026,carolina.contreras.demo18087@outlook.com,Carolina Contreras
T-1001,Taller de Postulación DS19 - Mayo 2026,26/05/2025,valentina.rosales.demo31263@hotmail.com,Valentina Rosales
T-1023,Asamblea Informativa DS49,14/03/2026,paz.droguett.demo37657@outlook.com,Paz Droguett
T-1028,Charla: Déficit Habitacional en Chile,21/08/2024,catalina.valenzuela.demo43390@yahoo.com,Catalina Valenzuela
T-1017,Webinar: Cómo Postular al Subsidio Habitacional,17/02/2024,marie.moreno.demo50924@yahoo.com,Marie Moreno
T-1017,Taller Subsidio Sectores Medios DS.01,01/07/2023,nidia.arancibia.demo17671@hotmail.com,Nidia Arancibia
T-1045,Charla: Déficit Habitacional en Chile,08/12/2025,victor.henriquez.demo48940@yahoo.com,Víctor Henríquez
T-1021,Asamblea Informativa DS49,14/01/2023,hugo.zamorano.demo45837@hotmail.com,Hugo Zamorano
T-1053,Taller Ahorro y Subsidio Habitacional,16/11/2024,katherine.naranjo.demo43310@hotmail.com,Katherine Naranjo
T-1025,Jornada Comités de Vivienda - Región Metropolitana,10/07/2025,jenny.vejar.demo22301@yahoo.com,Jenny Vejar
T-1020,Webinar: Cómo Postular al Subsidio Habitacional,26/11/2023,patricia.fredes.demo9948@gmail.com,Patricia Fredes
T-1045,Asamblea Informativa DS49,21/06/2025,florencia.reyes.demo36232@hotmail.com,Florencia Reyes
T-1032,Charla: Déficit Habitacional en Chile,04/07/2024,maritza.almonacid.demo43936@outlook.com,Maritza Almonacid
T-1011,Asamblea Informativa DS49,09/11/2023,catalina.diaz.demo40425@yahoo.com,Catalina Díaz
T-1006,Taller Ahorro y Subsidio Habitacional,25/09/2025,diego.ordenes.demo8680@yahoo.com,Diego Órdenes
T-1025,Taller Ahorro y Subsidio Habitacional,19/08/2024,maria.quezada.demo3836@yahoo.com,María Quezada
T-1027,Jornada Comités de Vivienda - Región Metropolitana,26/10/2024,claudia.nunez.demo9990@hotmail.com,Claudia Núñez
T-1028,Taller Subsidio Sectores Medios DS.01,09/03/2024,manuel.arriagada.demo51937@yahoo.com,Manuel Arriagada
T-1030,Taller Subsidio Sectores Medios DS.01,09/12/2025,sebastian.ulloa.demo32932@gmail.com,Sebastián Ulloa
T-1036,Jornada Comités de Vivienda - Región Metropolitana,25/11/2024,juan.vasquez.demo51737@gmail.com,Juan Vásquez
T-1040,Webinar: Cómo Postular al Subsidio Habitacional,13/02/2026,cristian.alarcon.demo43167@hotmail.com,Cristian Alarcón
T-1053,Taller de Educación Financiera,18/01/2023,miguel.lazcano.demo19078@yahoo.com,Miguel Lazcano
T-1010,Taller de Educación Financiera,10/11/2023,macarena.ayala.demo6334@hotmail.com,Macarena Ayala
T-1025,Taller Ahorro y Subsidio Habitacional,09/02/2024,luis.concha.demo21215@outlook.com,Luis Concha
T-1029,Charla: Déficit Habitacional en Chile,24/02/2023,martin.arevalo.demo11019@yahoo.com,Martín Arévalo
T-1045,Taller de Educación Financiera,20/01/2025,christian.saldana.demo18655@outlook.com,Christian Saldaña
T-1053,Asamblea Informativa DS49,25/07/2023,juan.jerez.demo39171@outlook.com,Juan Jerez
T-1019,Charla: Déficit Habitacional en Chile,08/07/2024,mariano.flores.demo37078@yahoo.com,Mariano Flores
T-1033,Taller Subsidio Sectores Medios DS.01,27/01/2026,ivonne.lagos.demo33483@gmail.com,Ivonne Lagos
T-1013,Asamblea Informativa DS49,17/08/2025,ignacio.munoz.demo16373@gmail.com,Ignacio Muñoz
T-1023,Webinar: Cómo Postular al Subsidio Habitacional,19/10/2023,yasna.perez.demo32801@hotmail.com,Yasna Pérez
T-1032,Taller de Educación Financiera,07/06/2023,maria.silva.demo39822@yahoo.com,María Silva
T-1001,Charla: Déficit Habitacional en Chile,21/09/2023,matias.bahamonde.demo36669@gmail.com,Matías Bahamonde
T-1025,Jornada Comités de Vivienda - Región Metropolitana,05/10/2024,adelina.sepulveda.demo51575@outlook.com,Adelina Sepúlveda
T-1045,Taller Subsidio Sectores Medios DS.01,29/05/2023,erika.norambuena.demo20823@yahoo.com,Erika Norambuena
T-1048,Asamblea Informativa DS49,28/05/2024,marcelo.astudillo.demo32755@gmail.com,Marcelo Astudillo
T-1047,Asamblea Informativa DS49,14/08/2024,maximiliano.lopez.demo35703@outlook.com,Maximiliano López
T-1041,Taller de Postulación DS19 - Mayo 2026,10/07/2023,jesus.munoz.demo40769@outlook.com,Jesus Muñoz
T-1032,Asamblea Informativa DS49,20/12/2023,martina.espinoza.demo36234@hotmail.com,Martina Espinoza
T-1025,Taller Subsidio Sectores Medios DS.01,27/08/2023,ramon.tapia.demo8890@yahoo.com,Ramón Tapia
T-1029,Jornada Comités de Vivienda - Región Metropolitana,07/11/2023,florencia.zuniga.demo49501@outlook.com,Florencia Zúñiga
T-1043,Webinar: Cómo Postular al Subsidio Habitacional,26/01/2026,ana.rodriguez.demo10694@outlook.com,Ana Rodríguez
T-1024,Taller Subsidio Sectores Medios DS.01,20/02/2024,maria.torres.demo30502@hotmail.com,María Torres
T-1019,Jornada Comités de Vivienda - Región Metropolitana,04/02/2026,silvia.parraguez.demo11459@hotmail.com,Silvia Parraguez
T-1040,Taller de Postulación DS19 - Mayo 2026,16/09/2023,juan.caro.demo13518@yahoo.com,Juan Caro
T-1050,Asamblea Informativa DS49,14/11/2024,juan.morales.demo38685@gmail.com,Juan Morales
T-1000,Taller de Postulación DS19 - Mayo 2026,04/02/2025,roman.carrillo.demo31938@gmail.com,Román Carrillo
T-1052,Taller de Educación Financiera,11/07/2024,maria.palma.demo14559@outlook.com,María Palma
T-1019,Taller de Educación Financiera,04/04/2024,camila.veliz.demo51003@hotmail.com,Camila Véliz
T-1026,Webinar: Cómo Postular al Subsidio Habitacional,07/04/2025,jose.farias.demo42727@yahoo.com,José Farías
T-1048,Taller de Postulación DS19 - Mayo 2026,25/07/2023,jennifer.valenzuela.demo50014@gmail.com,Jennifer Valenzuela
T-1044,Taller Subsidio Sectores Medios DS.01,18/05/2023,marcelo.gallegos.demo36445@gmail.com,Marcelo Gallegos
T-1016,Taller de Postulación DS19 - Mayo 2026,18/04/2025,maria.rojas.demo30153@gmail.com,María Rojas
T-1013,Taller Subsidio Sectores Medios DS.01,17/01/2023,nelson.gomez.demo17964@hotmail.com,Nelson Gómez
T-1039,Taller Ahorro y Subsidio Habitacional,01/04/2025,gloria.vidal.demo12993@yahoo.com,Gloria Vidal
T-1033,Webinar: Cómo Postular al Subsidio Habitacional,21/06/2024,rodrigo.osses.demo26845@outlook.com,Rodrigo Osses
T-1043,Taller de Educación Financiera,22/10/2024,carmen.plaza.demo33742@hotmail.com,Carmen Plaza
T-1021,Asamblea Informativa DS49,19/01/2024,claudio.medina.demo17052@hotmail.com,Claudio Medina
T-1043,Taller Subsidio Sectores Medios DS.01,03/01/2026,rocio.pinto.demo22251@outlook.com,Rocio Pinto
T-1017,Taller de Educación Financiera,28/12/2025,rosa.verdugo.demo19526@hotmail.com,Rosa Verdugo
T-1004,Charla: Déficit Habitacional en Chile,04/10/2024,karina.arriagada.demo30828@yahoo.com,Karina Arriagada
T-1027,Charla: Déficit Habitacional en Chile,03/04/2023,ana.bustos.demo25554@outlook.com,Ana Bustos
T-1025,Jornada Comités de Vivienda - Región Metropolitana,02/02/2024,jennifer.rebolledo.demo1124@hotmail.com,Jennifer Rebolledo
T-1044,Taller Ahorro y Subsidio Habitacional,22/12/2024,esteban.mamani.demo14424@gmail.com,Esteban Mamani
T-1037,Charla: Déficit Habitacional en Chile,27/04/2025,elba.yanez.demo37926@yahoo.com,Elba Yáñez
T-1035,Webinar: Cómo Postular al Subsidio Habitacional,05/03/2023,cristobal.guerrero.demo49775@hotmail.com,Cristóbal Guerrero
T-1013,Jornada Comités de Vivienda - Región Metropolitana,06/10/2024,norma.santana.demo14475@gmail.com,Norma Santana
T-1054,Asamblea Informativa DS49,09/09/2023,carlos.vera.demo47620@gmail.com,Carlos Vera
T-1023,Taller de Postulación DS19 - Mayo 2026,18/04/2023,margarita.maldonado.demo29811@gmail.com,Margarita Maldonado
T-1017,Taller Subsidio Sectores Medios DS.01,06/10/2023,maximiliano.arancibia.demo16767@yahoo.com,Maximiliano Arancibia
T-1053,Webinar: Cómo Postular al Subsidio Habitacional,14/04/2026,flor.mora.demo47294@hotmail.com,Flor Mora
T-1059,Charla: Déficit Habitacional en Chile,26/11/2025,johanna.lopez.demo5349@gmail.com,Johanna López
T-1016,Taller de Educación Financiera,22/01/2026,alexis.fuentes.demo48643@outlook.com,Alexis Fuentes
T-1013,Taller de Postulación DS19 - Mayo 2026,05/04/2023,johanna.contreras.demo36509@gmail.com,Johanna Contreras
T-1059,Asamblea Informativa DS49,08/07/2023,jacqueline.rios.demo926@yahoo.com,Jacqueline Ríos
T-1049,Taller de Educación Financiera,08/04/2023,segundo.bravo.demo446@hotmail.com,Segundo Bravo
T-1002,Taller de Educación Financiera,15/11/2023,karina.sandoval.demo26270@gmail.com,Karina Sandoval
T-1044,Taller Ahorro y Subsidio Habitacional,30/12/2024,leonardo.pinto.demo17662@yahoo.com,Leonardo Pinto
T-1021,Charla: Déficit Habitacional en Chile,06/07/2024,jorge.leiva.demo1669@gmail.com,Jorge Leiva
T-1003,Taller de Postulación DS19 - Mayo 2026,14/06/2024,eduardo.retamal.demo35319@yahoo.com,Eduardo Retamal
T-1015,Asamblea Informativa DS49,27/10/2024,luis.lizana.demo10218@gmail.com,Luis Lizana
T-1019,Webinar: Cómo Postular al Subsidio Habitacional,08/12/2025,ana.varela.demo39299@outlook.com,Ana Varela
T-1001,Taller Ahorro y Subsidio Habitacional,07/09/2023,franco.guerrero.demo32853@outlook.com,Franco Guerrero
T-1034,Asamblea Informativa DS49,31/08/2023,veronica.pozo.demo18544@yahoo.com,Verónica Pozo
T-1017,Taller de Postulación DS19 - Mayo 2026,13/09/2024,judith.perez.demo50728@outlook.com,Judith Pérez
T-1052,Asamblea Informativa DS49,09/05/2024,carlos.escobar.demo9284@outlook.com,Carlos Escobar
T-1055,Asamblea Informativa DS49,07/05/2026,juan.gonzalez.demo851@hotmail.com,Juan González
T-1051,Asamblea Informativa DS49,01/07/2025,vicente.campos.demo11746@hotmail.com,Vicente Campos
T-1059,Taller Ahorro y Subsidio Habitacional,05/12/2024,lilian.soto.demo12274@outlook.com,Lilian Soto
T-1021,Jornada Comités de Vivienda - Región Metropolitana,19/03/2024,carolina.salas.demo19132@hotmail.com,Carolina Salas
T-1049,Charla: Déficit Habitacional en Chile,05/03/2024,isidora.martinez.demo26975@gmail.com,Isidora Martínez
T-1057,Taller de Educación Financiera,30/07/2023,jennifer.cifuentes.demo4684@outlook.com,Jennifer Cifuentes
T-1035,Charla: Déficit Habitacional en Chile,23/11/2024,maria.cardenas.demo38388@outlook.com,María Cárdenas
T-1024,Taller de Postulación DS19 - Mayo 2026,02/04/2025,sebastian.sobarzo.demo32631@gmail.com,Sebastián Sobarzo
T-1013,Taller Ahorro y Subsidio Habitacional,20/05/2023,benjamin.letelier.demo51091@gmail.com,Benjamín Letelier
T-1000,Charla: Déficit Habitacional en Chile,25/03/2026,rodrigo.gomez.demo16863@gmail.com,Rodrigo Gómez
T-1018,Jornada Comités de Vivienda - Región Metropolitana,07/11/2025,michelle.ramos.demo51928@yahoo.com,Michelle Ramos
T-1032,Taller de Educación Financiera,24/03/2026,leonardo.acevedo.demo51347@hotmail.com,Leonardo Acevedo
T-1000,Webinar: Cómo Postular al Subsidio Habitacional,20/02/2026,javiera.cornejo.demo3296@hotmail.com,Javiera Cornejo
T-1005,Taller de Educación Financiera,09/09/2023,nataly.toledo.demo48528@gmail.com,Nataly Toledo
T-1009,Jornada Comités de Vivienda - Región Metropolitana,21/09/2024,cindy.carmona.demo17886@hotmail.com,Cindy Carmona
T-1044,Taller Ahorro y Subsidio Habitacional,01/04/2025,martina.guerrero.demo41983@yahoo.com,Martina Guerrero
T-1049,Asamblea Informativa DS49,15/02/2025,bernarda.gonzalez.demo10035@outlook.com,Bernarda González
T-1028,Jornada Comités de Vivienda - Región Metropolitana,03/07/2024,rosa.dominguez.demo50700@hotmail.com,Rosa Domínguez
T-1013,Taller Ahorro y Subsidio Habitacional,05/05/2025,constanza.ortiz.demo40434@outlook.com,Constanza Ortiz
T-1017,Taller Subsidio Sectores Medios DS.01,21/10/2025,luis.godoy.demo6789@yahoo.com,Luis Godoy
T-1005,Taller de Educación Financiera,12/07/2023,leonor.solar.demo47686@outlook.com,Leonor Solar
T-1035,Taller de Postulación DS19 - Mayo 2026,25/04/2026,karen.hernandez.demo40950@yahoo.com,Karen Hernández
T-1014,Asamblea Informativa DS49,22/06/2025,maria.gajardo.demo28637@outlook.com,María Gajardo
T-1020,Asamblea Informativa DS49,23/04/2023,rosa.valenzuela.demo20185@outlook.com,Rosa Valenzuela
T-1025,Taller de Postulación DS19 - Mayo 2026,28/03/2026,franchesca.salazar.demo41116@yahoo.com,Franchesca Salazar
T-1057,Taller de Educación Financiera,03/01/2025,roxana.cortes.demo16119@yahoo.com,Roxana Cortés
T-1030,Taller de Educación Financiera,19/07/2024,damaris.soto.demo4293@hotmail.com,Damaris Soto
T-1031,Jornada Comités de Vivienda - Región Metropolitana,25/07/2024,daniel.neira.demo32449@gmail.com,Daniel Neira
T-1010,Taller Ahorro y Subsidio Habitacional,20/03/2026,maria.lazo.demo29308@yahoo.com,María Lazo
T-1013,Webinar: Cómo Postular al Subsidio Habitacional,04/01/2025,margarita.herrera.demo17438@outlook.com,Margarita Herrera
T-1009,Taller de Postulación DS19 - Mayo 2026,28/09/2025,vicente.gaete.demo35865@yahoo.com,Vicente Gaete
T-1008,Asamblea Informativa DS49,05/05/2024,denise.zamorano.demo34283@hotmail.com,Denise Zamorano
T-1029,Charla: Déficit Habitacional en Chile,17/12/2025,guillermina.castillo.demo10142@yahoo.com,Guillermina Castillo
T-1022,Taller Ahorro y Subsidio Habitacional,22/10/2024,cornelio.barriga.demo46357@yahoo.com,Cornelio Barriga
T-1039,Charla: Déficit Habitacional en Chile,19/01/2025,diego.sepulveda.demo2742@yahoo.com,Diego Sepúlveda
T-1059,Taller de Educación Financiera,13/11/2024,bernarda.gonzalez.demo20397@gmail.com,Bernarda González
T-1028,Taller de Educación Financiera,13/03/2025,erwin.gatica.demo48181@gmail.com,Erwin Gatica
T-1008,Taller de Educación Financiera,15/10/2024,david.montecino.demo1975@outlook.com,David Montecino
T-1021,Taller Ahorro y Subsidio Habitacional,25/01/2024,tulio.villanueva.demo31885@yahoo.com,Tulio Villanueva
T-1030,Asamblea Informativa DS49,09/05/2024,ivonne.salazar.demo4189@gmail.com,Ivonne Salazar
T-1041,Webinar: Cómo Postular al Subsidio Habitacional,26/10/2025,luis.miranda.demo19958@outlook.com,Luis Miranda
T-1027,Taller Subsidio Sectores Medios DS.01,24/04/2023,myriam.palma.demo16564@hotmail.com,Myriam Palma
T-1046,Taller Ahorro y Subsidio Habitacional,15/10/2024,lucila.sanchez.demo29902@gmail.com,Lucila Sánchez
T-1002,Charla: Déficit Habitacional en Chile,07/04/2023,victor.carrasco.demo11382@gmail.com,Víctor Carrasco
T-1004,Asamblea Informativa DS49,04/05/2024,matias.diaz.demo861@hotmail.com,Matías Díaz
T-1034,Taller de Educación Financiera,09/11/2025,rosa.olave.demo44384@hotmail.com,Rosa Olave
T-1005,Webinar: Cómo Postular al Subsidio Habitacional,15/07/2024,pascal.munoz.demo45908@yahoo.com,Pascal Muñoz
T-1021,Charla: Déficit Habitacional en Chile,05/03/2023,denise.gonzalez.demo21967@gmail.com,Denise González
T-1034,Taller de Educación Financiera,23/04/2023,betty.zamora.demo13658@hotmail.com,Betty Zamora
T-1053,Taller de Educación Financiera,30/09/2025,constanza.villanueva.demo25027@gmail.com,Constanza Villanueva
T-1009,Webinar: Cómo Postular al Subsidio Habitacional,17/12/2025,claudia.parra.demo34843@outlook.com,Claudia Parra
T-1004,Taller Subsidio Sectores Medios DS.01,15/04/2023,luis.carvajal.demo37026@hotmail.com,Luis Carvajal
T-1046,Taller de Postulación DS19 - Mayo 2026,31/07/2024,rodrigo.vera.demo994@hotmail.com,Rodrigo Vera
T-1016,Jornada Comités de Vivienda - Región Metropolitana,10/06/2024,patricio.diaz.demo2621@yahoo.com,Patricio Díaz
T-1027,Taller Subsidio Sectores Medios DS.01,13/05/2025,claudia.vasquez.demo46010@outlook.com,Claudia Vásquez
T-1059,Taller de Postulación DS19 - Mayo 2026,24/03/2025,adriana.diaz.demo6997@gmail.com,Adriana Díaz
T-1006,Asamblea Informativa DS49,01/11/2023,oscar.bravo.demo24327@outlook.com,Oscar Bravo
T-1002,Jornada Comités de Vivienda - Región Metropolitana,12/02/2023,veronica.luna.demo6956@outlook.com,Verónica Luna
T-1055,Asamblea Informativa DS49,24/03/2024,mauricio.pizarro.demo16521@hotmail.com,Mauricio Pizarro
T-1040,Asamblea Informativa DS49,22/04/2024,carlos.arancibia.demo35468@outlook.com,Carlos Arancibia
T-1031,Taller Ahorro y Subsidio Habitacional,30/06/2023,miguel.ortiz.demo19302@yahoo.com,Miguel Ortiz
T-1053,Charla: Déficit Habitacional en Chile,01/06/2023,norma.segovia.demo24709@gmail.com,Norma Segovia
T-1017,Taller de Educación Financiera,13/10/2024,jose.cortes.demo13906@yahoo.com,José Cortés
T-1028,Webinar: Cómo Postular al Subsidio Habitacional,23/10/2025,abraham.santana.demo2284@hotmail.com,Abraham Santana
T-1046,Taller de Educación Financiera,29/03/2023,marie.arancibia.demo23639@yahoo.com,Marie Arancibia
T-1033,Webinar: Cómo Postular al Subsidio Habitacional,21/12/2025,maria.valenzuela.demo29559@outlook.com,María Valenzuela
T-1028,Jornada Comités de Vivienda - Región Metropolitana,08/06/2024,agustina.andrade.demo38800@yahoo.com,Agustina Andrade
T-1001,Charla: Déficit Habitacional en Chile,07/05/2023,maritza.reyes.demo8581@gmail.com,Maritza Reyes
T-1013,Taller de Postulación DS19 - Mayo 2026,09/05/2024,marcos.arancibia.demo25432@yahoo.com,Marcos Arancibia
T-1053,Taller de Postulación DS19 - Mayo 2026,27/04/2025,omar.marin.demo41289@gmail.com,Omar Marín
T-1029,Asamblea Informativa DS49,24/01/2024,juan.rodriguez.demo4386@yahoo.com,Juan Rodríguez
T-1023,Charla: Déficit Habitacional en Chile,19/12/2023,maria.valenzuela.demo50507@hotmail.com,María Valenzuela
T-1043,Taller de Educación Financiera,07/08/2023,monserrat.vargas.demo39647@gmail.com,Monserrat Vargas
T-1014,Asamblea Informativa DS49,13/04/2024,paola.quijada.demo48792@yahoo.com,Paola Quijada
T-1058,Asamblea Informativa DS49,05/02/2025,sara.bahamondes.demo47445@gmail.com,Sara Bahamondes
T-1047,Charla: Déficit Habitacional en Chile,08/04/2026,juana.torres.demo45507@yahoo.com,Juana Torres
T-1048,Webinar: Cómo Postular al Subsidio Habitacional,04/01/2025,rene.munoz.demo46574@gmail.com,René Muñoz
T-1038,Asamblea Informativa DS49,25/09/2024,oscar.martinez.demo16989@yahoo.com,Oscar Martínez
T-1022,Jornada Comités de Vivienda - Región Metropolitana,30/03/2026,nelly.alvarez.demo2992@outlook.com,Nelly Alvarez
T-1027,Jornada Comités de Vivienda - Región Metropolitana,28/04/2024,luis.carrasco.demo7479@outlook.com,Luis Carrasco
T-1023,Taller de Postulación DS19 - Mayo 2026,14/06/2023,hortensia.soto.demo8909@hotmail.com,Hortensia Soto
T-1017,Taller Ahorro y Subsidio Habitacional,20/10/2025,daniel.pinto.demo10449@outlook.com,Daniel Pinto
T-1019,Taller de Educación Financiera,01/09/2025,julio.castillo.demo10912@yahoo.com,Julio Castillo
T-1017,Taller Subsidio Sectores Medios DS.01,14/04/2026,juan.rebolledo.demo47677@yahoo.com,Juan Rebolledo
T-1048,Asamblea Informativa DS49,19/09/2025,jaime.riveros.demo24166@yahoo.com,Jaime Riveros
T-1054,Asamblea Informativa DS49,24/03/2024,julia.leiva.demo21096@outlook.com,Julia Leiva
T-1041,Asamblea Informativa DS49,19/09/2023,cristian.orellana.demo35640@hotmail.com,Cristian Orellana
T-1050,Taller de Postulación DS19 - Mayo 2026,01/03/2025,priscilla.jofre.demo18431@gmail.com,Priscilla Jofré
T-1059,Taller Ahorro y Subsidio Habitacional,31/01/2025,jhonny.soto.demo11902@hotmail.com,Jhonny Soto
T-1052,Jornada Comités de Vivienda - Región Metropolitana,07/10/2025,eduardo.vasquez.demo41039@outlook.com,Eduardo Vásquez
T-1057,Taller de Educación Financiera,14/07/2025,maria.madariaga.demo17528@gmail.com,María Madariaga
T-1011,Taller de Educación Financiera,05/03/2023,maria.concha.demo9695@outlook.com,María Concha
T-1011,Charla: Déficit Habitacional en Chile,10/05/2025,francisco.reyes.demo42719@outlook.com,Francisco Reyes
T-1054,Taller Ahorro y Subsidio Habitacional,21/01/2026,erik.mercado.demo20144@outlook.com,Erik Mercado
T-1014,Charla: Déficit Habitacional en Chile,03/04/2024,cesar.zenteno.demo25721@hotmail.com,César Zenteno
T-1034,Taller Subsidio Sectores Medios DS.01,27/05/2026,paula.salazar.demo5107@hotmail.com,Paula Salazar
T-1053,Jornada Comités de Vivienda - Región Metropolitana,01/11/2025,franchesca.duarte.demo26254@yahoo.com,Franchesca Duarte
T-1029,Jornada Comités de Vivienda - Región Metropolitana,16/01/2023,juana.caceres.demo17014@gmail.com,Juana Cáceres
T-1059,Taller de Educación Financiera,27/08/2024,maricela.herrera.demo47298@hotmail.com,Maricela Herrera
T-1002,Taller Subsidio Sectores Medios DS.01,28/05/2026,guillermo.troncoso.demo32058@hotmail.com,Guillermo Troncoso
T-1007,Jornada Comités de Vivienda - Región Metropolitana,23/11/2025,sergio.lagos.demo30669@gmail.com,Sergio Lagos
T-1047,Taller Subsidio Sectores Medios DS.01,26/11/2024,exequiel.gallardo.demo35331@hotmail.com,Exequiel Gallardo
T-1025,Webinar: Cómo Postular al Subsidio Habitacional,21/10/2024,karina.caro.demo22948@hotmail.com,Karina Caro
T-1021,Asamblea Informativa DS49,13/03/2025,michelle.castro.demo23776@yahoo.com,Michelle Castro
T-1051,Taller de Educación Financiera,09/07/2025,christian.inostroza.demo7432@hotmail.com,Christian Inostroza
T-1007,Taller de Educación Financiera,06/04/2023,daniel.carrasco.demo26470@hotmail.com,Daniel Carrasco
T-1037,Webinar: Cómo Postular al Subsidio Habitacional,25/06/2024,rodrigo.gonzalez.demo8676@yahoo.com,Rodrigo González
T-1007,Taller Ahorro y Subsidio Habitacional,04/04/2023,josue.molina.demo41403@yahoo.com,Josué Molina
T-1037,Charla: Déficit Habitacional en Chile,08/02/2026,maria.toro.demo48233@hotmail.com,María Toro
T-1044,Taller Ahorro y Subsidio Habitacional,13/09/2024,dolores.valencia.demo9122@gmail.com,Dolores Valencia
T-1019,Webinar: Cómo Postular al Subsidio Habitacional,26/02/2024,rocio.aravena.demo38396@yahoo.com,Rocío Aravena
T-1006,Jornada Comités de Vivienda - Región Metropolitana,20/05/2023,rafael.bastias.demo1703@gmail.com,Rafael Bastías
T-1057,Taller de Postulación DS19 - Mayo 2026,20/08/2025,oscar.ortiz.demo38851@outlook.com,Oscar Ortiz
T-1031,Charla: Déficit Habitacional en Chile,17/09/2024,mario.verdugo.demo16404@hotmail.com,Mario Verdugo
T-1003,Charla: Déficit Habitacional en Chile,09/02/2025,veronica.parra.demo31021@outlook.com,Verónica Parra
T-1030,Taller Subsidio Sectores Medios DS.01,10/05/2025,daniela.pinto.demo25452@hotmail.com,Daniela Pinto
T-1037,Taller de Educación Financiera,27/09/2024,claudia.castillo.demo30797@hotmail.com,Claudia Castillo
T-1056,Asamblea Informativa DS49,14/04/2023,rene.salinas.demo13292@hotmail.com,René Salinas
T-1018,Jornada Comités de Vivienda - Región Metropolitana,19/03/2023,luis.leiva.demo2573@hotmail.com,Luis Leiva
T-1015,Taller de Educación Financiera,23/08/2024,ignacia.olivares.demo35062@gmail.com,Ignacia Olivares
T-1008,Taller de Postulación DS19 - Mayo 2026,08/09/2023,mario.perez.demo7009@yahoo.com,Mario Pérez
T-1049,Taller de Educación Financiera,08/01/2023,maria.carvajal.demo16024@hotmail.com,María Carvajal
T-1032,Taller de Educación Financiera,20/04/2023,robinson.hernandez.demo13927@gmail.com,Robinson Hernández
T-1016,Webinar: Cómo Postular al Subsidio Habitacional,22/12/2024,cristina.montes.demo26231@hotmail.com,Cristina Montes
T-1045,Webinar: Cómo Postular al Subsidio Habitacional,24/02/2025,abel.rivas.demo1591@hotmail.com,Abel Rivas
T-1014,Taller Subsidio Sectores Medios DS.01,08/12/2024,nancy.yanez.demo28534@hotmail.com,Nancy Yáñez
T-1005,Webinar: Cómo Postular al Subsidio Habitacional,04/06/2025,fernanda.vasquez.demo25789@outlook.com,Fernanda Vásquez
T-1016,Taller Ahorro y Subsidio Habitacional,11/10/2023,priscila.carrasco.demo38703@outlook.com,Priscila Carrasco
T-1047,Asamblea Informativa DS49,04/09/2025,juan.vasquez.demo37879@outlook.com,Juan Vásquez
T-1043,Taller Subsidio Sectores Medios DS.01,02/10/2023,leonardo.cartes.demo21700@gmail.com,Leonardo Cartes
T-1010,Webinar: Cómo Postular al Subsidio Habitacional,20/08/2024,maria.vallejos.demo29003@outlook.com,María Vallejos
T-1057,Charla: Déficit Habitacional en Chile,11/02/2026,oscar.lizana.demo46938@gmail.com,Oscar Lizana
T-1018,Taller Ahorro y Subsidio Habitacional,12/05/2026,maria.ruiz.demo36477@yahoo.com,María Ruiz
T-1034,Taller Subsidio Sectores Medios DS.01,16/03/2023,carolina.albornoz.demo49857@hotmail.com,Carolina Albornoz
T-1049,Charla: Déficit Habitacional en Chile,10/09/2025,antonella.gutierrez.demo35045@gmail.com,Antonella Gutiérrez
T-1030,Taller Ahorro y Subsidio Habitacional,09/01/2026,paola.pereira.demo44741@gmail.com,Paola Pereira
T-1023,Jornada Comités de Vivienda - Región Metropolitana,22/04/2024,marco.leiva.demo4721@yahoo.com,Marco Leiva
T-1025,Charla: Déficit Habitacional en Chile,03/12/2025,andres.pardo.demo36505@hotmail.com,Andrés Pardo
T-1025,Taller de Educación Financiera,09/07/2025,luis.rios.demo18221@gmail.com,Luis Ríos
T-1002,Asamblea Informativa DS49,19/12/2024,maria.saldana.demo36335@gmail.com,María Saldaña
T-1012,Taller Subsidio Sectores Medios DS.01,20/09/2025,debora.dominguez.demo12195@gmail.com,Debora Domínguez
T-1024,Asamblea Informativa DS49,07/11/2025,romina.garcia.demo6894@yahoo.com,Romina García
T-1016,Taller Subsidio Sectores Medios DS.01,07/05/2026,rocio.medina.demo37981@outlook.com,Rocío Medina
T-1016,Taller de Postulación DS19 - Mayo 2026,23/04/2023,tomas.osorio.demo11640@yahoo.com,Tomás Osorio
T-1003,Webinar: Cómo Postular al Subsidio Habitacional,15/02/2024,karina.toro.demo49208@yahoo.com,Karina Toro
T-1026,Webinar: Cómo Postular al Subsidio Habitacional,22/07/2023,ines.gallegos.demo27052@outlook.com,Inés Gallegos
T-1039,Webinar: Cómo Postular al Subsidio Habitacional,16/04/2026,thiago.cabrera.demo18988@gmail.com,Thiago Cabrera
T-1008,Asamblea Informativa DS49,26/04/2023,franz.aguila.demo32084@gmail.com,Franz Águila
T-1037,Webinar: Cómo Postular al Subsidio Habitacional,31/05/2023,belen.abarca.demo20558@hotmail.com,Belén Abarca
T-1059,Taller Subsidio Sectores Medios DS.01,04/09/2025,eliana.castro.demo36177@yahoo.com,Eliana Castro
T-1026,Taller Ahorro y Subsidio Habitacional,18/04/2026,daniela.gonzalez.demo8620@hotmail.com,Daniela González
T-1001,Jornada Comités de Vivienda - Región Metropolitana,08/02/2024,luis.henriquez.demo11401@outlook.com,Luis Henríquez
T-1003,Taller Ahorro y Subsidio Habitacional,17/04/2025,maria.espinoza.demo40695@gmail.com,María Espinoza
T-1032,Taller Ahorro y Subsidio Habitacional,11/12/2023,gabriel.torres.demo21500@gmail.com,Gabriel Torres
T-1028,Taller de Postulación DS19 - Mayo 2026,21/04/2026,rafael.munoz.demo50215@hotmail.com,Rafael Muñoz
T-1002,Asamblea Informativa DS49,22/06/2025,maria.arancibia.demo7125@gmail.com,María Arancibia
T-1003,Jornada Comités de Vivienda - Región Metropolitana,07/08/2024,david.silva.demo29068@yahoo.com,David Silva
T-1057,Taller de Educación Financiera,12/02/2025,carlos.arevalo.demo20704@gmail.com,Carlos Arévalo
T-1017,Asamblea Informativa DS49,23/05/2024,rigoberto.nunez.demo26003@outlook.com,Rigoberto Núñez
T-1013,Charla: Déficit Habitacional en Chile,29/12/2025,soledad.farias.demo11256@outlook.com,Soledad Farías
T-1013,Taller de Educación Financiera,14/09/2023,yohana.neira.demo17094@yahoo.com,Yohana Neira
T-1019,Taller Subsidio Sectores Medios DS.01,02/10/2023,jose.miranda.demo23306@gmail.com,José Miranda
T-1041,Asamblea Informativa DS49,19/10/2024,maritza.cardenas.demo23640@hotmail.com,Maritza Cárdenas
T-1012,Taller de Postulación DS19 - Mayo 2026,16/10/2025,sandra.gutierrez.demo10855@hotmail.com,Sandra Gutiérrez
T-1032,Jornada Comités de Vivienda - Región Metropolitana,11/02/2023,zoila.leiva.demo34032@gmail.com,Zoila Leiva
T-1014,Taller de Educación Financiera,23/12/2023,francisca.guerrero.demo3263@outlook.com,Francisca Guerrero
T-1026,Asamblea Informativa DS49,29/03/2023,patrick.chavez.demo35570@outlook.com,Patrick Chávez
T-1035,Taller Ahorro y Subsidio Habitacional,07/04/2023,mariana.fernandez.demo38734@hotmail.com,Mariana Fernández
T-1001,Taller Ahorro y Subsidio Habitacional,29/08/2025,anahi.san martin.demo5836@outlook.com,Anahí San Martín
T-1043,Taller de Postulación DS19 - Mayo 2026,01/10/2023,julio.munoz.demo48031@hotmail.com,Julio Muñoz
T-1043,Webinar: Cómo Postular al Subsidio Habitacional,08/07/2025,elena.bernal.demo49930@hotmail.com,Elena Bernal
T-1054,Taller de Educación Financiera,07/07/2023,irene.parra.demo15736@hotmail.com,Irene Parra
T-1026,Taller Ahorro y Subsidio Habitacional,28/11/2024,alicia.espinoza.demo10055@outlook.com,Alicia Espinoza
T-1001,Jornada Comités de Vivienda - Región Metropolitana,15/08/2023,juan.jofre.demo48827@gmail.com,Juan Jofré
T-1042,Taller Ahorro y Subsidio Habitacional,06/06/2024,elena.ibacache.demo47328@yahoo.com,Elena Ibacache
T-1057,Asamblea Informativa DS49,15/05/2025,carlos.ulloa.demo39587@gmail.com,Carlos Ulloa
T-1021,Taller de Educación Financiera,09/11/2023,camila.marquez.demo16761@hotmail.com,Camila Márquez
T-1054,Webinar: Cómo Postular al Subsidio Habitacional,19/06/2025,cecilia.hernandez.demo33364@gmail.com,Cecilia Hernández
T-1000,Taller de Educación Financiera,15/06/2024,jaime.castillo.demo46014@yahoo.com,Jaime Castillo
T-1033,Charla: Déficit Habitacional en Chile,02/04/2026,neftali.salinas.demo34844@gmail.com,Neftalí Salinas
T-1035,Taller Ahorro y Subsidio Habitacional,29/12/2024,iris.salgado.demo15538@gmail.com,Iris Salgado
T-1053,Taller Ahorro y Subsidio Habitacional,22/01/2026,richard.parra.demo12516@hotmail.com,Richard Parra
T-1005,Taller Subsidio Sectores Medios DS.01,03/11/2025,eduardo.concha.demo43735@hotmail.com,Eduardo Concha
T-1031,Taller Ahorro y Subsidio Habitacional,13/06/2024,hugo.pereira.demo36880@gmail.com,Hugo Pereira
T-1044,Taller Subsidio Sectores Medios DS.01,13/08/2024,cynthia.calderon.demo31335@outlook.com,Cynthia Calderón
T-1031,Taller de Educación Financiera,24/04/2024,leandro.echeverria.demo9770@hotmail.com,Leandro Echeverría
T-1016,Charla: Déficit Habitacional en Chile,21/07/2025,jocelyn.herrera.demo11149@hotmail.com,Jocelyn Herrera
T-1013,Jornada Comités de Vivienda - Región Metropolitana,30/09/2023,german.pincheira.demo30229@yahoo.com,Germán Pincheira
T-1054,Charla: Déficit Habitacional en Chile,26/03/2023,angela.rodriguez.demo9255@gmail.com,Ángela Rodríguez
T-1045,Taller Subsidio Sectores Medios DS.01,23/06/2023,christian.sanchez.demo6580@outlook.com,Christian Sánchez
T-1046,Charla: Déficit Habitacional en Chile,05/01/2024,vania.barra.demo18549@hotmail.com,Vania Barra
T-1009,Jornada Comités de Vivienda - Región Metropolitana,10/03/2026,hugo.bustos.demo8000@hotmail.com,Hugo Bustos
T-1008,Webinar: Cómo Postular al Subsidio Habitacional,14/05/2026,maria.mamani.demo7447@hotmail.com,María Mamani
T-1016,Asamblea Informativa DS49,05/10/2025,hugo.perez.demo28160@gmail.com,Hugo Pérez
T-1024,Asamblea Informativa DS49,29/10/2025,pablo.vergara.demo35123@outlook.com,Pablo Vergara
T-1052,Jornada Comités de Vivienda - Región Metropolitana,04/02/2023,jose.vasquez.demo11287@yahoo.com,José Vásquez
T-1045,Webinar: Cómo Postular al Subsidio Habitacional,07/02/2024,jorge.bustamante.demo49126@outlook.com,Jorge Bustamante
T-1036,Asamblea Informativa DS49,27/01/2024,erick.rivera.demo13216@outlook.com,Erick Rivera
T-1057,Taller de Postulación DS19 - Mayo 2026,30/05/2023,elias.ulloa.demo41524@hotmail.com,Elías Ulloa
T-1013,Taller de Postulación DS19 - Mayo 2026,27/08/2023,sara.rojas.demo32793@yahoo.com,Sara Rojas
T-1021,Jornada Comités de Vivienda - Región Metropolitana,24/02/2024,iker.soto.demo38621@yahoo.com,Iker Soto
T-1000,Taller Subsidio Sectores Medios DS.01,13/03/2023,ana.cortes.demo30354@outlook.com,Ana Cortés
T-1031,Jornada Comités de Vivienda - Región Metropolitana,17/08/2023,jorge.robles.demo2100@yahoo.com,Jorge Robles
T-1019,Jornada Comités de Vivienda - Región Metropolitana,11/03/2026,jesus.gatica.demo14222@gmail.com,Jesus Gatica
T-1038,Asamblea Informativa DS49,13/03/2025,manuel.vergara.demo34632@outlook.com,Manuel Vergara
T-1016,Taller de Educación Financiera,14/03/2026,benjamin.retamal.demo5179@outlook.com,Benjamín Retamal
T-1059,Jornada Comités de Vivienda - Región Metropolitana,10/05/2025,diego.munoz.demo5659@hotmail.com,Diego Muñoz
T-1050,Charla: Déficit Habitacional en Chile,29/07/2023,miguel.sanchez.demo37054@outlook.com,Miguel Sánchez
T-1044,Jornada Comités de Vivienda - Región Metropolitana,02/02/2026,renzo.naranjo.demo35830@gmail.com,Renzo Naranjo
T-1056,Taller Ahorro y Subsidio Habitacional,19/04/2026,natalia.merino.demo12284@outlook.com,Natalia Merino
T-1034,Taller de Postulación DS19 - Mayo 2026,29/05/2026,martin.bruna.demo39308@yahoo.com,Martín Bruna
T-1013,Charla: Déficit Habitacional en Chile,23/03/2026,marta.perez.demo17410@hotmail.com,Marta Pérez
T-1038,Taller Ahorro y Subsidio Habitacional,18/04/2026,maria.vidal.demo51859@gmail.com,María Vidal
T-1001,Taller de Postulación DS19 - Mayo 2026,14/07/2025,jose.arias.demo44830@outlook.com,José Arias
T-1019,Webinar: Cómo Postular al Subsidio Habitacional,23/12/2023,bernardita.gomez.demo13521@outlook.com,Bernardita Gómez
T-1021,Taller de Postulación DS19 - Mayo 2026,20/12/2024,angelina.ulloa.demo20592@yahoo.com,Angelina Ulloa
T-1015,Asamblea Informativa DS49,25/10/2023,jose.medina.demo44010@outlook.com,José Medina
T-1005,Jornada Comités de Vivienda - Región Metropolitana,28/03/2023,amelia.vera.demo44525@outlook.com,Amelia Vera
T-1032,Taller Ahorro y Subsidio Habitacional,21/05/2025,maria.ortiz.demo6436@outlook.com,María Ortiz
T-1041,Taller Subsidio Sectores Medios DS.01,08/03/2026,marcos.erices.demo10944@yahoo.com,Marcos Erices
T-1054,Charla: Déficit Habitacional en Chile,26/02/2025,santiago.castillo.demo28520@gmail.com,Santiago Castillo
T-1026,Webinar: Cómo Postular al Subsidio Habitacional,21/12/2023,fabiola.munoz.demo8278@yahoo.com,Fabiola Muñoz
T-1055,Charla: Déficit Habitacional en Chile,04/09/2023,monserrat.salazar.demo1055@yahoo.com,Monserrat Salazar
T-1054,Asamblea Informativa DS49,30/01/2025,valentina.carrillo.demo15866@yahoo.com,Valentina Carrillo
T-1055,Taller Subsidio Sectores Medios DS.01,21/11/2023,dominga.campos.demo34604@gmail.com,Dominga Campos
T-1031,Webinar: Cómo Postular al Subsidio Habitacional,10/05/2025,cristian.saavedra.demo29103@gmail.com,Cristian Saavedra
T-1000,Charla: Déficit Habitacional en Chile,17/06/2024,isaias.serrano.demo43511@hotmail.com,Isaías Serrano
T-1007,Charla: Déficit Habitacional en Chile,15/01/2025,joaquin.pizarro.demo3081@yahoo.com,Joaquín Pizarro
T-1019,Taller de Postulación DS19 - Mayo 2026,01/04/2023,matilda.miranda.demo19737@yahoo.com,Matilda Miranda
T-1026,Jornada Comités de Vivienda - Región Metropolitana,18/01/2026,jaime.veliz.demo27199@yahoo.com,Jaime Véliz
T-1021,Webinar: Cómo Postular al Subsidio Habitacional,31/01/2026,alicia.gonzalez.demo38462@yahoo.com,Alicia González
T-1033,Charla: Déficit Habitacional en Chile,26/08/2023,camilo.diaz.demo48584@yahoo.com,Camilo Díaz
T-1019,Charla: Déficit Habitacional en Chile,15/08/2025,isolina.pinto.demo36151@gmail.com,Isolina Pinto
T-1022,Jornada Comités de Vivienda - Región Metropolitana,27/11/2023,josefina.gaete.demo7852@hotmail.com,Josefina Gaete
T-1038,Taller de Postulación DS19 - Mayo 2026,13/03/2024,maria.contreras.demo41718@yahoo.com,María Contreras
T-1053,Taller Ahorro y Subsidio Habitacional,07/09/2024,mateo.pereira.demo161@yahoo.com,Mateo Pereira
T-1017,Webinar: Cómo Postular al Subsidio Habitacional,05/04/2023,maria.calderon.demo51213@outlook.com,María Calderón
T-1031,Taller Subsidio Sectores Medios DS.01,04/03/2025,emilia.marchant.demo35376@gmail.com,Emilia Marchant
T-1055,Asamblea Informativa DS49,13/12/2023,elba.bascunan.demo10111@gmail.com,Elba Bascuñán
T-1000,Taller Subsidio Sectores Medios DS.01,01/10/2023,john.parra.demo33168@yahoo.com,John Parra
T-1039,Jornada Comités de Vivienda - Región Metropolitana,13/06/2024,violeta.aguirre.demo50653@gmail.com,Violeta Aguirre
T-1016,Taller de Educación Financiera,13/01/2026,andres.bustamante.demo2311@outlook.com,Andrés Bustamante
T-1038,Jornada Comités de Vivienda - Región Metropolitana,31/07/2023,mariela.nunez.demo47183@yahoo.com,Mariela Núñez
T-1020,Webinar: Cómo Postular al Subsidio Habitacional,21/04/2026,gabriela.garay.demo49725@yahoo.com,Gabriela Garay
T-1025,Charla: Déficit Habitacional en Chile,22/01/2025,karina.ulloa.demo7136@gmail.com,Karina Ulloa
T-1011,Asamblea Informativa DS49,01/06/2025,paola.candia.demo44405@gmail.com,Paola Candia
T-1009,Taller de Postulación DS19 - Mayo 2026,07/01/2024,beatriz.herrera.demo2088@outlook.com,Beatriz Herrera
T-1014,Asamblea Informativa DS49,10/03/2026,alice.jaramillo.demo20708@yahoo.com,Alice Jaramillo
T-1018,Taller de Postulación DS19 - Mayo 2026,23/10/2024,brayan.molina.demo36422@outlook.com,Brayan Molina
T-1008,Taller Subsidio Sectores Medios DS.01,13/03/2024,rosario.gomez.demo26064@yahoo.com,Rosario Gómez
T-1006,Asamblea Informativa DS49,02/07/2024,maria.arellano.demo46374@gmail.com,María Arellano
T-1009,Taller de Postulación DS19 - Mayo 2026,27/11/2025,ingrid.concha.demo12143@outlook.com,Ingrid Concha
T-1026,Webinar: Cómo Postular al Subsidio Habitacional,08/04/2024,piero.vera.demo22848@outlook.com,Piero Vera
T-1037,Taller Subsidio Sectores Medios DS.01,12/04/2025,marcelo.carvajal.demo33266@gmail.com,Marcelo Carvajal
T-1002,Taller Ahorro y Subsidio Habitacional,04/02/2025,tomas.elgueta.demo41226@hotmail.com,Tomás Elgueta
T-1039,Taller de Postulación DS19 - Mayo 2026,17/07/2023,daniel.gomez.demo35108@outlook.com,Daniel Gómez
T-1017,Taller Subsidio Sectores Medios DS.01,01/10/2025,luciano.rojas.demo30971@gmail.com,Luciano Rojas
T-1032,Taller Ahorro y Subsidio Habitacional,03/06/2024,nelly.pavez.demo33252@yahoo.com,Nelly Pavez
T-1055,Asamblea Informativa DS49,16/02/2026,pamela.lazcano.demo44423@yahoo.com,Pamela Lazcano
T-1012,Charla: Déficit Habitacional en Chile,13/02/2024,gustavo.carvajal.demo32116@gmail.com,Gustavo Carvajal
T-1039,Asamblea Informativa DS49,19/01/2024,sonia.torres.demo41585@yahoo.com,Sonia Torres
T-1043,Taller Subsidio Sectores Medios DS.01,25/04/2025,matias.andrade.demo33863@yahoo.com,Matías Andrade
T-1040,Asamblea Informativa DS49,12/11/2024,alejandra.tapia.demo14613@hotmail.com,Alejandra Tapia
T-1037,Jornada Comités de Vivienda - Región Metropolitana,26/04/2023,ramon.munoz.demo27432@hotmail.com,Ramón Muñoz
T-1057,Webinar: Cómo Postular al Subsidio Habitacional,29/08/2024,yesenia.diaz.demo48328@hotmail.com,Yesenia Díaz
T-1030,Taller de Postulación DS19 - Mayo 2026,21/02/2026,felipe.reyes.demo8446@yahoo.com,Felipe Reyes
T-1053,Webinar: Cómo Postular al Subsidio Habitacional,18/02/2024,mateo.moreno.demo38317@hotmail.com,Mateo Moreno
T-1043,Taller Subsidio Sectores Medios DS.01,05/03/2025,jairo.soto.demo41735@outlook.com,Jairo Soto
T-1025,Asamblea Informativa DS49,01/09/2025,christian.contreras.demo11770@hotmail.com,Christian Contreras
T-1055,Jornada Comités de Vivienda - Región Metropolitana,10/04/2025,aldo.cuevas.demo12316@gmail.com,Aldo Cuevas
T-1036,Webinar: Cómo Postular al Subsidio Habitacional,19/02/2025,maria.munoz.demo5428@yahoo.com,María Muñoz
T-1046,Taller Subsidio Sectores Medios DS.01,26/10/2024,marta.valenzuela.demo7120@gmail.com,Marta Valenzuela
T-1018,Taller Ahorro y Subsidio Habitacional,19/09/2024,alejandro.silva.demo25160@outlook.com,Alejandro Silva
T-1057,Asamblea Informativa DS49,30/08/2024,ana.meneses.demo37230@yahoo.com,Ana Meneses
T-1058,Taller de Educación Financiera,14/01/2024,maria.vega.demo44391@gmail.com,María Vega
T-1031,Jornada Comités de Vivienda - Región Metropolitana,11/08/2024,camilo.montoya.demo10191@hotmail.com,Camilo Montoya
T-1012,Webinar: Cómo Postular al Subsidio Habitacional,12/11/2024,alex.flores.demo42628@hotmail.com,Alex Flores
T-1005,Taller de Postulación DS19 - Mayo 2026,09/04/2026,alex.montes.demo13416@gmail.com,Alex Montes
T-1002,Jornada Comités de Vivienda - Región Metropolitana,24/04/2025,segundo.ordenes.demo11760@outlook.com,Segundo Órdenes
T-1004,Taller de Educación Financiera,26/07/2023,benjamin.abarca.demo50877@outlook.com,Benjamín Abarca
T-1055,Taller Ahorro y Subsidio Habitacional,08/10/2024,miriam.torres.demo2979@outlook.com,Miriam Torres
T-1046,Asamblea Informativa DS49,14/09/2023,matias.gomez.demo37725@outlook.com,Matías Gómez
T-1000,Webinar: Cómo Postular al Subsidio Habitacional,25/04/2023,felipe.maturana.demo33116@gmail.com,Felipe Maturana
T-1030,Taller de Educación Financiera,09/01/2023,muriel.gallardo.demo22635@yahoo.com,Muriel Gallardo
T-1034,Asamblea Informativa DS49,23/01/2026,agustina.cid.demo20008@yahoo.com,Agustina Cid
T-1015,Taller Ahorro y Subsidio Habitacional,15/11/2024,daniela.cifuentes.demo29507@yahoo.com,Daniela Cifuentes
T-1015,Charla: Déficit Habitacional en Chile,08/10/2023,cecilia.ruiz.demo8905@yahoo.com,Cecilia Ruiz
T-1011,Asamblea Informativa DS49,14/08/2024,fernanda.caceres.demo1260@yahoo.com,Fernanda Cáceres
T-1025,Taller Subsidio Sectores Medios DS.01,30/03/2023,ignacio.martinez.demo2690@gmail.com,Ignacio Martínez
T-1032,Webinar: Cómo Postular al Subsidio Habitacional,15/02/2026,valentin.osorio.demo34012@outlook.com,Valentín Osorio
T-1012,Taller de Postulación DS19 - Mayo 2026,04/07/2023,ana.cardenas.demo27694@yahoo.com,Ana Cárdenas
T-1044,Taller de Postulación DS19 - Mayo 2026,06/11/2023,octavio.lopez.demo6563@yahoo.com,Octavio López
T-1022,Taller Ahorro y Subsidio Habitacional,04/06/2023,gustavo.olave.demo43884@outlook.com,Gustavo Olave
T-1028,Webinar: Cómo Postular al Subsidio Habitacional,09/02/2025,carmen.sepulveda.demo5812@hotmail.com,Carmen Sepúlveda
T-1049,Asamblea Informativa DS49,26/01/2024,aldo.oliva.demo47771@outlook.com,Aldo Oliva
T-1002,Asamblea Informativa DS49,07/12/2025,jose.vera.demo16666@hotmail.com,José Vera
T-1024,Webinar: Cómo Postular al Subsidio Habitacional,17/03/2026,paola.araya.demo43972@hotmail.com,Paola Araya
T-1058,Taller de Postulación DS19 - Mayo 2026,06/05/2026,marcela.rivas.demo6172@hotmail.com,Marcela Rivas
T-1024,Asamblea Informativa DS49,25/05/2023,ricardo.quezada.demo15588@yahoo.com,Ricardo Quezada
T-1016,Taller Subsidio Sectores Medios DS.01,09/05/2026,gabriel.sepulveda.demo29605@outlook.com,Gabriel Sepúlveda
T-1005,Taller de Postulación DS19 - Mayo 2026,13/05/2026,samuel.aguilar.demo4258@outlook.com,Samuel Aguilar
T-1014,Taller de Educación Financiera,27/05/2026,amparo.rojas.demo15576@hotmail.com,Amparo Rojas
T-1038,Taller de Educación Financiera,18/12/2024,luis.diaz.demo8367@hotmail.com,Luis Díaz
T-1001,Asamblea Informativa DS49,21/11/2025,iris.rojas.demo39009@hotmail.com,Iris Rojas
T-1022,Webinar: Cómo Postular al Subsidio Habitacional,18/05/2025,colomba.pena.demo48632@gmail.com,Colomba Peña
T-1044,Taller Ahorro y Subsidio Habitacional,21/01/2024,maximiliano.ortega.demo36948@yahoo.com,Maximiliano Ortega
T-1007,Taller Subsidio Sectores Medios DS.01,13/11/2024,benjamin.tapia.demo45873@outlook.com,Benjamín Tapia
T-1023,Webinar: Cómo Postular al Subsidio Habitacional,05/03/2026,karla.rodriguez.demo14990@yahoo.com,Karla Rodríguez
T-1018,Jornada Comités de Vivienda - Región Metropolitana,24/06/2025,nancy.medel.demo44141@yahoo.com,Nancy Medel
T-1001,Jornada Comités de Vivienda - Región Metropolitana,05/10/2025,leslie.galaz.demo35107@hotmail.com,Leslie Galaz
T-1047,Taller de Educación Financiera,11/03/2026,maria.fuentes.demo45812@yahoo.com,María Fuentes
T-1027,Charla: Déficit Habitacional en Chile,03/04/2024,sara.henriquez.demo3462@outlook.com,Sara Henríquez
T-1002,Charla: Déficit Habitacional en Chile,24/07/2023,katherine.casanova.demo46638@yahoo.com,Katherine Casanova
T-1000,Taller de Educación Financiera,13/11/2023,jean.acosta.demo5629@gmail.com,Jean Acosta
T-1039,Webinar: Cómo Postular al Subsidio Habitacional,06/01/2025,sofia.diaz.demo15882@hotmail.com,Sofía Díaz
T-1002,Asamblea Informativa DS49,08/06/2025,felipe.salinas.demo26481@outlook.com,Felipe Salinas
T-1011,Taller de Educación Financiera,15/01/2023,fredy.venegas.demo32887@gmail.com,Fredy Venegas
T-1028,Taller de Postulación DS19 - Mayo 2026,31/03/2025,sebastian.pacheco.demo5781@outlook.com,Sebastián Pacheco
T-1015,Taller Ahorro y Subsidio Habitacional,08/10/2023,macarena.lara.demo27764@yahoo.com,Macarena Lara
T-1009,Charla: Déficit Habitacional en Chile,30/01/2023,jonathan.carrasco.demo33208@yahoo.com,Jonathan Carrasco
T-1021,Taller Subsidio Sectores Medios DS.01,15/05/2025,carmen.bravo.demo3831@hotmail.com,Carmen Bravo
T-1044,Asamblea Informativa DS49,13/06/2023,claudio.munoz.demo25111@hotmail.com,Claudio Muñoz
T-1024,Taller de Postulación DS19 - Mayo 2026,18/08/2025,carolina.gonzalez.demo15578@outlook.com,Carolina González
T-1059,Jornada Comités de Vivienda - Región Metropolitana,16/02/2025,andrea.leon.demo31749@hotmail.com,Andrea León
T-1026,Asamblea Informativa DS49,14/06/2025,francisca.venegas.demo5966@gmail.com,Francisca Venegas
T-1033,Taller Subsidio Sectores Medios DS.01,06/10/2025,alexander.celis.demo3029@outlook.com,Alexander Celis
T-1002,Taller de Educación Financiera,30/06/2025,patricio.rebolledo.demo16520@hotmail.com,Patricio Rebolledo
T-1030,Charla: Déficit Habitacional en Chile,08/05/2025,benjamin.henriquez.demo10999@yahoo.com,Benjamín Henríquez
T-1007,Webinar: Cómo Postular al Subsidio Habitacional,21/09/2024,luis.rebolledo.demo15353@gmail.com,Luis Rebolledo
T-1042,Taller Ahorro y Subsidio Habitacional,14/01/2023,dagoberto.ortiz.demo29799@yahoo.com,Dagoberto Ortiz
T-1031,Webinar: Cómo Postular al Subsidio Habitacional,22/08/2025,miguel.mella.demo32418@gmail.com,Miguel Mella
T-1013,Jornada Comités de Vivienda - Región Metropolitana,04/11/2023,catalina.mejias.demo32017@outlook.com,Catalina Mejías
T-1021,Webinar: Cómo Postular al Subsidio Habitacional,06/10/2025,camila.zamora.demo3314@hotmail.com,Camila Zamora
T-1049,Jornada Comités de Vivienda - Región Metropolitana,28/05/2026,lucila.vargas.demo20570@hotmail.com,Lucila Vargas
T-1021,Jornada Comités de Vivienda - Región Metropolitana,20/01/2023,bastian.martinez.demo25021@yahoo.com,Bastián Martínez
T-1039,Charla: Déficit Habitacional en Chile,19/11/2025,cristian.ulloa.demo11800@gmail.com,Cristian Ulloa
T-1037,Asamblea Informativa DS49,02/01/2024,luisa.jerez.demo1052@yahoo.com,Luisa Jerez
T-1056,Asamblea Informativa DS49,09/07/2024,paola.herrera.demo51424@hotmail.com,Paola Herrera
T-1001,Asamblea Informativa DS49,05/01/2023,ignacio.sepulveda.demo45808@outlook.com,Ignacio Sepúlveda
T-1054,Webinar: Cómo Postular al Subsidio Habitacional,05/04/2025,alexis.palma.demo14649@outlook.com,Alexis Palma
T-1043,Taller de Educación Financiera,21/04/2024,carlos.ramirez.demo42547@outlook.com,Carlos Ramírez
T-1038,Asamblea Informativa DS49,22/04/2025,sandra.contreras.demo18135@gmail.com,Sandra Contreras
T-1051,Taller Subsidio Sectores Medios DS.01,02/08/2024,maribel.hernandez.demo22434@hotmail.com,Maribel Hernández
T-1028,Taller Subsidio Sectores Medios DS.01,03/07/2025,alvaro.vargas.demo51418@gmail.com,Álvaro Vargas
T-1039,Webinar: Cómo Postular al Subsidio Habitacional,10/03/2026,maria.ramirez.demo43577@gmail.com,María Ramírez
T-1017,Charla: Déficit Habitacional en Chile,13/06/2023,jose.vega.demo21717@gmail.com,José Vega
T-1019,Taller Ahorro y Subsidio Habitacional,06/08/2025,carmen.gonzalez.demo10942@outlook.com,Carmen González
T-1043,Jornada Comités de Vivienda - Región Metropolitana,10/09/2024,muriel.munoz.demo4938@hotmail.com,Muriel Muñoz
T-1042,Charla: Déficit Habitacional en Chile,05/02/2025,bastian.munoz.demo2557@outlook.com,Bastián Muñoz
T-1017,Taller de Educación Financiera,01/05/2024,carla.segovia.demo26122@hotmail.com,Carla Segovia
T-1001,Asamblea Informativa DS49,08/02/2023,martin.carmona.demo50717@hotmail.com,Martín Carmona
T-1035,Taller Ahorro y Subsidio Habitacional,19/04/2024,elba.guerrero.demo26793@yahoo.com,Elba Guerrero
T-1052,Taller Subsidio Sectores Medios DS.01,31/05/2024,gladys.osorio.demo50181@outlook.com,Gladys Osorio
T-1038,Taller Subsidio Sectores Medios DS.01,22/04/2023,maria.cabezas.demo8143@yahoo.com,María Cabezas
T-1029,Taller Subsidio Sectores Medios DS.01,26/05/2025,rigoberto.quiroz.demo41177@yahoo.com,Rigoberto Quiroz
T-1055,Taller de Educación Financiera,17/07/2025,jorge.lizama.demo6904@gmail.com,Jorge Lizama
T-1042,Webinar: Cómo Postular al Subsidio Habitacional,20/09/2024,esteban.rivas.demo24500@outlook.com,Esteban Rivas
T-1052,Charla: Déficit Habitacional en Chile,22/01/2025,dominga.madariaga.demo14813@yahoo.com,Dominga Madariaga
T-1045,Jornada Comités de Vivienda - Región Metropolitana,07/11/2025,florencia.torres.demo37534@hotmail.com,Florencia Torres
T-1019,Taller Ahorro y Subsidio Habitacional,07/12/2025,irene.seguel.demo30236@yahoo.com,Irene Seguel
T-1004,Taller de Educación Financiera,04/05/2026,rene.jimenez.demo34374@yahoo.com,René Jiménez
T-1038,Taller Subsidio Sectores Medios DS.01,29/03/2025,tulio.vallejos.demo17013@outlook.com,Tulio Vallejos
T-1001,Jornada Comités de Vivienda - Región Metropolitana,19/01/2024,yessica.carreno.demo48919@gmail.com,Yessica Carreño
T-1005,Webinar: Cómo Postular al Subsidio Habitacional,18/04/2026,julieta.barrios.demo42519@yahoo.com,Julieta Barrios
T-1057,Jornada Comités de Vivienda - Región Metropolitana,03/06/2025,jessica.torres.demo46276@yahoo.com,Jessica Torres
T-1027,Webinar: Cómo Postular al Subsidio Habitacional,18/04/2026,jose.nunez.demo17166@outlook.com,José Núñez
T-1045,Webinar: Cómo Postular al Subsidio Habitacional,15/09/2025,nelly.dominguez.demo9243@outlook.com,Nelly Domínguez
T-1021,Taller de Educación Financiera,27/10/2025,flora.salazar.demo39583@yahoo.com,Flora Salazar
T-1036,Taller Subsidio Sectores Medios DS.01,01/11/2024,monica.ordenes.demo18472@yahoo.com,Mónica Órdenes
T-1052,Charla: Déficit Habitacional en Chile,28/04/2025,violeta.figueroa.demo51837@outlook.com,Violeta Figueroa
T-1050,Asamblea Informativa DS49,16/01/2023,eliana.torres.demo50895@yahoo.com,Eliana Torres
T-1027,Asamblea Informativa DS49,08/07/2023,frank.medina.demo21941@outlook.com,Frank Medina
T-1029,Taller Subsidio Sectores Medios DS.01,27/02/2025,miguel.flores.demo34329@yahoo.com,Miguel Flores
T-1027,Taller de Postulación DS19 - Mayo 2026,22/04/2026,tamara.soto.demo7756@outlook.com,Tamara Soto
T-1011,Taller de Postulación DS19 - Mayo 2026,10/04/2024,edgardo.gomez.demo39842@hotmail.com,Edgardo Gómez
T-1030,Taller Ahorro y Subsidio Habitacional,03/03/2025,alison.flores.demo31602@gmail.com,Alison Flores
T-1033,Taller Subsidio Sectores Medios DS.01,26/03/2024,susana.santana.demo35666@yahoo.com,Susana Santana
T-1040,Taller Subsidio Sectores Medios DS.01,15/04/2024,jose.rojas.demo33135@gmail.com,José Rojas
T-1019,Webinar: Cómo Postular al Subsidio Habitacional,23/12/2023,carmen.saavedra.demo1883@gmail.com,Carmen Saavedra
T-1000,Webinar: Cómo Postular al Subsidio Habitacional,25/01/2025,flor.ruiz.demo43833@yahoo.com,Flor Ruiz
T-1035,Taller Ahorro y Subsidio Habitacional,23/12/2025,exequiel.mendoza.demo47502@gmail.com,Exequiel Mendoza
T-1004,Taller Subsidio Sectores Medios DS.01,10/06/2023,daisy.inostroza.demo21389@gmail.com,Daisy Inostroza
T-1023,Webinar: Cómo Postular al Subsidio Habitacional,27/05/2023,amanda.ayala.demo40817@outlook.com,Amanda Ayala
T-1027,Taller Subsidio Sectores Medios DS.01,16/10/2023,pedro.vasquez.demo26482@hotmail.com,Pedro Vásquez
T-1042,Asamblea Informativa DS49,16/05/2024,maximo.bahamonde.demo18051@yahoo.com,Máximo Bahamonde
T-1058,Taller de Educación Financiera,22/12/2024,tulio.montes.demo6974@outlook.com,Tulio Montes
T-1050,Jornada Comités de Vivienda - Región Metropolitana,20/05/2025,franco.becerra.demo13002@hotmail.com,Franco Becerra
T-1008,Taller Ahorro y Subsidio Habitacional,03/01/2023,adela.munoz.demo14266@gmail.com,Adela Muñoz
T-1043,Webinar: Cómo Postular al Subsidio Habitacional,08/05/2024,ignacia.cabrera.demo17935@outlook.com,Ignacia Cabrera
T-1032,Taller Ahorro y Subsidio Habitacional,02/03/2026,samuel.herrera.demo12111@outlook.com,Samuel Herrera
T-1055,Jornada Comités de Vivienda - Región Metropolitana,11/11/2024,hilda.ramos.demo20218@outlook.com,Hilda Ramos
T-1054,Taller Subsidio Sectores Medios DS.01,14/03/2024,macarena.navarrete.demo35368@hotmail.com,Macarena Navarrete
T-1034,Jornada Comités de Vivienda - Región Metropolitana,15/10/2024,miguel.venegas.demo50655@hotmail.com,Miguel Venegas
T-1041,Asamblea Informativa DS49,26/07/2024,luisa.soto.demo37308@yahoo.com,Luisa Soto
T-1007,Jornada Comités de Vivienda - Región Metropolitana,11/04/2025,carlos.salas.demo42356@gmail.com,Carlos Salas
T-1000,Asamblea Informativa DS49,06/05/2025,pablo.campos.demo40370@outlook.com,Pablo Campos
T-1044,Taller Subsidio Sectores Medios DS.01,29/01/2024,amaro.torres.demo14146@outlook.com,Amaro Torres
T-1042,Jornada Comités de Vivienda - Región Metropolitana,24/05/2025,jonathan.dominguez.demo10057@hotmail.com,Jonathan Domínguez
T-1027,Webinar: Cómo Postular al Subsidio Habitacional,09/07/2023,juan.rojas.demo21857@gmail.com,Juan Rojas
T-1021,Asamblea Informativa DS49,20/07/2023,juan.reyes.demo34228@yahoo.com,Juan Reyes
T-1020,Taller de Educación Financiera,11/10/2025,teresa.contreras.demo12071@outlook.com,Teresa Contreras
T-1001,Jornada Comités de Vivienda - Región Metropolitana,09/08/2025,dario.vilches.demo28229@outlook.com,Darío Vilches
T-1029,Asamblea Informativa DS49,10/02/2026,natalie.herrera.demo13281@yahoo.com,Natalie Herrera
T-1018,Charla: Déficit Habitacional en Chile,01/05/2025,josefa.montoya.demo32068@outlook.com,Josefa Montoya
T-1000,Jornada Comités de Vivienda - Región Metropolitana,09/10/2024,emilio.lara.demo51391@gmail.com,Emilio Lara
T-1013,Asamblea Informativa DS49,14/01/2024,julieta.gutierrez.demo40759@hotmail.com,Julieta Gutiérrez
T-1056,Taller de Educación Financiera,28/02/2025,luis.leiva.demo23864@yahoo.com,Luis Leiva
T-1028,Jornada Comités de Vivienda - Región Metropolitana,25/11/2024,herminio.lopez.demo37294@outlook.com,Herminio López
T-1017,Charla: Déficit Habitacional en Chile,07/05/2024,mercedes.diaz.demo16535@outlook.com,Mercedes Díaz
T-1027,Charla: Déficit Habitacional en Chile,03/07/2024,luis.tapia.demo17547@gmail.com,Luis Tapia
T-1029,Asamblea Informativa DS49,14/01/2026,maria.sepulveda.demo2899@gmail.com,María Sepúlveda
T-1034,Charla: Déficit Habitacional en Chile,10/01/2023,genesis.villa.demo17091@gmail.com,Génesis Villa
T-1003,Taller Subsidio Sectores Medios DS.01,10/03/2025,daniel.robles.demo35897@yahoo.com,Daniel Robles
T-1033,Charla: Déficit Habitacional en Chile,07/07/2024,giovanna.garrido.demo50864@hotmail.com,Giovanna Garrido
T-1006,Taller de Educación Financiera,26/06/2024,camila.zuniga.demo25751@yahoo.com,Camila Zúñiga
T-1021,Taller Ahorro y Subsidio Habitacional,12/03/2024,johana.espinoza.demo28299@outlook.com,Johana Espinoza
T-1036,Charla: Déficit Habitacional en Chile,07/03/2023,freddy.miranda.demo15735@hotmail.com,Freddy Miranda
T-1008,Jornada Comités de Vivienda - Región Metropolitana,20/05/2025,melanie.carrasco.demo12428@outlook.com,Melanie Carrasco
T-1009,Taller Subsidio Sectores Medios DS.01,19/02/2026,nancy.mendoza.demo5254@hotmail.com,Nancy Mendoza
T-1052,Jornada Comités de Vivienda - Región Metropolitana,07/02/2024,ana.bravo.demo41716@outlook.com,Ana Bravo
T-1025,Taller de Postulación DS19 - Mayo 2026,30/03/2025,octavio.vega.demo17442@outlook.com,Octavio Vega
T-1032,Jornada Comités de Vivienda - Región Metropolitana,04/12/2023,yaritza.lagos.demo29920@hotmail.com,Yaritza Lagos
T-1024,Taller Ahorro y Subsidio Habitacional,23/05/2023,gustavo.cid.demo42133@yahoo.com,Gustavo Cid
T-1016,Taller Subsidio Sectores Medios DS.01,25/05/2024,norma.berrios.demo42606@hotmail.com,Norma Berríos
T-1008,Taller de Postulación DS19 - Mayo 2026,06/02/2024,ivonne.sanchez.demo17958@yahoo.com,Ivonne Sánchez
T-1036,Webinar: Cómo Postular al Subsidio Habitacional,01/05/2024,patricia.cardenas.demo36887@hotmail.com,Patricia Cárdenas
T-1014,Webinar: Cómo Postular al Subsidio Habitacional,27/08/2025,clodomiro.ramos.demo42167@yahoo.com,Clodomiro Ramos
T-1013,Taller Ahorro y Subsidio Habitacional,20/09/2023,gonzalo.vera.demo1480@hotmail.com,Gonzalo Vera
T-1047,Webinar: Cómo Postular al Subsidio Habitacional,19/10/2025,jose.olivares.demo42869@yahoo.com,José Olivares
T-1019,Taller de Educación Financiera,07/09/2025,margarita.zamora.demo39652@yahoo.com,Margarita Zamora
T-1010,Taller Ahorro y Subsidio Habitacional,02/04/2026,oliver.fuentes.demo28913@outlook.com,Oliver Fuentes
T-1013,Taller Subsidio Sectores Medios DS.01,15/06/2025,kevin.galleguillos.demo7963@hotmail.com,Kevin Galleguillos
T-1022,Jornada Comités de Vivienda - Región Metropolitana,24/05/2026,carlos.seguel.demo43544@yahoo.com,Carlos Seguel
T-1002,Asamblea Informativa DS49,13/02/2026,leonor.guzman.demo23372@hotmail.com,Leonor Guzmán
T-1019,Asamblea Informativa DS49,17/03/2024,rosa.salazar.demo51962@yahoo.com,Rosa Salazar
T-1055,Taller Subsidio Sectores Medios DS.01,12/12/2023,johana.urrutia.demo31978@gmail.com,Johana Urrutia
T-1014,Taller de Postulación DS19 - Mayo 2026,14/08/2023,daniela.palma.demo30658@outlook.com,Daniela Palma
T-1036,Taller de Postulación DS19 - Mayo 2026,09/11/2025,said.perez.demo35501@gmail.com,Said Pérez
T-1054,Charla: Déficit Habitacional en Chile,13/03/2026,luis.carmona.demo22758@hotmail.com,Luis Carmona
T-1004,Webinar: Cómo Postular al Subsidio Habitacional,10/01/2026,maria.plaza.demo9105@gmail.com,María Plaza
T-1014,Charla: Déficit Habitacional en Chile,19/02/2025,augusto.ahumada.demo47236@yahoo.com,Augusto Ahumada
T-1029,Taller de Educación Financiera,14/08/2025,javiera.lobos.demo11865@gmail.com,Javiera Lobos
T-1036,Jornada Comités de Vivienda - Región Metropolitana,18/05/2023,cristian.arenas.demo32074@gmail.com,Cristian Arenas
T-1016,Webinar: Cómo Postular al Subsidio Habitacional,29/08/2024,jose.pacheco.demo25230@gmail.com,José Pacheco
T-1022,Taller de Postulación DS19 - Mayo 2026,25/05/2023,ignacia.pinto.demo10869@hotmail.com,Ignacia Pinto
T-1019,Jornada Comités de Vivienda - Región Metropolitana,17/12/2025,salomon.valenzuela.demo51807@outlook.com,Salomón Valenzuela
T-1046,Asamblea Informativa DS49,13/10/2025,salomon.villalobos.demo22688@gmail.com,Salomón Villalobos
T-1050,Taller de Educación Financiera,24/12/2023,sandra.navarrete.demo10710@yahoo.com,Sandra Navarrete
T-1014,Charla: Déficit Habitacional en Chile,29/09/2023,veronica.segura.demo29243@yahoo.com,Verónica Segura
T-1009,Taller Ahorro y Subsidio Habitacional,01/02/2026,paula.reyes.demo3879@outlook.com,Paula Reyes
T-1005,Jornada Comités de Vivienda - Región Metropolitana,10/03/2026,jose.norambuena.demo8543@outlook.com,José Norambuena
T-1040,Webinar: Cómo Postular al Subsidio Habitacional,08/04/2026,sebastian.gonzalez.demo38573@yahoo.com,Sebastián González
T-1002,Taller de Postulación DS19 - Mayo 2026,22/05/2025,silvia.barriga.demo43975@hotmail.com,Silvia Barriga
T-1045,Jornada Comités de Vivienda - Región Metropolitana,09/06/2024,simon.jimenez.demo4267@yahoo.com,Simón Jiménez
T-1021,Taller de Educación Financiera,25/01/2024,hugo.rojas.demo27286@outlook.com,Hugo Rojas
T-1040,Taller de Postulación DS19 - Mayo 2026,23/03/2024,clodomiro.fuentes.demo50893@outlook.com,Clodomiro Fuentes
T-1008,Taller Ahorro y Subsidio Habitacional,30/01/2024,jaime.soto.demo18523@gmail.com,Jaime Soto
T-1054,Taller Ahorro y Subsidio Habitacional,25/07/2025,leandro.plaza.demo6095@hotmail.com,Leandro Plaza
T-1058,Webinar: Cómo Postular al Subsidio Habitacional,15/12/2025,pamela.cordova.demo30121@gmail.com,Pamela Córdova
T-1024,Webinar: Cómo Postular al Subsidio Habitacional,31/07/2024,maria.espinoza.demo42662@yahoo.com,María Espinoza
T-1024,Taller de Postulación DS19 - Mayo 2026,11/02/2025,noemi.farias.demo22263@gmail.com,Noemí Farías
T-1049,Taller Ahorro y Subsidio Habitacional,06/10/2025,alicia.salazar.demo17371@outlook.com,Alicia Salazar
T-1022,Taller de Postulación DS19 - Mayo 2026,10/10/2023,ricardo.oyarzun.demo48213@hotmail.com,Ricardo Oyarzún
T-1042,Taller de Postulación DS19 - Mayo 2026,11/01/2026,barbara.reyes.demo24915@gmail.com,Bárbara Reyes
T-1017,Charla: Déficit Habitacional en Chile,16/03/2023,roberto.briones.demo2891@gmail.com,Roberto Briones
T-1055,Taller Subsidio Sectores Medios DS.01,14/01/2023,jimena.herrera.demo40310@gmail.com,Jimena Herrera
T-1048,Charla: Déficit Habitacional en Chile,16/09/2024,javier.sepulveda.demo28698@yahoo.com,Javier Sepúlveda
T-1034,Jornada Comités de Vivienda - Región Metropolitana,15/12/2024,alexia.pincheira.demo50975@yahoo.com,Alexia Pincheira
T-1043,Taller de Educación Financiera,15/02/2024,emilio.molina.demo13812@hotmail.com,Emilio Molina
T-1041,Taller Subsidio Sectores Medios DS.01,04/02/2024,ramon.carreno.demo19246@gmail.com,Ramón Carreño
T-1034,Jornada Comités de Vivienda - Región Metropolitana,01/07/2024,viviana.acevedo.demo22258@gmail.com,Viviana Acevedo
T-1022,Taller Subsidio Sectores Medios DS.01,27/02/2026,viviana.cabrera.demo3287@gmail.com,Viviana Cabrera
T-1053,Jornada Comités de Vivienda - Región Metropolitana,25/01/2025,catalina.garcia.demo45215@yahoo.com,Catalina García
T-1034,Taller de Postulación DS19 - Mayo 2026,13/09/2025,ignacio.pino.demo21592@yahoo.com,Ignacio Pino
T-1056,Jornada Comités de Vivienda - Región Metropolitana,11/03/2024,angela.herrera.demo34281@outlook.com,Ángela Herrera
T-1053,Taller Ahorro y Subsidio Habitacional,08/04/2026,valeria.gonzalez.demo18945@yahoo.com,Valeria González
T-1006,Webinar: Cómo Postular al Subsidio Habitacional,01/04/2026,florencia.tapia.demo31870@yahoo.com,Florencia Tapia
T-1054,Taller Ahorro y Subsidio Habitacional,31/01/2025,jose.diaz.demo18973@gmail.com,José Díaz
T-1049,Charla: Déficit Habitacional en Chile,19/07/2024,luis.roman.demo16421@hotmail.com,Luis Román
T-1043,Taller de Educación Financiera,22/12/2023,alvaro.delgado.demo35802@hotmail.com,Álvaro Delgado
T-1056,Asamblea Informativa DS49,10/01/2023,rafaela.torres.demo6906@hotmail.com,Rafaela Torres
T-1027,Taller Ahorro y Subsidio Habitacional,11/11/2023,anyelo.diaz.demo47600@outlook.com,Anyelo Díaz
T-1054,Jornada Comités de Vivienda - Región Metropolitana,09/08/2025,eliana.rojas.demo25532@gmail.com,Eliana Rojas
T-1044,Webinar: Cómo Postular al Subsidio Habitacional,24/04/2026,myriam.vera.demo31616@hotmail.com,Myriam Vera
T-1010,Asamblea Informativa DS49,15/03/2025,andrea.contreras.demo45525@gmail.com,Andrea Contreras
T-1055,Asamblea Informativa DS49,20/12/2024,sara.salas.demo46297@outlook.com,Sara Salas
T-1022,Webinar: Cómo Postular al Subsidio Habitacional,18/02/2026,johanna.toledo.demo14479@outlook.com,Johanna Toledo
T-1005,Taller Ahorro y Subsidio Habitacional,18/01/2024,simon.cabezas.demo25966@yahoo.com,Simón Cabezas
T-1004,Webinar: Cómo Postular al Subsidio Habitacional,19/10/2024,yaritza.vidal.demo7735@outlook.com,Yaritza Vidal
T-1053,Taller Subsidio Sectores Medios DS.01,23/03/2025,freddy.echeverria.demo44126@outlook.com,Freddy Echeverría
T-1005,Taller Subsidio Sectores Medios DS.01,15/11/2024,maria.mella.demo50444@gmail.com,María Mella
T-1033,Jornada Comités de Vivienda - Región Metropolitana,24/06/2025,renato.montecinos.demo46894@yahoo.com,Renato Montecinos
T-1049,Jornada Comités de Vivienda - Región Metropolitana,25/03/2024,francisco.montecinos.demo41054@outlook.com,Francisco Montecinos
T-1046,Taller Ahorro y Subsidio Habitacional,04/02/2025,cecilia.farias.demo43704@outlook.com,Cecilia Farías
T-1007,Taller Ahorro y Subsidio Habitacional,03/02/2025,joaquin.vargas.demo30952@hotmail.com,Joaquín Vargas
T-1020,Taller Ahorro y Subsidio Habitacional,17/12/2023,alvaro.rivera.demo13952@gmail.com,Álvaro Rivera
T-1045,Taller de Postulación DS19 - Mayo 2026,27/03/2026,javier.venegas.demo46036@outlook.com,Javier Venegas
T-1038,Webinar: Cómo Postular al Subsidio Habitacional,21/02/2024,olga.guzman.demo47573@gmail.com,Olga Guzmán
T-1000,Jornada Comités de Vivienda - Región Metropolitana,28/05/2026,pablo.guerrero.demo26691@hotmail.com,Pablo Guerrero
T-1005,Jornada Comités de Vivienda - Región Metropolitana,19/03/2026,osvaldo.gonzalez.demo35369@gmail.com,Osvaldo González
T-1028,Asamblea Informativa DS49,26/01/2024,filomena.sepulveda.demo26043@yahoo.com,Filomena Sepúlveda
T-1000,Webinar: Cómo Postular al Subsidio Habitacional,16/04/2026,mariana.toledo.demo48991@hotmail.com,Mariana Toledo
T-1054,Asamblea Informativa DS49,24/01/2024,olivia.arias.demo4719@yahoo.com,Olivia Arias
T-1011,Taller de Educación Financiera,18/12/2025,rene.diaz.demo5296@hotmail.com,René Díaz
T-1027,Asamblea Informativa DS49,04/04/2025,adriana.carmona.demo15475@hotmail.com,Adriana Carmona
T-1040,Asamblea Informativa DS49,30/06/2025,marco.sepulveda.demo30919@gmail.com,Marco Sepúlveda
T-1024,Taller Subsidio Sectores Medios DS.01,01/08/2025,rigoberto.silva.demo18682@hotmail.com,Rigoberto Silva
T-1057,Charla: Déficit Habitacional en Chile,16/05/2024,lucas.san martin.demo219@outlook.com,Lucas San Martín
T-1018,Asamblea Informativa DS49,30/08/2023,walter.campos.demo15225@gmail.com,Walter Campos
T-1020,Taller de Educación Financiera,12/08/2024,katherine.torres.demo40104@yahoo.com,Katherine Torres
T-1019,Asamblea Informativa DS49,05/05/2026,max.mella.demo49720@outlook.com,Max Mella
T-1032,Taller Subsidio Sectores Medios DS.01,08/02/2023,virginia.sepulveda.demo51234@yahoo.com,Virginia Sepúlveda
T-1036,Webinar: Cómo Postular al Subsidio Habitacional,15/11/2025,angelo.bravo.demo32776@hotmail.com,Angelo Bravo
T-1000,Taller de Educación Financiera,09/05/2025,gladys.osorio.demo39577@yahoo.com,Gladys Osorio
T-1017,Taller de Postulación DS19 - Mayo 2026,24/10/2023,maribel.vega.demo38993@outlook.com,Maribel Vega
T-1030,Taller de Educación Financiera,19/10/2023,isidora.sobarzo.demo3386@gmail.com,Isidora Sobarzo
T-1012,Charla: Déficit Habitacional en Chile,23/06/2025,pablo.cortes.demo5978@yahoo.com,Pablo Cortés
T-1014,Taller Subsidio Sectores Medios DS.01,17/09/2025,javiera.fuentes.demo4409@yahoo.com,Javiera Fuentes
T-1004,Webinar: Cómo Postular al Subsidio Habitacional,18/07/2023,jose.ruiz.demo22982@hotmail.com,José Ruiz
T-1036,Asamblea Informativa DS49,24/05/2024,aracely.salazar.demo1274@yahoo.com,Aracely Salazar
T-1013,Webinar: Cómo Postular al Subsidio Habitacional,28/05/2024,cesar.cifuentes.demo28354@outlook.com,César Cifuentes
T-1010,Asamblea Informativa DS49,28/08/2024,carol.gonzalez.demo15031@gmail.com,Carol González
T-1009,Asamblea Informativa DS49,02/07/2024,elizabeth.sandoval.demo20173@yahoo.com,Elizabeth Sandoval
T-1027,Taller Ahorro y Subsidio Habitacional,22/10/2023,ricardo.soto.demo50008@yahoo.com,Ricardo Soto
T-1030,Asamblea Informativa DS49,02/04/2026,paula.canales.demo39905@outlook.com,Paula Canales
T-1011,Taller de Postulación DS19 - Mayo 2026,16/04/2025,danilo.flores.demo10046@outlook.com,Danilo Flores
T-1021,Charla: Déficit Habitacional en Chile,05/07/2024,sara.contreras.demo2474@outlook.com,Sara Contreras
T-1018,Taller de Educación Financiera,26/03/2023,katherine.almonacid.demo15871@gmail.com,Katherine Almonacid
T-1041,Taller de Postulación DS19 - Mayo 2026,24/04/2026,cristian.ortega.demo13574@hotmail.com,Cristian Ortega
T-1046,Taller Subsidio Sectores Medios DS.01,04/09/2023,constanza.gallardo.demo18013@hotmail.com,Constanza Gallardo
T-1052,Taller Subsidio Sectores Medios DS.01,04/01/2026,veronica.munoz.demo48658@gmail.com,Verónica Muñoz
T-1047,Asamblea Informativa DS49,10/04/2023,erik.lopez.demo33659@outlook.com,Erik López
T-1021,Jornada Comités de Vivienda - Región Metropolitana,09/08/2024,alexia.diaz.demo20896@yahoo.com,Alexia Díaz
T-1024,Webinar: Cómo Postular al Subsidio Habitacional,31/03/2024,julieta.gomez.demo33582@outlook.com,Julieta Gómez
T-1037,Charla: Déficit Habitacional en Chile,03/03/2026,luis.cortez.demo43774@yahoo.com,Luis Cortez
T-1007,Asamblea Informativa DS49,20/01/2024,patricio.poblete.demo13319@yahoo.com,Patricio Poblete
T-1008,Charla: Déficit Habitacional en Chile,12/07/2024,jorge.solis.demo34667@hotmail.com,Jorge Solís
T-1041,Taller Subsidio Sectores Medios DS.01,06/02/2026,gloria.iturra.demo37062@yahoo.com,Gloria Iturra
T-1058,Taller de Postulación DS19 - Mayo 2026,13/03/2024,silvia.ramos.demo24335@gmail.com,Silvia Ramos
T-1021,Taller Ahorro y Subsidio Habitacional,03/04/2026,german.lizana.demo8904@gmail.com,Germán Lizana
T-1037,Charla: Déficit Habitacional en Chile,28/02/2023,graciela.moreno.demo15138@outlook.com,Graciela Moreno
T-1059,Webinar: Cómo Postular al Subsidio Habitacional,20/01/2023,liliana.baez.demo4156@gmail.com,Liliana Baez
T-1046,Jornada Comités de Vivienda - Región Metropolitana,31/01/2023,doris.mejias.demo1982@yahoo.com,Doris Mejías
T-1043,Taller Ahorro y Subsidio Habitacional,30/03/2025,cinthya.quiroz.demo16619@hotmail.com,Cinthya Quiroz
T-1035,Webinar: Cómo Postular al Subsidio Habitacional,01/09/2023,catalina.bobadilla.demo10337@hotmail.com,Catalina Bobadilla
T-1049,Taller Subsidio Sectores Medios DS.01,06/04/2026,lukas.campos.demo36441@yahoo.com,Lukas Campos
T-1032,Jornada Comités de Vivienda - Región Metropolitana,20/04/2025,lucia.ramos.demo3979@hotmail.com,Lucía Ramos
T-1005,Taller de Educación Financiera,19/08/2025,valentina.vejar.demo6210@yahoo.com,Valentina Vejar
T-1046,Taller de Educación Financiera,14/06/2023,paz.barrientos.demo26002@gmail.com,Paz Barrientos
T-1017,Taller Ahorro y Subsidio Habitacional,28/09/2023,maximiliano.escobar.demo9356@outlook.com,Maximiliano Escobar
T-1058,Asamblea Informativa DS49,02/05/2026,alexis.bustamante.demo32082@outlook.com,Alexis Bustamante
T-1054,Taller Ahorro y Subsidio Habitacional,07/12/2025,victoria.aguilar.demo34885@yahoo.com,Victoria Aguilar
T-1052,Taller Ahorro y Subsidio Habitacional,09/09/2025,mercedes.arce.demo51926@outlook.com,Mercedes Arce
T-1058,Webinar: Cómo Postular al Subsidio Habitacional,24/03/2025,raul.troncoso.demo12970@gmail.com,Raúl Troncoso
T-1005,Taller Subsidio Sectores Medios DS.01,15/11/2023,patricia.morales.demo5291@hotmail.com,Patricia Morales
T-1002,Asamblea Informativa DS49,09/04/2023,maria.valenzuela.demo3255@gmail.com,María Valenzuela
T-1058,Taller de Educación Financiera,31/12/2024,maria.bernal.demo43927@yahoo.com,María Bernal
T-1015,Webinar: Cómo Postular al Subsidio Habitacional,29/01/2026,isolina.torres.demo45037@outlook.com,Isolina Torres
T-1037,Taller Subsidio Sectores Medios DS.01,01/12/2025,francisca.vilches.demo14518@gmail.com,Francisca Vilches
T-1055,Taller de Postulación DS19 - Mayo 2026,26/02/2025,ximena.olivares.demo3310@gmail.com,Ximena Olivares
T-1019,Taller de Postulación DS19 - Mayo 2026,20/05/2026,monica.astudillo.demo9096@outlook.com,Mónica Astudillo
T-1058,Taller de Educación Financiera,13/04/2023,maria.molina.demo25553@gmail.com,María Molina
T-1059,Asamblea Informativa DS49,13/04/2024,violeta.torres.demo41542@gmail.com,Violeta Torres
T-1037,Taller de Postulación DS19 - Mayo 2026,22/01/2024,marcelina.soto.demo16943@gmail.com,Marcelina Soto
T-1005,Jornada Comités de Vivienda - Región Metropolitana,01/11/2025,carlos.carmona.demo34189@gmail.com,Carlos Carmona
T-1027,Charla: Déficit Habitacional en Chile,19/01/2023,luis.perez.demo6470@yahoo.com,Luis Pérez
T-1014,Taller de Educación Financiera,27/01/2026,alvaro.berrios.demo13569@yahoo.com,Álvaro Berríos
T-1056,Jornada Comités de Vivienda - Región Metropolitana,27/02/2026,john.vidal.demo48936@yahoo.com,John Vidal
T-1006,Asamblea Informativa DS49,08/05/2025,emma.gatica.demo23749@gmail.com,Emma Gatica
T-1045,Taller de Educación Financiera,30/01/2023,antonia.arias.demo29074@hotmail.com,Antonia Arias
T-1052,Charla: Déficit Habitacional en Chile,12/11/2025,camila.urzua.demo7767@outlook.com,Camila Urzúa
T-1046,Jornada Comités de Vivienda - Región Metropolitana,07/12/2023,gabriel.retamal.demo30090@outlook.com,Gabriel Retamal
T-1037,Asamblea Informativa DS49,09/02/2026,milan.moya.demo27695@outlook.com,Milán Moya
T-1044,Asamblea Informativa DS49,10/12/2024,claudio.fuentes.demo4948@hotmail.com,Claudio Fuentes
T-1030,Taller de Postulación DS19 - Mayo 2026,17/02/2024,roger.letelier.demo44057@outlook.com,Roger Letelier
T-1039,Webinar: Cómo Postular al Subsidio Habitacional,30/04/2023,raul.escalona.demo29037@hotmail.com,Raúl Escalona
T-1034,Taller Ahorro y Subsidio Habitacional,13/11/2024,manuel.munoz.demo38961@outlook.com,Manuel Muñoz
T-1032,Taller Ahorro y Subsidio Habitacional,14/04/2025,barbara.sepulveda.demo39682@yahoo.com,Barbara Sepúlveda
T-1040,Jornada Comités de Vivienda - Región Metropolitana,02/04/2023,esteban.santibanez.demo38631@outlook.com,Esteban Santibáñez
T-1048,Taller Subsidio Sectores Medios DS.01,20/06/2025,luis.lopez.demo31850@hotmail.com,Luis López
T-1050,Taller de Educación Financiera,19/09/2023,lidia.romero.demo28033@yahoo.com,Lidia Romero
T-1046,Charla: Déficit Habitacional en Chile,21/08/2024,matias.neira.demo51284@outlook.com,Matías Neira
T-1025,Webinar: Cómo Postular al Subsidio Habitacional,01/06/2025,sofia.rodriguez.demo37302@yahoo.com,Sofía Rodríguez
T-1028,Jornada Comités de Vivienda - Región Metropolitana,08/02/2026,margarita.ortiz.demo26588@hotmail.com,Margarita Ortiz
T-1019,Taller de Postulación DS19 - Mayo 2026,02/11/2025,carol.arancibia.demo5261@hotmail.com,Carol Arancibia
T-1019,Taller Subsidio Sectores Medios DS.01,26/03/2025,julio.romero.demo40709@outlook.com,Julio Romero
T-1005,Webinar: Cómo Postular al Subsidio Habitacional,05/02/2025,hector.canales.demo17797@hotmail.com,Héctor Canales
T-1005,Taller de Educación Financiera,30/03/2024,vanessa.bugueno.demo32616@outlook.com,Vanessa Bugueño
T-1040,Webinar: Cómo Postular al Subsidio Habitacional,11/02/2026,javiera.acosta.demo6917@hotmail.com,Javiera Acosta
T-1059,Asamblea Informativa DS49,03/05/2025,iris.leal.demo15497@gmail.com,Iris Leal
T-1040,Asamblea Informativa DS49,13/03/2026,elena.cerda.demo1098@outlook.com,Elena Cerda
T-1014,Taller Subsidio Sectores Medios DS.01,29/11/2025,maria.sepulveda.demo51107@gmail.com,María Sepúlveda
T-1034,Asamblea Informativa DS49,28/07/2023,alvaro.diaz.demo33753@outlook.com,Álvaro Díaz
T-1045,Asamblea Informativa DS49,18/11/2024,colomba.carmona.demo21796@hotmail.com,Colomba Carmona
T-1058,Taller Subsidio Sectores Medios DS.01,08/05/2026,rodolfo.ruiz.demo43965@gmail.com,Rodolfo Ruiz
T-1057,Taller de Postulación DS19 - Mayo 2026,25/04/2026,daniel.lazcano.demo41195@outlook.com,Daniel Lazcano
T-1022,Charla: Déficit Habitacional en Chile,16/06/2025,miguel.albornoz.demo5804@yahoo.com,Miguel Albornoz
T-1032,Jornada Comités de Vivienda - Región Metropolitana,26/12/2023,emily.cerda.demo10051@outlook.com,Emily Cerda
T-1008,Taller Ahorro y Subsidio Habitacional,12/12/2023,javiera.vallejos.demo28408@hotmail.com,Javiera Vallejos
T-1041,Taller Ahorro y Subsidio Habitacional,13/01/2024,monserrat.martinez.demo47308@yahoo.com,Monserrat Martínez
T-1029,Taller de Postulación DS19 - Mayo 2026,06/01/2024,ana.lazcano.demo44947@gmail.com,Ana Lazcano
T-1001,Taller de Educación Financiera,04/02/2025,ivan.torres.demo44686@outlook.com,Iván Torres
T-1053,Taller de Educación Financiera,10/12/2023,jorge.munoz.demo24844@yahoo.com,Jorge Muñoz
T-1012,Asamblea Informativa DS49,25/09/2023,jaime.espinoza.demo36690@gmail.com,Jaime Espinoza
T-1028,Taller Subsidio Sectores Medios DS.01,28/09/2024,francisco.rojas.demo7616@hotmail.com,Francisco Rojas
T-1042,Taller de Educación Financiera,10/09/2025,sylvia.pizarro.demo6478@gmail.com,Sylvia Pizarro
T-1018,Taller de Educación Financiera,21/11/2025,andres.galdames.demo28034@yahoo.com,Andrés Galdames
T-1049,Charla: Déficit Habitacional en Chile,16/08/2025,tomas.cartes.demo51088@hotmail.com,Tomás Cartes
T-1053,Charla: Déficit Habitacional en Chile,25/03/2026,gustavo.jerez.demo2454@gmail.com,Gustavo Jerez
T-1054,Jornada Comités de Vivienda - Región Metropolitana,29/06/2025,omar.aguayo.demo39451@outlook.com,Omar Aguayo
T-1012,Webinar: Cómo Postular al Subsidio Habitacional,11/10/2023,constanza.carvajal.demo13937@hotmail.com,Constanza Carvajal
T-1000,Webinar: Cómo Postular al Subsidio Habitacional,22/12/2024,evaristo.miranda.demo3407@yahoo.com,Evaristo Miranda
T-1018,Taller Subsidio Sectores Medios DS.01,30/07/2024,pamela.ruiz.demo49416@gmail.com,Pamela Ruiz
T-1028,Taller de Postulación DS19 - Mayo 2026,01/10/2023,silvia.lobos.demo21582@hotmail.com,Silvia Lobos
T-1045,Taller de Educación Financiera,25/12/2025,julio.torres.demo49644@outlook.com,Julio Torres
T-1055,Webinar: Cómo Postular al Subsidio Habitacional,08/03/2026,jorge.zamorano.demo42471@hotmail.com,Jorge Zamorano
T-1010,Charla: Déficit Habitacional en Chile,12/11/2023,pedro.seguel.demo27855@outlook.com,Pedro Seguel
T-1033,Charla: Déficit Habitacional en Chile,20/08/2023,jose.veliz.demo34565@gmail.com,José Véliz
T-1028,Charla: Déficit Habitacional en Chile,15/04/2023,mauricio.moreno.demo9068@hotmail.com,Mauricio Moreno
T-1039,Taller Ahorro y Subsidio Habitacional,05/02/2023,joaquin.perez.demo37323@gmail.com,Joaquín Pérez
T-1046,Taller Subsidio Sectores Medios DS.01,09/07/2024,luis.carreno.demo41560@hotmail.com,Luis Carreño
T-1050,Taller de Educación Financiera,28/02/2024,marco.martinez.demo45211@gmail.com,Marco Martínez
T-1006,Taller de Postulación DS19 - Mayo 2026,24/04/2025,barbara.venegas.demo24423@hotmail.com,Bárbara Venegas
T-1054,Taller de Educación Financiera,28/02/2026,marcelo.cornejo.demo8594@gmail.com,Marcelo Cornejo
T-1043,Asamblea Informativa DS49,08/05/2025,andrea.molina.demo2871@hotmail.com,Andrea Molina
T-1031,Taller Subsidio Sectores Medios DS.01,16/08/2024,lucas.contreras.demo9260@gmail.com,Lucas Contreras
T-1052,Taller Subsidio Sectores Medios DS.01,11/10/2025,adelaida.hidalgo.demo47932@hotmail.com,Adelaida Hidalgo
T-1027,Taller Subsidio Sectores Medios DS.01,02/12/2024,salomon.martinez.demo35448@hotmail.com,Salomón Martínez
T-1041,Asamblea Informativa DS49,09/12/2023,benjamin.hidalgo.demo17089@gmail.com,Benjamín Hidalgo
T-1006,Taller de Educación Financiera,03/12/2023,benjamin.toro.demo10641@gmail.com,Benjamín Toro
T-1045,Webinar: Cómo Postular al Subsidio Habitacional,09/07/2025,maria.rojas.demo19869@yahoo.com,María Rojas
T-1049,Charla: Déficit Habitacional en Chile,09/01/2026,evelyn.vejar.demo30485@outlook.com,Evelyn Vejar
T-1001,Webinar: Cómo Postular al Subsidio Habitacional,20/02/2024,alonso.casanova.demo28629@yahoo.com,Alonso Casanova
T-1055,Taller de Educación Financiera,18/03/2023,tiare.ortiz.demo12990@gmail.com,Tiare Ortiz
T-1005,Taller Subsidio Sectores Medios DS.01,29/07/2025,jorge.carvajal.demo36942@gmail.com,Jorge Carvajal
T-1009,Taller de Educación Financiera,27/02/2026,ulises.silva.demo13261@gmail.com,Ulises Silva
T-1011,Taller de Postulación DS19 - Mayo 2026,12/02/2025,pablo.jorquera.demo9033@yahoo.com,Pablo Jorquera
T-1039,Asamblea Informativa DS49,26/10/2025,anna.gonzalez.demo35389@hotmail.com,Anna González
T-1023,Taller de Postulación DS19 - Mayo 2026,06/02/2024,alison.aguilera.demo39725@gmail.com,Alison Aguilera
T-1023,Taller de Postulación DS19 - Mayo 2026,07/04/2026,gaspar.dominguez.demo33557@hotmail.com,Gaspar Domínguez
T-1048,Asamblea Informativa DS49,25/04/2023,matilde.pino.demo16811@yahoo.com,Matilde Pino
T-1005,Taller de Educación Financiera,19/08/2023,camila.leyton.demo12841@outlook.com,Camila Leyton
T-1023,Taller Ahorro y Subsidio Habitacional,27/10/2023,francisco.vega.demo41935@outlook.com,Francisco Vega
T-1015,Jornada Comités de Vivienda - Región Metropolitana,01/09/2023,dominga.palma.demo38578@yahoo.com,Dominga Palma
T-1012,Taller Subsidio Sectores Medios DS.01,14/09/2023,ezequiel.herrera.demo6347@outlook.com,Ezequiel Herrera
T-1031,Charla: Déficit Habitacional en Chile,15/08/2025,jose.fuenzalida.demo43866@gmail.com,José Fuenzalida
T-1003,Taller Ahorro y Subsidio Habitacional,21/03/2023,juan.gonzalez.demo4558@yahoo.com,Juan González
T-1058,Jornada Comités de Vivienda - Región Metropolitana,17/03/2026,martin.vergara.demo47650@hotmail.com,Martín Vergara
T-1004,Taller de Postulación DS19 - Mayo 2026,22/02/2025,virginia.mancilla.demo28631@yahoo.com,Virginia Mancilla
T-1042,Taller Subsidio Sectores Medios DS.01,15/01/2025,fabiola.zuniga.demo46636@gmail.com,Fabiola Zúñiga
T-1054,Webinar: Cómo Postular al Subsidio Habitacional,15/08/2023,elena.urra.demo49741@hotmail.com,Elena Urra
T-1029,Charla: Déficit Habitacional en Chile,30/12/2025,gricelda.valdes.demo31512@yahoo.com,Gricelda Valdés
T-1038,Charla: Déficit Habitacional en Chile,19/01/2025,nelida.vergara.demo19502@yahoo.com,Nélida Vergara
T-1025,Taller Subsidio Sectores Medios DS.01,05/04/2024,freddy.escobar.demo48689@hotmail.com,Freddy Escobar
T-1050,Jornada Comités de Vivienda - Región Metropolitana,31/08/2025,externo.0@correo.demo,Gerardo Bustamante
T-1045,Asamblea Informativa DS49,01/06/2023,externo.1@correo.demo,Marcel Núñez
T-1001,Taller de Educación Financiera,04/08/2024,externo.2@correo.demo,Lucas Arenas
T-1028,Taller Ahorro y Subsidio Habitacional,15/05/2023,externo.3@correo.demo,Luis Vallejos
T-1038,Taller de Educación Financiera,13/06/2024,externo.4@correo.demo,Lucas Gajardo
T-1028,Jornada Comités de Vivienda - Región Metropolitana,18/03/2023,externo.5@correo.demo,Rodrigo Valenzuela
T-1007,Webinar: Cómo Postular al Subsidio Habitacional,14/12/2025,externo.6@correo.demo,José Cáceres
T-1021,Charla: Déficit Habitacional en Chile,25/06/2025,externo.7@correo.demo,José Arancibia
T-1027,Webinar: Cómo Postular al Subsidio Habitacional,29/05/2024,externo.8@correo.demo,Mónica Correa
T-1055,Webinar: Cómo Postular al Subsidio Habitacional,13/02/2023,externo.9@correo.demo,Víctor Vilches
T-1046,Asamblea Informativa DS49,15/09/2023,externo.10@correo.demo,Alexander Guzmán
T-1030,Charla: Déficit Habitacional en Chile,20/02/2024,externo.11@correo.demo,Martín Navarro
T-1058,Taller Ahorro y Subsidio Habitacional,02/01/2023,externo.12@correo.demo,Paola Figueroa
T-1015,Taller Ahorro y Subsidio Habitacional,13/02/2025,externo.13@correo.demo,Tomás Molina
T-1054,Asamblea Informativa DS49,24/04/2024,externo.14@correo.demo,Isidora Villanueva
T-1023,Taller de Postulación DS19 - Mayo 2026,25/05/2025,externo.15@correo.demo,Manuel Venegas
T-1030,Taller de Postulación DS19 - Mayo 2026,14/03/2025,externo.16@correo.demo,Juan Carvajal
T-1057,Webinar: Cómo Postular al Subsidio Habitacional,08/08/2025,externo.17@correo.demo,Mauricio Delgado
T-1024,Taller Ahorro y Subsidio Habitacional,22/06/2023,externo.18@correo.demo,Olivia González
T-1003,Jornada Comités de Vivienda - Región Metropolitana,19/03/2024,externo.19@correo.demo,Santiago Gómez
T-1030,Taller Subsidio Sectores Medios DS.01,07/01/2024,externo.20@correo.demo,Isolina Vejar
T-1000,Taller de Educación Financiera,05/11/2024,externo.21@correo.demo,Silvia Venegas
T-1005,Taller de Postulación DS19 - Mayo 2026,28/08/2024,externo.22@correo.demo,Alfonso Herrera
T-1043,Taller Subsidio Sectores Medios DS.01,04/07/2024,externo.23@correo.demo,Luisa Vera
T-1007,Taller de Educación Financiera,13/01/2025,externo.24@correo.demo,Norma Gatica
T-1015,Taller Subsidio Sectores Medios DS.01,16/04/2023,externo.25@correo.demo,Francisca Aguayo
T-1019,Asamblea Informativa DS49,28/12/2024,externo.26@correo.demo,Ramón Soto
T-1022,Taller Subsidio Sectores Medios DS.01,14/08/2024,externo.27@correo.demo,Ana Ortiz
T-1034,Taller Ahorro y Subsidio Habitacional,20/05/2025,externo.28@correo.demo,Salomón Poblete
T-1051,Taller de Postulación DS19 - Mayo 2026,29/09/2024,externo.29@correo.demo,Florencia Figueroa
T-1016,Webinar: Cómo Postular al Subsidio Habitacional,22/01/2023,externo.30@correo.demo,Antonio Burgos
T-1020,Taller de Educación Financiera,15/07/2023,externo.31@correo.demo,Juana Briceño
T-1010,Charla: Déficit Habitacional en Chile,28/05/2025,externo.32@correo.demo,Franco Ortiz
T-1056,Taller Ahorro y Subsidio Habitacional,13/08/2025,externo.33@correo.demo,Osvaldo Marín
T-1008,Asamblea Informativa DS49,27/03/2026,externo.34@correo.demo,Jorge Rosales
T-1034,Asamblea Informativa DS49,24/03/2026,externo.35@correo.demo,Yasna Rivera
T-1050,Taller de Postulación DS19 - Mayo 2026,19/09/2025,externo.36@correo.demo,Diego Lara
T-1059,Taller Subsidio Sectores Medios DS.01,24/02/2023,externo.37@correo.demo,Héctor Rojas
T-1005,Taller Subsidio Sectores Medios DS.01,20/03/2023,externo.38@correo.demo,Cecilia Carrasco
T-1036,Jornada Comités de Vivienda - Región Metropolitana,15/11/2025,externo.39@correo.demo,María López
T-1046,Taller de Educación Financiera,10/01/2023,externo.40@correo.demo,Rosa Leiva
T-1015,Jornada Comités de Vivienda - Región Metropolitana,16/05/2024,externo.41@correo.demo,Sofía Muñoz
T-1059,Charla: Déficit Habitacional en Chile,04/08/2023,externo.42@correo.demo,Danilo Ponce
T-1026,Taller de Educación Financiera,22/11/2024,externo.43@correo.demo,René Carreño
T-1024,Taller Ahorro y Subsidio Habitacional,06/10/2024,externo.44@correo.demo,Nahuel Valdivia
T-1028,Taller Subsidio Sectores Medios DS.01,26/05/2023,externo.45@correo.demo,Lidia Cornejo
T-1010,Taller de Postulación DS19 - Mayo 2026,26/09/2024,externo.46@correo.demo,Jonathan Valenzuela
T-1043,Webinar: Cómo Postular al Subsidio Habitacional,02/08/2024,externo.47@correo.demo,Franz Machuca
T-1007,Charla: Déficit Habitacional en Chile,19/04/2026,externo.48@correo.demo,Patricia Barrera
T-1026,Taller Subsidio Sectores Medios DS.01,10/01/2024,externo.49@correo.demo,Jorge Briceño
T-1011,Taller Subsidio Sectores Medios DS.01,14/01/2026,externo.50@correo.demo,Gloria Cuevas
T-1038,Taller Ahorro y Subsidio Habitacional,24/06/2023,externo.51@correo.demo,Renato González
T-1010,Taller Ahorro y Subsidio Habitacional,21/04/2026,externo.52@correo.demo,Bastián Figueroa
T-1052,Taller de Postulación DS19 - Mayo 2026,08/11/2023,externo.53@correo.demo,Sandra Bravo
T-1015,Taller de Postulación DS19 - Mayo 2026,30/11/2023,externo.54@correo.demo,Francisco Cifuentes
T-1015,Asamblea Informativa DS49,05/03/2023,externo.55@correo.demo,Mónica Muñoz
T-1030,Asamblea Informativa DS49,15/03/2023,externo.56@correo.demo,Francisco Morales
T-1012,Asamblea Informativa DS49,08/04/2025,externo.57@correo.demo,Lucila Calderón
T-1024,Charla: Déficit Habitacional en Chile,08/02/2023,externo.58@correo.demo,Norma Acuña
T-1057,Taller Ahorro y Subsidio Habitacional,03/01/2026,externo.59@correo.demo,Fernanda Rojas
T-1011,Taller Subsidio Sectores Medios DS.01,30/06/2023,externo.60@correo.demo,Julio Arias
T-1049,Taller Ahorro y Subsidio Habitacional,07/07/2024,externo.61@correo.demo,Alicia Campos
T-1055,Charla: Déficit Habitacional en Chile,22/10/2024,externo.62@correo.demo,Cristian Bravo
T-1053,Webinar: Cómo Postular al Subsidio Habitacional,02/02/2023,externo.63@correo.demo,Héctor Henríquez
T-1022,Taller Subsidio Sectores Medios DS.01,03/02/2024,externo.64@correo.demo,Víctor Hernández
T-1036,Webinar: Cómo Postular al Subsidio Habitacional,31/05/2025,externo.65@correo.demo,Elsa Concha
T-1036,Asamblea Informativa DS49,14/12/2023,externo.66@correo.demo,María Cortés
T-1043,Taller de Educación Financiera,10/04/2025,externo.67@correo.demo,Alondra Pacheco
T-1047,Asamblea Informativa DS49,04/05/2025,externo.68@correo.demo,Sandra Román
T-1005,Taller de Postulación DS19 - Mayo 2026,20/12/2025,externo.69@correo.demo,Antonella Muñoz
T-1058,Jornada Comités de Vivienda - Región Metropolitana,22/08/2025,externo.70@correo.demo,Christian Norambuena
T-1008,Taller Subsidio Sectores Medios DS.01,28/07/2024,externo.71@correo.demo,Carlos Aguilar
T-1057,Charla: Déficit Habitacional en Chile,09/08/2023,externo.72@correo.demo,Francisco Rodríguez
T-1029,Webinar: Cómo Postular al Subsidio Habitacional,11/12/2024,externo.73@correo.demo,Elizabeth Toro
T-1021,Webinar: Cómo Postular al Subsidio Habitacional,09/12/2023,externo.74@correo.demo,Tomás Rebolledo
T-1016,Jornada Comités de Vivienda - Región Metropolitana,28/08/2024,externo.75@correo.demo,Enrique Castillo
T-1053,Taller Subsidio Sectores Medios DS.01,21/02/2025,externo.76@correo.demo,Gladys González
T-1037,Taller Subsidio Sectores Medios DS.01,15/04/2024,externo.77@correo.demo,Ignacio Muñoz
T-1016,Asamblea Informativa DS49,25/12/2023,externo.78@correo.demo,Freddy Riquelme
T-1000,Webinar: Cómo Postular al Subsidio Habitacional,01/02/2026,externo.79@correo.demo,Margarita Pérez
T-1030,Jornada Comités de Vivienda - Región Metropolitana,30/11/2023,externo.80@correo.demo,Genaro Novoa
T-1056,Taller de Educación Financiera,23/03/2025,externo.81@correo.demo,Roberto Briones
T-1013,Taller de Educación Financiera,06/03/2023,externo.82@correo.demo,René Santana
T-1055,Webinar: Cómo Postular al Subsidio Habitacional,25/01/2025,externo.83@correo.demo,Cristina Parra
T-1035,Charla: Déficit Habitacional en Chile,26/09/2023,externo.84@correo.demo,Catalina Delgado
T-1020,Taller de Educación Financiera,31/10/2025,externo.85@correo.demo,Karla Faúndez
T-1002,Jornada Comités de Vivienda - Región Metropolitana,14/01/2023,externo.86@correo.demo,José Álvarez
T-1054,Taller de Educación Financiera,12/11/2024,externo.87@correo.demo,María Campos
T-1053,Charla: Déficit Habitacional en Chile,03/03/2024,externo.88@correo.demo,Flor Arias
T-1035,Taller de Postulación DS19 - Mayo 2026,23/02/2025,externo.89@correo.demo,Ramón Moya
T-1020,Taller de Educación Financiera,23/11/2025,externo.90@correo.demo,Patricio Godoy
T-1053,Taller de Postulación DS19 - Mayo 2026,19/04/2025,externo.91@correo.demo,Karina Barrientos
T-1012,Jornada Comités de Vivienda - Región Metropolitana,19/06/2024,externo.92@correo.demo,Luis Machuca
T-1029,Jornada Comités de Vivienda - Región Metropolitana,17/06/2023,externo.93@correo.demo,Nelly Soto
T-1013,Webinar: Cómo Postular al Subsidio Habitacional,11/01/2023,externo.94@correo.demo,Raúl Torres
T-1017,Jornada Comités de Vivienda - Región Metropolitana,31/05/2023,externo.95@correo.demo,Rigoberto Prado
T-1013,Charla: Déficit Habitacional en Chile,01/04/2025,externo.96@correo.demo,Rodolfo Venegas
T-1019,Taller de Educación Financiera,13/02/2024,externo.97@correo.demo,Abraham Espinoza
T-1002,Webinar: Cómo Postular al Subsidio Habitacional,17/08/2024,externo.98@correo.demo,Sofía Toro
T-1001,Jornada Comités de Vivienda - Región Metropolitana,17/09/2024,externo.99@correo.demo,Jacqueline Andrade
T-1010,Asamblea Informativa DS49,22/12/2023,externo.100@correo.demo,Rafaela Barraza
T-1021,Asamblea Informativa DS49,15/07/2023,externo.101@correo.demo,Pablo Bahamondes
T-1050,Taller de Educación Financiera,15/01/2025,externo.102@correo.demo,Susana Díaz
T-1058,Webinar: Cómo Postular al Subsidio Habitacional,18/06/2023,externo.103@correo.demo,Linda Gutiérrez
T-1059,Charla: Déficit Habitacional en Chile,20/04/2024,externo.104@correo.demo,Elizabeth Vergara
T-1047,Jornada Comités de Vivienda - Región Metropolitana,09/05/2023,externo.105@correo.demo,Liliana Silva
T-1042,Taller de Educación Financiera,29/11/2023,externo.106@correo.demo,Sofía Alfaro
T-1040,Asamblea Informativa DS49,12/02/2023,externo.107@correo.demo,Alberto Lizama
T-1057,Asamblea Informativa DS49,06/05/2024,externo.108@correo.demo,Axel Huerta
T-1040,Webinar: Cómo Postular al Subsidio Habitacional,28/05/2023,externo.109@correo.demo,Pablo Rodríguez
T-1031,Taller de Educación Financiera,24/08/2023,externo.110@correo.demo,Samuel Ávila
T-1044,Webinar: Cómo Postular al Subsidio Habitacional,13/04/2023,externo.111@correo.demo,Carlos Ruiz
T-1023,Taller Ahorro y Subsidio Habitacional,03/08/2024,externo.112@correo.demo,Génesis García
T-1018,Asamblea Informativa DS49,24/10/2023,externo.113@correo.demo,Roxana Candia
T-1047,Taller Subsidio Sectores Medios DS.01,13/12/2023,externo.114@correo.demo,Mario Rodríguez
T-1049,Taller de Postulación DS19 - Mayo 2026,24/07/2025,externo.115@correo.demo,Maribel Aburto
T-1003,Taller Subsidio Sectores Medios DS.01,08/05/2023,externo.116@correo.demo,Aldo Ruiz
T-1012,Webinar: Cómo Postular al Subsidio Habitacional,23/03/2024,externo.117@correo.demo,Marcia Bravo
T-1010,Asamblea Informativa DS49,18/08/2025,externo.118@correo.demo,Génesis Toro
T-1013,Taller de Postulación DS19 - Mayo 2026,22/05/2025,externo.119@correo.demo,Susana Cuevas
T-1031,Taller de Educación Financiera,27/12/2024,externo.120@correo.demo,María Bórquez
T-1018,Charla: Déficit Habitacional en Chile,26/12/2025,externo.121@correo.demo,Francisca González
T-1014,Taller Subsidio Sectores Medios DS.01,17/09/2025,externo.122@correo.demo,Verónica Riquelme
T-1026,Taller Subsidio Sectores Medios DS.01,17/07/2023,externo.123@correo.demo,Patricia Gómez
T-1018,Taller Ahorro y Subsidio Habitacional,21/10/2025,externo.124@correo.demo,Rodrigo Rojas
T-1002,Charla: Déficit Habitacional en Chile,19/02/2026,externo.125@correo.demo,Paola Rocha
T-1001,Taller Subsidio Sectores Medios DS.01,09/12/2023,externo.126@correo.demo,Enrique Meléndez
T-1006,Taller de Educación Financiera,01/04/2025,externo.127@correo.demo,Georgina Contreras
T-1026,Taller Ahorro y Subsidio Habitacional,06/01/2025,externo.128@correo.demo,Juan Olivares
T-1021,Taller de Postulación DS19 - Mayo 2026,03/05/2023,externo.129@correo.demo,Laura Padilla
T-1043,Taller Ahorro y Subsidio Habitacional,14/01/2026,externo.130@correo.demo,Iván Jofré
T-1050,Taller Ahorro y Subsidio Habitacional,17/03/2024,externo.131@correo.demo,Camilo Pérez
T-1031,Taller Subsidio Sectores Medios DS.01,26/04/2025,externo.132@correo.demo,Roger Venegas
T-1007,Taller de Postulación DS19 - Mayo 2026,28/12/2024,externo.133@correo.demo,José Oyarce
T-1032,Jornada Comités de Vivienda - Región Metropolitana,06/11/2023,externo.134@correo.demo,Tomás Arias
T-1041,Charla: Déficit Habitacional en Chile,13/04/2024,externo.135@correo.demo,Gustavo Pérez
T-1007,Asamblea Informativa DS49,09/07/2024,externo.136@correo.demo,Diego Leiva
T-1059,Charla: Déficit Habitacional en Chile,21/07/2023,externo.137@correo.demo,Vicente González
T-1040,Jornada Comités de Vivienda - Región Metropolitana,25/02/2023,externo.138@correo.demo,Nadia Estrada
T-1023,Webinar: Cómo Postular al Subsidio Habitacional,14/09/2023,externo.139@correo.demo,Ernestina Torres
T-1059,Asamblea Informativa DS49,27/07/2024,externo.140@correo.demo,María Farías
T-1022,Taller Ahorro y Subsidio Habitacional,07/12/2025,externo.141@correo.demo,Clara Pino
T-1007,Taller de Postulación DS19 - Mayo 2026,05/12/2023,externo.142@correo.demo,Javier Guerrero
T-1056,Jornada Comités de Vivienda - Región Metropolitana,09/05/2024,externo.143@correo.demo,Olga Salazar
T-1014,Taller de Educación Financiera,18/08/2023,externo.144@correo.demo,Alexis Ormeño
T-1010,Jornada Comités de Vivienda - Región Metropolitana,18/02/2025,externo.145@correo.demo,Joaquín Vergara
T-1042,Asamblea Informativa DS49,02/06/2025,externo.146@correo.demo,Juan Lizana
T-1024,Taller de Postulación DS19 - Mayo 2026,30/07/2023,externo.147@correo.demo,Pablo Henríquez
T-1007,Asamblea Informativa DS49,21/09/2025,externo.148@correo.demo,Elizabeth Oyarce
T-1037,Taller Subsidio Sectores Medios DS.01,14/11/2024,externo.149@correo.demo,Juan Valdebenito
T-1017,Taller de Educación Financiera,30/10/2023,externo.150@correo.demo,Ana Jaramillo
T-1046,Taller de Postulación DS19 - Mayo 2026,07/04/2023,externo.151@correo.demo,Fabiana Barrios
T-1035,Charla: Déficit Habitacional en Chile,01/01/2024,externo.152@correo.demo,Bernarda Ruiz
T-1013,Taller de Educación Financiera,25/05/2024,externo.153@correo.demo,Ana Casanova
T-1037,Jornada Comités de Vivienda - Región Metropolitana,06/11/2024,externo.154@correo.demo,Andrés Ramírez
T-1022,Taller Subsidio Sectores Medios DS.01,08/05/2025,externo.155@correo.demo,Valentín Romero
T-1030,Taller de Educación Financiera,18/07/2024,externo.156@correo.demo,Eduardo Cepeda
T-1030,Taller de Educación Financiera,23/06/2023,externo.157@correo.demo,Víctor Urrutia
T-1047,Taller de Educación Financiera,26/08/2024,externo.158@correo.demo,Renato Sanhueza
T-1011,Charla: Déficit Habitacional en Chile,15/05/2025,externo.159@correo.demo,Lucas Meneses
T-1002,Jornada Comités de Vivienda - Región Metropolitana,04/02/2026,externo.160@correo.demo,Thiago Ríos
T-1043,Taller de Educación Financiera,20/09/2024,externo.161@correo.demo,Viviana González
T-1022,Webinar: Cómo Postular al Subsidio Habitacional,07/10/2025,externo.162@correo.demo,Daniela Galdames
T-1032,Asamblea Informativa DS49,14/07/2024,externo.163@correo.demo,Silvia Donoso
T-1057,Jornada Comités de Vivienda - Región Metropolitana,12/04/2024,externo.164@correo.demo,Emily Rojas
T-1002,Taller Subsidio Sectores Medios DS.01,10/10/2024,externo.165@correo.demo,Elizabeth Domínguez
T-1023,Taller Subsidio Sectores Medios DS.01,02/12/2025,externo.166@correo.demo,Lucía Vera
T-1050,Asamblea Informativa DS49,06/11/2025,externo.167@correo.demo,Emma Salgado
T-1022,Taller Ahorro y Subsidio Habitacional,31/01/2023,externo.168@correo.demo,Daniela Ramírez
T-1017,Charla: Déficit Habitacional en Chile,21/10/2025,externo.169@correo.demo,Alejandro Rebolledo
T-1032,Taller de Educación Financiera,05/04/2026,externo.170@correo.demo,Juan Bravo
T-1044,Charla: Déficit Habitacional en Chile,15/04/2026,externo.171@correo.demo,Raquel Muñoz
T-1053,Jornada Comités de Vivienda - Región Metropolitana,23/09/2024,externo.172@correo.demo,Mauricio Sáez
T-1032,Asamblea Informativa DS49,01/10/2025,externo.173@correo.demo,Miguel Fuentes
T-1040,Jornada Comités de Vivienda - Región Metropolitana,22/06/2023,externo.174@correo.demo,Víctor Martinez
T-1057,Taller de Educación Financiera,25/03/2024,externo.175@correo.demo,Natalia Lorca
T-1023,Charla: Déficit Habitacional en Chile,19/01/2024,externo.176@correo.demo,Felipe Salas
T-1007,Jornada Comités de Vivienda - Región Metropolitana,13/10/2024,externo.177@correo.demo,Eleodoro Acevedo
T-1005,Jornada Comités de Vivienda - Región Metropolitana,23/02/2025,externo.178@correo.demo,José Zamora
T-1025,Webinar: Cómo Postular al Subsidio Habitacional,22/03/2025,externo.179@correo.demo,María Luna
T-1023,Taller de Postulación DS19 - Mayo 2026,31/03/2025,externo.180@correo.demo,Johana Casanova
T-1015,Jornada Comités de Vivienda - Región Metropolitana,18/09/2025,externo.181@correo.demo,Ernesto Campos
T-1032,Webinar: Cómo Postular al Subsidio Habitacional,06/04/2025,externo.182@correo.demo,Mónica Contreras
T-1029,Jornada Comités de Vivienda - Región Metropolitana,07/01/2025,externo.183@correo.demo,Edgardo Fuentes
T-1003,Taller Subsidio Sectores Medios DS.01,08/10/2023,externo.184@correo.demo,Gerald García
T-1002,Webinar: Cómo Postular al Subsidio Habitacional,26/04/2025,externo.185@correo.demo,Daniela Valdebenito
T-1038,Jornada Comités de Vivienda - Región Metropolitana,02/03/2025,externo.186@correo.demo,Danilo Rodríguez
T-1052,Webinar: Cómo Postular al Subsidio Habitacional,26/04/2023,externo.187@correo.demo,Daniela Hernández
T-1006,Taller de Educación Financiera,31/10/2023,externo.188@correo.demo,Marisel Herrera
T-1057,Jornada Comités de Vivienda - Región Metropolitana,10/02/2024,externo.189@correo.demo,Marta Carrasco
T-1022,Charla: Déficit Habitacional en Chile,02/08/2023,externo.190@correo.demo,Mauricio Paredes
T-1039,Webinar: Cómo Postular al Subsidio Habitacional,26/05/2026,externo.191@correo.demo,Juan Torres
T-1024,Taller Subsidio Sectores Medios DS.01,15/02/2026,externo.192@correo.demo,Yessica Pérez
T-1035,Jornada Comités de Vivienda - Región Metropolitana,26/02/2026,externo.193@correo.demo,Mariana Torres
T-1011,Charla: Déficit Habitacional en Chile,03/06/2023,externo.194@correo.demo,Irma Echeverría
T-1030,Asamblea Informativa DS49,29/01/2026,externo.195@correo.demo,Víctor Bustamante
T-1027,Webinar: Cómo Postular al Subsidio Habitacional,30/01/2023,externo.196@correo.demo,Emma Suárez
T-1047,Taller de Educación Financiera,28/03/2025,externo.197@correo.demo,Luna Ibarra
T-1035,Jornada Comités de Vivienda - Región Metropolitana,22/11/2025,externo.198@correo.demo,Ingrid González
T-1014,Taller Ahorro y Subsidio Habitacional,02/02/2023,externo.199@correo.demo,Cristian Barrios
T-1009,Taller Ahorro y Subsidio Habitacional,01/08/2023,externo.200@correo.demo,Felipe Novoa
T-1034,Taller de Educación Financiera,15/04/2023,externo.201@correo.demo,Elizabeth Sáez
T-1005,Webinar: Cómo Postular al Subsidio Habitacional,21/06/2024,externo.202@correo.demo,Juan González
T-1057,Charla: Déficit Habitacional en Chile,08/01/2026,externo.203@correo.demo,Mauricio Ávila
T-1034,Jornada Comités de Vivienda - Región Metropolitana,22/05/2024,externo.204@correo.demo,Javier Arriagada
T-1002,Charla: Déficit Habitacional en Chile,01/11/2023,externo.205@correo.demo,Delfina Norambuena
T-1006,Charla: Déficit Habitacional en Chile,22/02/2026,externo.206@correo.demo,Juan Oliva
T-1019,Webinar: Cómo Postular al Subsidio Habitacional,07/05/2023,externo.207@correo.demo,María Salas
T-1053,Webinar: Cómo Postular al Subsidio Habitacional,19/06/2024,externo.208@correo.demo,Tiare Andrade
T-1021,Asamblea Informativa DS49,09/11/2023,externo.209@correo.demo,Hernán Bórquez
T-1051,Taller Ahorro y Subsidio Habitacional,23/04/2025,externo.210@correo.demo,Oscar Andrade
T-1032,Webinar: Cómo Postular al Subsidio Habitacional,13/04/2023,externo.211@correo.demo,Ana Cortez
T-1001,Taller Subsidio Sectores Medios DS.01,02/02/2024,externo.212@correo.demo,José Gutiérrez
T-1022,Taller Ahorro y Subsidio Habitacional,16/04/2025,externo.213@correo.demo,Luis Parra
T-1013,Taller de Postulación DS19 - Mayo 2026,26/10/2025,externo.214@correo.demo,Felipe González
T-1007,Charla: Déficit Habitacional en Chile,05/10/2024,externo.215@correo.demo,Benjamín Delgado
T-1006,Taller de Postulación DS19 - Mayo 2026,25/04/2025,externo.216@correo.demo,Nelson Parra
T-1005,Taller Subsidio Sectores Medios DS.01,10/05/2024,externo.217@correo.demo,María Castillo
T-1012,Taller de Postulación DS19 - Mayo 2026,23/03/2023,externo.218@correo.demo,Alexandra Cid
T-1045,Asamblea Informativa DS49,02/09/2025,externo.219@correo.demo,Francisco Toledo
T-1027,Jornada Comités de Vivienda - Región Metropolitana,17/11/2025,externo.220@correo.demo,José Villegas
T-1005,Asamblea Informativa DS49,01/03/2023,externo.221@correo.demo,Nelson Orellana
T-1033,Taller Ahorro y Subsidio Habitacional,30/10/2023,externo.222@correo.demo,Petronila Román
T-1002,Taller Ahorro y Subsidio Habitacional,09/10/2023,externo.223@correo.demo,Carmen Silva
T-1055,Taller Subsidio Sectores Medios DS.01,01/11/2024,externo.224@correo.demo,Adelina San Martín
T-1043,Taller Subsidio Sectores Medios DS.01,18/06/2023,externo.225@correo.demo,Julio Carrera
T-1010,Webinar: Cómo Postular al Subsidio Habitacional,25/03/2025,externo.226@correo.demo,Julián Mendoza
T-1004,Webinar: Cómo Postular al Subsidio Habitacional,17/08/2023,externo.227@correo.demo,Francisco Gutiérrez
T-1054,Taller Ahorro y Subsidio Habitacional,24/11/2023,externo.228@correo.demo,Adriana Méndez
T-1017,Jornada Comités de Vivienda - Región Metropolitana,03/12/2023,externo.229@correo.demo,Loreto Araya
T-1019,Webinar: Cómo Postular al Subsidio Habitacional,27/07/2024,externo.230@correo.demo,Romina Rosales
T-1017,Asamblea Informativa DS49,12/02/2024,externo.231@correo.demo,Miguel Barría
T-1000,Taller Subsidio Sectores Medios DS.01,26/05/2025,externo.232@correo.demo,Juana Orellana
T-1021,Taller Ahorro y Subsidio Habitacional,18/05/2025,externo.233@correo.demo,Jimmy Lorca
T-1020,Taller Ahorro y Subsidio Habitacional,13/12/2025,externo.234@correo.demo,Alexander Navarro
T-1045,Taller de Postulación DS19 - Mayo 2026,18/10/2025,externo.235@correo.demo,Leandro Torres
T-1029,Webinar: Cómo Postular al Subsidio Habitacional,18/04/2026,externo.236@correo.demo,Gaspar Reyes
T-1003,Taller Ahorro y Subsidio Habitacional,30/11/2023,externo.237@correo.demo,Edgardo Saavedra
T-1028,Jornada Comités de Vivienda - Región Metropolitana,03/05/2023,externo.238@correo.demo,María Espinoza
T-1019,Webinar: Cómo Postular al Subsidio Habitacional,11/11/2024,externo.239@correo.demo,José Poblete
T-1002,Taller Subsidio Sectores Medios DS.01,21/12/2025,externo.240@correo.demo,Josefa Véliz
T-1015,Taller Subsidio Sectores Medios DS.01,02/01/2026,externo.241@correo.demo,Florencia Rojas
T-1036,Webinar: Cómo Postular al Subsidio Habitacional,19/06/2025,externo.242@correo.demo,Raúl Venegas
T-1027,Taller de Postulación DS19 - Mayo 2026,12/07/2023,externo.243@correo.demo,Fredy Morales
T-1006,Asamblea Informativa DS49,12/12/2024,externo.244@correo.demo,Aladino Alarcón
T-1032,Jornada Comités de Vivienda - Región Metropolitana,23/12/2025,externo.245@correo.demo,Sofía Tapia
T-1036,Taller de Educación Financiera,18/12/2024,externo.246@correo.demo,Eliana Becerra
T-1053,Taller de Postulación DS19 - Mayo 2026,04/05/2026,externo.247@correo.demo,María Briones
T-1017,Taller Subsidio Sectores Medios DS.01,22/10/2025,externo.248@correo.demo,Tomás Soto
T-1023,Webinar: Cómo Postular al Subsidio Habitacional,14/11/2023,externo.249@correo.demo,Cristopher Delgado
