conv_id,date,transcript,num_msgs,email_usuario,preguntas_usuario,resumen,subsidio_recomendado,rsh,con_quien_postula,edad,tiene_propiedad,tiene_subsidio_habitacional,nacionalidad,ingresos,ahorro
CONV-10001,2024-07-17,Voluptatum iure veritatis dignissimos assumenda aliquam.,11,alberto.reyes.demo33197@yahoo.com,"[""culpa""]",Illo tempora adipisci repellendus eaque minus libero.,DS19,60%,Solo,69,No,Sí,Chilena,Más de $1.200.000,Sin ahorro formal
CONV-10002,2025-05-20,Vel voluptate esse eos voluptatibus ex eveniet.,20,alberto.reyes.demo33197@yahoo.com,"[""doloremque"", ""itaque"", ""ipsum"", ""ex""]",Velit temporibus nobis neque mollitia explicabo cumque.,DS49,60%,Otros,51,No,No,Peruana,$400.000 - $600.000,$2.000.000
CONV-10003,2024-10-10,Provident accusamus non cumque. Nemo ratione est. Voluptas eius reiciendis unde.,11,alberto.reyes.demo33197@yahoo.com,"[""asperiores""]",Nesciunt cupiditate dicta.,DS1,No registra,Solo,50,No,Sí,Chilena,$900.001 - $1.200.000,$1.000.000
CONV-10004,2025-08-19,Veritatis autem modi a dolores. Recusandae occaecati ullam unde.,14,florentino.mendoza.demo42954@yahoo.com,"[""vero"", ""beatae"", ""maxime"", ""voluptatibus""]",Molestiae labore molestias vel beatae.,DS19,60%,Solo,43,No,Sí,Chilena,$600.001 - $900.000,$1.000.000
CONV-10005,2025-10-11,Magnam tenetur dicta maiores.,19,juan.rivera.demo48759@gmail.com,"[""libero""]",Officia quos eligendi aut ipsum voluptatum.,Ninguno,No registra,Cónyuge,64,Sí,Sí,Chilena,Más de $1.200.000,$2.000.000
CONV-10006,2025-12-17,Officia consequatur enim sint libero.,14,juan.rivera.demo48759@gmail.com,"[""error"", ""officiis"", ""amet"", ""suscipit""]",Saepe voluptatum laborum quas placeat vero assumenda.,DS1,No registra,Otros,60,No,Sí,Colombiana,$400.000 - $600.000,Sin ahorro formal
CONV-10007,2024-07-01,Odit ipsa molestiae. Enim provident repudiandae.,7,javier.barria.demo5119@outlook.com,"[""facere"", ""consectetur"", ""reprehenderit"", ""dolore""]",Reprehenderit accusantium et.,Pendiente evaluación,No registra,Cónyuge,31,Sí,Sí,Chilena,$600.001 - $900.000,Sin ahorro formal
CONV-10008,2025-06-24,Reprehenderit veniam temporibus quidem temporibus deserunt sunt.,20,juan.maturana.demo42996@outlook.com,"[""fugiat"", ""ullam"", ""debitis"", ""officia""]",Unde et commodi quidem repellat hic in.,DS1,No registra,Otros,31,No,Sí,Chilena,$600.001 - $900.000,$500.000
CONV-10009,2025-07-17,Commodi et harum voluptas eum.,15,emma.sanhueza.demo40369@outlook.com,"[""vel"", ""repellendus""]",Incidunt nemo molestias odio qui vel voluptatibus.,Pendiente evaluación,80%,Solo,23,No,Sí,Colombiana,$600.001 - $900.000,$2.000.000
CONV-10010,2025-09-07,Placeat cum eum ducimus earum iusto possimus.,25,vanessa.gonzalez.demo32067@gmail.com,"[""voluptatum"", ""laboriosam"", ""quo"", ""quidem""]",Soluta eligendi nisi consequuntur.,DS1,No registra,Solo,25,No,Sí,Chilena,$600.001 - $900.000,Sin ahorro formal
CONV-10011,2025-06-13,Perspiciatis explicabo consequuntur sapiente repellat doloremque non.,24,nelson.marquez.demo37543@hotmail.com,"[""quae""]",Suscipit laborum error.,Ninguno,60%,Familia,21,No,Sí,Venezolana,Más de $1.200.000,$500.000
CONV-10012,2025-02-15,Nostrum vero a quod. Atque nobis vel consequatur.,12,nelson.marquez.demo37543@hotmail.com,"[""vitae""]",Asperiores tempora error eaque architecto.,DS19,60%,Cónyuge,65,No,Sí,Chilena,$400.000 - $600.000,$500.000
CONV-10013,2026-05-06,Vero eius porro blanditiis.,12,juan.herrera.demo37406@yahoo.com,"[""voluptas"", ""itaque"", ""ipsam""]",Vero mollitia minima aspernatur quidem enim qui.,Pendiente evaluación,80%,Solo,46,Sí,No,Chilena,Más de $1.200.000,$1.000.000
CONV-10014,2025-02-15,In sapiente fugiat quidem id. Possimus architecto officia dolorum totam totam.,5,luis.olivares.demo22479@yahoo.com,"[""officiis"", ""cum"", ""repellendus""]",Dolore deserunt dolorum nesciunt ex maxime.,Pendiente evaluación,60%,Familia,55,Sí,No,Chilena,Más de $1.200.000,$1.000.000
CONV-10015,2025-09-19,Molestias blanditiis earum nam fuga perferendis.,25,martin.castillo.demo26141@hotmail.com,"[""minima"", ""itaque"", ""alias""]",Hic nobis saepe deserunt deserunt suscipit saepe.,DS19,60%,Otros,41,Sí,No,Chilena,$600.001 - $900.000,$2.000.000
CONV-10016,2025-09-18,Maiores similique eligendi delectus.,24,francisco.sepulveda.demo26989@hotmail.com,"[""velit"", ""possimus"", ""aliquid"", ""iure""]",Ipsa possimus a.,Pendiente evaluación,No registra,Otros,34,Sí,No,Chilena,$600.001 - $900.000,$1.000.000
CONV-10017,2024-11-18,Vero voluptatibus odio architecto optio.,21,karen.araya.demo20404@hotmail.com,"[""ex"", ""corporis"", ""aliquam"", ""atque""]",Laboriosam rerum nisi vero non.,Pendiente evaluación,No registra,Solo,52,No,No,Chilena,$400.000 - $600.000,$2.000.000
CONV-10018,2024-09-19,Maiores temporibus veniam error minima.,3,elvis.vilches.demo13496@outlook.com,"[""neque"", ""sit"", ""totam""]",Possimus voluptatibus delectus neque nihil reprehenderit nam.,Ninguno,60%,Otros,49,Sí,No,Venezolana,$400.000 - $600.000,$1.000.000
CONV-10019,2026-03-20,Facilis nulla quibusdam vero numquam sequi.,15,loreto.oyarce.demo8537@yahoo.com,"[""voluptatum"", ""ut"", ""tempore""]",Cum ut autem ex accusantium quod dignissimos.,DS49,80%,Familia,48,No,Sí,Chilena,$600.001 - $900.000,$2.000.000
CONV-10020,2025-11-03,Eius similique aut aut vel quidem nesciunt laudantium. Sequi officiis repellat ex sit atque.,22,loreto.oyarce.demo8537@yahoo.com,"[""molestiae""]",Delectus voluptas labore quibusdam accusamus sunt.,DS19,40%,Otros,18,No,Sí,Chilena,$900.001 - $1.200.000,$500.000
CONV-10021,2026-01-24,Officia libero nemo deserunt fugit vero.,4,loreto.oyarce.demo8537@yahoo.com,"[""excepturi"", ""quibusdam"", ""dolores""]",Dolore sequi tenetur culpa libero necessitatibus non.,DS19,60%,Familia,34,No,Sí,Chilena,$600.001 - $900.000,$500.000
CONV-10022,2025-11-03,Labore exercitationem accusamus eius sunt accusantium dolore.,12,romina.diaz.demo23810@outlook.com,"[""facere"", ""facilis"", ""ex""]",Dolor quam magnam a ipsam.,Ninguno,80%,Otros,42,Sí,No,Chilena,$400.000 - $600.000,Sin ahorro formal
CONV-10023,2025-08-02,Aliquam tempore nemo quam. Dolorem aut sunt laborum. Quasi est non sunt quia dolor.,21,romina.diaz.demo23810@outlook.com,"[""ducimus"", ""facere"", ""modi""]",Ipsam fuga architecto illum soluta veritatis.,DS49,No registra,Otros,48,No,No,Chilena,$400.000 - $600.000,Sin ahorro formal
CONV-10024,2026-03-14,Non facere laboriosam aliquid.,17,romina.diaz.demo23810@outlook.com,"[""odit"", ""neque"", ""error"", ""corrupti""]",Nisi ad sequi deleniti nemo.,DS1,60%,Otros,20,Sí,No,Chilena,$900.001 - $1.200.000,$1.000.000
CONV-10025,2025-12-04,Beatae inventore quae qui ipsam aut. Deleniti non sint necessitatibus unde.,17,iris.flores.demo49100@hotmail.com,"[""officia"", ""explicabo""]",Maiores temporibus voluptatibus vel.,DS49,40%,Cónyuge,28,Sí,No,Chilena,$600.001 - $900.000,$1.000.000
CONV-10026,2024-06-24,Dolores esse non officia.,14,aurora.diaz.demo44117@hotmail.com,"[""perspiciatis""]",Ipsa quo hic accusantium.,Pendiente evaluación,80%,Familia,40,No,No,Chilena,$900.001 - $1.200.000,Sin ahorro formal
CONV-10027,2025-06-15,Libero ducimus ut sint repellat animi. Placeat dolores distinctio nemo.,4,jerson.garay.demo50065@yahoo.com,"[""quae""]",Enim alias voluptas dicta.,Ninguno,No registra,Familia,57,No,No,Chilena,$400.000 - $600.000,$1.000.000
CONV-10028,2025-11-02,Nesciunt nemo ducimus temporibus beatae rerum.,7,jerson.garay.demo50065@yahoo.com,"[""recusandae"", ""dolor"", ""adipisci""]",Perspiciatis autem occaecati impedit eaque.,Pendiente evaluación,60%,Solo,59,No,Sí,Venezolana,$600.001 - $900.000,$2.000.000
CONV-10029,2025-04-07,Itaque quia suscipit sunt mollitia sunt cum. Eveniet saepe dicta labore.,18,juan.droguett.demo20753@outlook.com,"[""illo"", ""ducimus"", ""ea""]",Quam impedit nulla accusantium a.,Pendiente evaluación,60%,Solo,53,No,No,Chilena,$400.000 - $600.000,Sin ahorro formal
CONV-10030,2024-10-31,Doloremque ea voluptatem voluptatem occaecati excepturi.,19,juan.droguett.demo20753@outlook.com,"[""praesentium""]",Rem laborum odit dolore.,Ninguno,80%,Cónyuge,36,Sí,Sí,Chilena,Más de $1.200.000,$1.000.000
CONV-10031,2026-03-11,Ducimus maxime distinctio laboriosam aut earum.,3,eduardo.fernandez.demo22056@hotmail.com,"[""est"", ""corporis"", ""minima""]",Cum incidunt dolorem consequatur debitis.,Pendiente evaluación,No registra,Familia,20,Sí,Sí,Chilena,$400.000 - $600.000,$1.000.000
CONV-10032,2025-01-25,Aspernatur consectetur explicabo doloremque ducimus deleniti doloribus.,22,rodrigo.cifuentes.demo21446@outlook.com,"[""temporibus"", ""cum"", ""enim""]",Necessitatibus et magnam esse.,DS49,40%,Familia,26,No,Sí,Chilena,$600.001 - $900.000,$1.000.000
CONV-10033,2025-08-07,Sunt nisi autem saepe voluptatum. Ipsam ex sapiente placeat.,14,alison.galaz.demo42317@hotmail.com,"[""nisi"", ""fugiat"", ""laborum""]",Nihil placeat rem suscipit.,Pendiente evaluación,No registra,Cónyuge,59,Sí,Sí,Chilena,$900.001 - $1.200.000,$1.000.000
CONV-10034,2025-01-01,Possimus consectetur quas doloremque minus.,24,francisco.lizana.demo24017@outlook.com,"[""recusandae"", ""eaque""]",Quam in neque dolor quibusdam nesciunt.,DS19,60%,Otros,54,No,Sí,Chilena,Más de $1.200.000,$2.000.000
CONV-10035,2025-12-09,Consequatur modi nostrum nemo delectus distinctio similique fugit.,19,francisco.lizana.demo24017@outlook.com,"[""laborum"", ""nemo"", ""libero""]",Officia quas architecto nemo.,DS19,80%,Familia,25,Sí,No,Chilena,$600.001 - $900.000,$500.000
CONV-10036,2025-07-23,Maiores minus aliquam optio sunt neque maiores. Facilis accusantium itaque suscipit dolorem fugiat.,20,francisco.lizana.demo24017@outlook.com,"[""facilis"", ""modi""]",Quidem sequi incidunt facere.,DS19,No registra,Solo,63,Sí,No,Chilena,$400.000 - $600.000,$500.000
CONV-10037,2026-01-05,Dicta dicta corrupti velit soluta.,25,francisco.san martin.demo30130@hotmail.com,"[""tempora"", ""nam"", ""consequatur"", ""quos""]",Animi voluptatem molestias facilis voluptas.,DS19,60%,Familia,18,No,Sí,Chilena,Más de $1.200.000,Sin ahorro formal
CONV-10038,2025-02-22,Esse optio possimus velit itaque iure optio illum.,8,francisco.san martin.demo30130@hotmail.com,"[""expedita"", ""repudiandae"", ""unde""]",Corrupti minus quaerat commodi.,DS1,60%,Cónyuge,66,Sí,Sí,Chilena,Más de $1.200.000,$1.000.000
CONV-10039,2025-10-27,Consequuntur quis possimus explicabo aspernatur.,13,colomba.villanueva.demo22757@hotmail.com,"[""non"", ""dolore"", ""labore"", ""eveniet""]",Nulla maiores magni modi nisi.,DS49,60%,Familia,51,Sí,Sí,Chilena,$900.001 - $1.200.000,$1.000.000
CONV-10040,2025-04-17,Placeat earum laudantium dolorem asperiores architecto.,16,colomba.villanueva.demo22757@hotmail.com,"[""molestiae""]",Nesciunt dolor eveniet corrupti.,DS1,60%,Otros,22,Sí,No,Chilena,$600.001 - $900.000,Sin ahorro formal
CONV-10041,2025-04-01,A error molestias inventore.,16,juan.torres.demo14654@yahoo.com,"[""necessitatibus"", ""eligendi""]",Voluptatem neque quo soluta perferendis.,Pendiente evaluación,No registra,Familia,63,No,Sí,Chilena,$400.000 - $600.000,$500.000
CONV-10042,2024-10-23,Assumenda culpa nulla officiis et iste odit.,24,juan.torres.demo14654@yahoo.com,"[""aperiam"", ""deserunt""]",Laboriosam voluptatem voluptate unde hic ipsum quis.,Pendiente evaluación,No registra,Cónyuge,28,Sí,Sí,Venezolana,$400.000 - $600.000,Sin ahorro formal
CONV-10043,2024-11-22,Ad adipisci quaerat voluptatum.,20,rosa.poblete.demo39918@hotmail.com,"[""excepturi"", ""quas""]",Natus architecto eum.,Ninguno,80%,Otros,28,No,Sí,Chilena,$900.001 - $1.200.000,$500.000
CONV-10044,2025-10-01,Non sed iusto. Vel assumenda vel nulla.,23,rosa.poblete.demo39918@hotmail.com,"[""incidunt"", ""maxime"", ""excepturi""]",Perferendis suscipit tenetur distinctio eos corrupti iure ipsum.,Pendiente evaluación,60%,Otros,40,No,Sí,Chilena,$900.001 - $1.200.000,$2.000.000
CONV-10045,2025-01-09,Neque explicabo sunt.,25,rosa.poblete.demo39918@hotmail.com,"[""delectus"", ""debitis"", ""consequuntur"", ""facilis""]",Eaque laborum id eos.,Pendiente evaluación,No registra,Otros,66,No,No,Chilena,$600.001 - $900.000,$2.000.000
CONV-10046,2024-11-30,Ab modi omnis sed voluptatum mollitia commodi. Recusandae blanditiis et sint earum.,10,maximo.barrientos.demo21694@gmail.com,"[""provident"", ""fugiat"", ""perspiciatis""]",Aut porro consequatur.,Ninguno,40%,Familia,29,Sí,No,Venezolana,$900.001 - $1.200.000,Sin ahorro formal
CONV-10047,2025-04-23,Aspernatur excepturi deleniti occaecati.,20,maximo.barrientos.demo21694@gmail.com,"[""iste"", ""nulla"", ""iusto""]",Totam dolores delectus placeat reprehenderit mollitia.,DS49,40%,Familia,20,Sí,No,Chilena,$900.001 - $1.200.000,$1.000.000
CONV-10048,2026-02-16,Eligendi blanditiis hic architecto fuga nobis magnam.,19,maximo.barrientos.demo21694@gmail.com,"[""amet"", ""corporis"", ""eaque"", ""fuga""]",Repudiandae perferendis reiciendis tempore veritatis ratione.,DS1,60%,Otros,41,No,Sí,Chilena,Más de $1.200.000,Sin ahorro formal
CONV-10049,2025-02-17,Dolore totam ducimus tenetur rem molestiae consequuntur provident.,25,carlos.reyes.demo18992@outlook.com,"[""facere""]",Asperiores nesciunt sapiente eaque adipisci est.,DS1,80%,Cónyuge,51,No,No,Chilena,$900.001 - $1.200.000,Sin ahorro formal
CONV-10050,2024-07-15,Nulla praesentium earum blanditiis sit. Hic deleniti ex facilis voluptas.,11,david.pizarro.demo43794@hotmail.com,"[""ullam"", ""facilis""]",Modi earum dicta atque repellat.,Ninguno,40%,Cónyuge,54,No,No,Chilena,$600.001 - $900.000,Sin ahorro formal
CONV-10051,2026-01-27,Tempora ullam aperiam. Aut in ratione voluptatem. Suscipit corporis atque.,4,david.pizarro.demo43794@hotmail.com,"[""facilis"", ""sapiente""]",Aspernatur magnam minima commodi rerum.,DS1,No registra,Solo,47,Sí,Sí,Chilena,$900.001 - $1.200.000,Sin ahorro formal
CONV-10052,2024-07-05,Quis id impedit deleniti. Sit ducimus accusantium consequuntur.,3,maria.castillo.demo51348@yahoo.com,"[""repellat"", ""a""]",Quam quidem sed ipsam sequi placeat amet.,DS49,60%,Solo,20,No,Sí,Chilena,Más de $1.200.000,$500.000
CONV-10053,2026-03-26,Placeat quia nulla nesciunt atque voluptatem ipsum.,17,alejandro.silva.demo42537@hotmail.com,"[""voluptatem"", ""error""]",Veritatis officiis rerum deserunt in dignissimos aliquam.,DS49,40%,Otros,49,Sí,No,Chilena,$900.001 - $1.200.000,$500.000
CONV-10054,2024-11-19,Dolores facilis soluta. Sequi dolor illo maxime cupiditate.,17,marisol.oliva.demo35061@outlook.com,"[""nemo""]",Porro eos quidem alias.,DS19,60%,Familia,58,No,Sí,Chilena,$400.000 - $600.000,$1.000.000
CONV-10055,2025-05-13,Architecto optio itaque.,20,marisol.oliva.demo35061@outlook.com,"[""repellendus""]",Deleniti expedita nemo excepturi doloribus quas quasi.,DS19,No registra,Otros,19,No,No,Chilena,$900.001 - $1.200.000,$500.000
CONV-10056,2024-06-04,Nam provident labore dolores repudiandae necessitatibus.,20,ignacio.vega.demo47127@yahoo.com,"[""magnam""]",Molestiae deleniti nemo voluptatem saepe.,DS1,No registra,Otros,65,Sí,Sí,Chilena,$400.000 - $600.000,$2.000.000
CONV-10057,2024-08-15,Voluptatibus veniam ut temporibus ipsa eos error.,18,ignacio.vega.demo47127@yahoo.com,"[""commodi""]",At nam consequuntur fuga voluptas.,Pendiente evaluación,40%,Cónyuge,37,No,Sí,Chilena,$600.001 - $900.000,$2.000.000
CONV-10058,2025-09-12,Saepe ea ullam qui unde amet placeat porro. Totam ab enim voluptates soluta nam quibusdam.,22,ignacio.vega.demo47127@yahoo.com,"[""quo""]",Exercitationem corrupti porro at.,Ninguno,80%,Cónyuge,19,Sí,No,Venezolana,$900.001 - $1.200.000,$2.000.000
CONV-10059,2025-03-27,Nobis illum provident. Placeat illo ea culpa. Perferendis nesciunt recusandae sint totam.,19,rene.cardenas.demo36718@yahoo.com,"[""dignissimos"", ""illo""]",Rem numquam quos fuga at.,DS49,80%,Cónyuge,46,No,No,Chilena,$900.001 - $1.200.000,$500.000
CONV-10060,2024-06-06,Ullam eaque ipsam consectetur magnam optio consequatur. Harum sapiente quam tempore.,25,rene.cardenas.demo36718@yahoo.com,"[""quod""]",Vitae iure quis pariatur placeat vero.,DS1,80%,Solo,19,No,No,Chilena,$900.001 - $1.200.000,Sin ahorro formal
CONV-10061,2024-09-07,Repudiandae adipisci nemo ad nulla. Fugiat velit ea vitae delectus.,10,maite.cifuentes.demo21436@outlook.com,"[""quod""]",Voluptate ad a porro.,DS1,40%,Otros,65,No,No,Chilena,$600.001 - $900.000,$1.000.000
CONV-10062,2025-10-05,Est ad repudiandae accusamus placeat odio.,25,maite.cifuentes.demo21436@outlook.com,"[""voluptatum"", ""modi"", ""officia"", ""praesentium""]",Culpa repellendus culpa exercitationem.,Pendiente evaluación,No registra,Cónyuge,25,No,No,Chilena,Más de $1.200.000,Sin ahorro formal
CONV-10063,2025-05-31,Illum corrupti ex. Dolorum mollitia adipisci nostrum repellat sequi a.,13,maite.cifuentes.demo21436@outlook.com,"[""laborum"", ""a"", ""consectetur""]",Quis corrupti saepe fugiat itaque ipsum numquam.,Ninguno,80%,Otros,50,Sí,Sí,Chilena,$900.001 - $1.200.000,$1.000.000
CONV-10064,2024-11-11,Ex quia blanditiis expedita perspiciatis necessitatibus quisquam.,8,francisco.ulloa.demo23167@gmail.com,"[""deserunt"", ""blanditiis"", ""modi"", ""perspiciatis""]",Magni veniam incidunt.,Ninguno,80%,Familia,62,Sí,No,Venezolana,$400.000 - $600.000,$500.000
CONV-10065,2025-01-30,Eum occaecati consectetur expedita expedita possimus optio.,5,carolina.reyes.demo38443@gmail.com,"[""aut""]",Neque quam dolorum numquam soluta saepe tempore.,Ninguno,No registra,Solo,70,No,No,Venezolana,$400.000 - $600.000,$1.000.000
CONV-10066,2025-09-22,Vitae voluptate a. Soluta aspernatur eos quia.,7,carolina.reyes.demo38443@gmail.com,"[""architecto"", ""laboriosam""]",Recusandae repellat et incidunt.,Ninguno,80%,Familia,43,Sí,No,Chilena,$400.000 - $600.000,Sin ahorro formal
CONV-10067,2024-07-03,Nihil optio animi itaque distinctio.,23,carolina.reyes.demo38443@gmail.com,"[""aliquam"", ""minima"", ""illum"", ""vero""]",Magni error pariatur placeat asperiores.,DS49,No registra,Familia,27,Sí,No,Chilena,$600.001 - $900.000,$1.000.000
CONV-10068,2024-06-14,In mollitia sit tenetur molestiae vel minus placeat.,15,maria.riffo.demo49485@hotmail.com,"[""dignissimos""]",Possimus magni maiores ad temporibus ut ipsum.,Pendiente evaluación,80%,Familia,48,Sí,No,Chilena,$900.001 - $1.200.000,Sin ahorro formal
CONV-10069,2025-08-02,Quidem non voluptate neque architecto quo architecto.,22,maria.riffo.demo49485@hotmail.com,"[""nam"", ""assumenda""]",Exercitationem aliquid reiciendis architecto occaecati vero aliquid.,DS19,80%,Familia,37,Sí,No,Chilena,$900.001 - $1.200.000,$2.000.000
CONV-10070,2025-06-20,Corrupti assumenda fugit beatae.,24,maria.riffo.demo49485@hotmail.com,"[""molestias""]",Commodi consequatur occaecati minus.,Ninguno,60%,Cónyuge,51,Sí,No,Chilena,$900.001 - $1.200.000,$1.000.000
CONV-10071,2025-05-29,Facere ipsum nihil et maxime voluptates.,7,ivan.pacheco.demo18057@gmail.com,"[""dicta"", ""tempore""]",Eius cumque voluptate dignissimos porro et.,Ninguno,No registra,Familia,67,Sí,Sí,Chilena,$600.001 - $900.000,$500.000
CONV-10072,2025-02-24,Consectetur a perferendis ut. Quas nihil optio facilis fugit nostrum.,16,ivan.pacheco.demo18057@gmail.com,"[""officia"", ""alias""]",Cum debitis ratione praesentium repudiandae.,Ninguno,No registra,Otros,54,Sí,Sí,Chilena,$600.001 - $900.000,$500.000
CONV-10073,2025-08-28,Velit excepturi porro rerum quisquam totam.,25,ivan.pacheco.demo18057@gmail.com,"[""impedit"", ""ipsa"", ""fuga""]",Quos dignissimos magni iure blanditiis itaque incidunt.,Ninguno,40%,Otros,43,No,No,Chilena,$900.001 - $1.200.000,Sin ahorro formal
CONV-10074,2024-11-02,Quidem est voluptas placeat culpa dolorem.,16,fredy.aguayo.demo41393@outlook.com,"[""eaque""]",Iste excepturi quo rerum assumenda quidem sint tempore.,DS1,80%,Cónyuge,69,Sí,No,Chilena,$900.001 - $1.200.000,$2.000.000
CONV-10075,2026-04-21,Reprehenderit beatae facilis inventore eum a.,8,fredy.aguayo.demo41393@outlook.com,"[""officia""]",Illo accusantium cumque perspiciatis odit.,DS49,40%,Familia,58,No,No,Venezolana,$600.001 - $900.000,$1.000.000
CONV-10076,2025-04-23,Porro animi pariatur libero atque iusto. Molestias voluptatum et.,9,fredy.aguayo.demo41393@outlook.com,"[""optio"", ""consequatur"", ""ad""]",Neque illo sunt accusantium fugit odio.,Pendiente evaluación,40%,Solo,20,No,Sí,Chilena,$400.000 - $600.000,$2.000.000
CONV-10077,2025-06-16,Explicabo quo repudiandae pariatur aliquam eveniet.,20,silvia.guerrero.demo26019@hotmail.com,"[""distinctio"", ""unde""]",Voluptates libero eaque harum delectus excepturi.,Pendiente evaluación,60%,Cónyuge,65,Sí,No,Chilena,$400.000 - $600.000,$500.000
CONV-10078,2026-05-24,Nihil occaecati saepe doloribus ut. Nesciunt vel tempora.,11,silvia.guerrero.demo26019@hotmail.com,"[""assumenda""]",Eveniet corrupti molestiae consequuntur ducimus quis quibusdam fuga.,DS19,80%,Familia,67,Sí,No,Chilena,$600.001 - $900.000,Sin ahorro formal
CONV-10079,2025-04-08,Eaque sit nostrum cum deserunt. Corporis eum recusandae reprehenderit alias commodi ipsum.,3,monserrat.galaz.demo50289@hotmail.com,"[""cum"", ""magnam"", ""temporibus""]",Tempora similique ad laboriosam error.,Pendiente evaluación,No registra,Otros,49,No,Sí,Colombiana,$400.000 - $600.000,$500.000
CONV-10080,2025-04-11,Omnis alias laudantium omnis id.,6,dominga.tapia.demo31467@outlook.com,"[""ut"", ""unde"", ""mollitia""]",Dolorum corrupti enim natus.,DS19,80%,Otros,69,Sí,No,Chilena,$400.000 - $600.000,Sin ahorro formal
CONV-10081,2024-09-21,Voluptas deleniti dignissimos hic veniam.,25,yolanda.robles.demo17106@outlook.com,"[""rem""]",Vitae repudiandae possimus veritatis.,DS1,60%,Familia,44,Sí,Sí,Chilena,$600.001 - $900.000,$1.000.000
CONV-10082,2024-09-18,Dolor eos neque ad molestiae.,10,hilda.soto.demo22762@outlook.com,"[""eaque"", ""iusto"", ""aperiam"", ""asperiores""]",Similique nobis exercitationem quo ipsam dolorem esse doloremque.,Pendiente evaluación,60%,Cónyuge,30,No,No,Venezolana,$900.001 - $1.200.000,$1.000.000
CONV-10083,2025-12-16,Maiores alias animi pariatur nulla laborum.,10,hilda.soto.demo22762@outlook.com,"[""cupiditate""]",Nihil quaerat aspernatur porro magni sint.,DS49,No registra,Solo,39,No,Sí,Chilena,Más de $1.200.000,$1.000.000
CONV-10084,2025-07-04,Cum praesentium aliquid nisi. Optio quam officiis ad.,20,hilda.soto.demo22762@outlook.com,"[""minus""]",Fugiat tempora optio ea excepturi.,DS49,60%,Cónyuge,62,No,Sí,Chilena,$400.000 - $600.000,$2.000.000
CONV-10085,2025-08-19,Corporis necessitatibus occaecati.,11,eliana.vega.demo14186@yahoo.com,"[""similique"", ""dicta"", ""ullam"", ""fuga""]",Non ipsum veniam.,Pendiente evaluación,40%,Otros,35,Sí,No,Chilena,$400.000 - $600.000,$2.000.000
CONV-10086,2025-09-09,Unde alias repudiandae iusto deserunt error ex eaque.,6,eliana.vega.demo14186@yahoo.com,"[""soluta"", ""sint""]",Adipisci nesciunt perspiciatis ea hic.,DS49,60%,Otros,30,Sí,Sí,Chilena,Más de $1.200.000,$500.000
CONV-10087,2025-01-08,Aspernatur dolorum totam dolor ea quos sit.,25,valentina.rojas.demo30198@yahoo.com,"[""ipsam"", ""quos""]",Ab corporis atque perspiciatis ut aspernatur alias.,DS1,40%,Solo,49,Sí,Sí,Chilena,$400.000 - $600.000,Sin ahorro formal
CONV-10088,2025-02-18,Modi voluptatum ad cum. Iste id consectetur necessitatibus nemo nam.,22,romina.fuentes.demo49@hotmail.com,"[""laudantium"", ""dignissimos""]",Aperiam officiis illum voluptatibus harum culpa perferendis.,Ninguno,80%,Familia,19,Sí,Sí,Chilena,$600.001 - $900.000,$1.000.000
CONV-10089,2025-10-31,Dolorem saepe autem quod consectetur necessitatibus eveniet facere.,17,romina.fuentes.demo49@hotmail.com,"[""rem"", ""quasi"", ""atque"", ""possimus""]",Nulla quidem expedita exercitationem cupiditate.,DS49,80%,Familia,51,No,No,Chilena,$400.000 - $600.000,Sin ahorro formal
CONV-10090,2026-04-08,Eum quisquam aliquid ad delectus excepturi deleniti cupiditate.,7,leandro.cartes.demo49900@yahoo.com,"[""quisquam"", ""reprehenderit""]",Sed consequatur quaerat sunt explicabo et.,Pendiente evaluación,80%,Otros,67,Sí,No,Chilena,$900.001 - $1.200.000,$1.000.000
CONV-10091,2025-02-23,Accusantium saepe eum iusto error odit atque ducimus.,7,leandro.cartes.demo49900@yahoo.com,"[""ipsum"", ""saepe""]",Laborum animi laudantium dicta.,Pendiente evaluación,40%,Cónyuge,65,No,Sí,Chilena,$900.001 - $1.200.000,Sin ahorro formal
CONV-10092,2025-10-24,Et modi neque cum nemo facilis. Et officia suscipit.,24,leandro.cartes.demo49900@yahoo.com,"[""quibusdam"", ""commodi"", ""laudantium""]",Sequi debitis numquam delectus.,DS49,No registra,Cónyuge,32,No,Sí,Chilena,$600.001 - $900.000,$1.000.000
CONV-10093,2024-08-30,Mollitia aut voluptatem debitis explicabo nam. Ad fugiat magni.,5,cristian.arenas.demo32074@gmail.com,"[""esse"", ""ipsa"", ""ducimus""]",Illum distinctio quaerat quidem porro quas nam.,Ninguno,40%,Cónyuge,26,No,Sí,Chilena,Más de $1.200.000,$2.000.000
CONV-10094,2026-02-13,Nisi impedit iure necessitatibus. Architecto veritatis quae id.,20,cristian.arenas.demo32074@gmail.com,"[""nesciunt"", ""accusantium"", ""assumenda""]",Magnam illo quia magnam optio numquam sit.,DS49,No registra,Solo,30,No,No,Chilena,$600.001 - $900.000,$500.000
CONV-10095,2025-03-29,Quia et optio dolorum praesentium sunt.,18,cristian.arenas.demo32074@gmail.com,"[""amet"", ""autem"", ""exercitationem"", ""eaque""]",Sequi error quam laudantium dolor.,Ninguno,No registra,Familia,67,No,No,Chilena,$900.001 - $1.200.000,$2.000.000
CONV-10096,2024-06-13,Ipsam magnam vel non.,12,gustavo.benavides.demo51591@outlook.com,"[""nostrum""]",Sit non inventore reprehenderit eius reprehenderit.,Pendiente evaluación,60%,Solo,68,No,Sí,Chilena,$400.000 - $600.000,$500.000
CONV-10097,2024-08-11,Maxime quidem eos delectus quidem deleniti.,25,gustavo.benavides.demo51591@outlook.com,"[""quas"", ""incidunt""]",Architecto quas fuga dolor.,Pendiente evaluación,60%,Cónyuge,61,Sí,No,Chilena,$600.001 - $900.000,$2.000.000
CONV-10098,2025-10-09,Alias illum fuga. Commodi iusto esse accusantium dolores.,24,karla.reyes.demo26181@yahoo.com,"[""autem"", ""minima""]",Mollitia mollitia libero architecto cumque ut qui.,Pendiente evaluación,40%,Familia,53,Sí,No,Chilena,Más de $1.200.000,$500.000
CONV-10099,2025-06-16,Amet vitae aliquam. Hic error qui quisquam quidem. Repellat voluptate dicta ratione.,21,karla.reyes.demo26181@yahoo.com,"[""suscipit"", ""commodi"", ""rem"", ""eius""]",Aut voluptate tempora.,DS49,40%,Cónyuge,48,No,No,Chilena,$600.001 - $900.000,Sin ahorro formal
CONV-10100,2025-07-09,Deleniti quod odit distinctio inventore.,11,erwin.munoz.demo34466@yahoo.com,"[""tempora"", ""maiores"", ""ipsam"", ""quibusdam""]",Ea reprehenderit explicabo fuga eos.,DS19,60%,Otros,31,No,No,Chilena,Más de $1.200.000,Sin ahorro formal
CONV-10101,2026-01-09,Debitis mollitia asperiores amet.,11,bernarda.rodriguez.demo42631@outlook.com,"[""voluptate""]",Quae modi impedit expedita vel alias.,DS49,80%,Cónyuge,18,No,Sí,Chilena,$400.000 - $600.000,$1.000.000
CONV-10102,2025-11-26,Rerum porro nulla deleniti. Quod minima minima nobis eveniet.,13,gabriela.fuentes.demo46716@outlook.com,"[""dolore"", ""perferendis"", ""voluptatibus""]",Debitis alias nihil.,DS1,60%,Cónyuge,43,No,Sí,Chilena,$600.001 - $900.000,$1.000.000
CONV-10103,2026-04-03,Eligendi error omnis impedit in ad fuga.,14,gabriela.fuentes.demo46716@outlook.com,"[""soluta""]",Quia ullam tenetur laborum.,Ninguno,No registra,Cónyuge,41,No,No,Chilena,Más de $1.200.000,$500.000
CONV-10104,2025-06-06,Magni voluptate earum reiciendis aut aliquam ipsam. Sit eveniet ad earum.,3,gabriela.fuentes.demo46716@outlook.com,"[""eaque"", ""quibusdam""]",Tempora vitae asperiores velit porro consectetur incidunt debitis.,DS1,60%,Otros,60,Sí,Sí,Chilena,Más de $1.200.000,$500.000
CONV-10105,2026-01-09,Modi ea provident iusto reprehenderit.,25,camila.lopez.demo6360@hotmail.com,"[""doloremque"", ""blanditiis"", ""facilis""]",Dolor omnis necessitatibus dolorem.,DS49,60%,Familia,18,Sí,No,Chilena,$900.001 - $1.200.000,$1.000.000
CONV-10106,2026-02-15,Ipsam nulla itaque velit iure facere vel odio. Hic culpa vel similique.,23,camila.lopez.demo6360@hotmail.com,"[""exercitationem"", ""numquam"", ""natus""]",Eum omnis repellendus quis reiciendis quisquam eveniet.,Pendiente evaluación,60%,Cónyuge,19,Sí,No,Chilena,$600.001 - $900.000,$2.000.000
CONV-10107,2026-01-17,Ducimus ullam veritatis.,17,fernanda.barahona.demo40826@hotmail.com,"[""qui"", ""ipsa""]",Exercitationem assumenda exercitationem vitae fuga ullam.,DS49,40%,Solo,62,Sí,Sí,Venezolana,$600.001 - $900.000,$500.000
CONV-10108,2025-10-03,Tempore animi earum. Veniam sed facilis iusto.,6,fernanda.barahona.demo40826@hotmail.com,"[""est"", ""nemo"", ""eaque"", ""ducimus""]",Eligendi asperiores quam.,DS1,40%,Solo,29,No,No,Chilena,$600.001 - $900.000,$1.000.000
CONV-10109,2024-11-20,Vero reprehenderit sed natus aliquid non excepturi.,22,daniel.castaneda.demo29804@hotmail.com,"[""culpa"", ""architecto""]",Et neque quisquam necessitatibus non sunt.,DS19,40%,Familia,67,No,No,Chilena,Más de $1.200.000,$1.000.000
CONV-10110,2025-05-19,Harum aliquid beatae. Alias omnis fugit expedita porro similique.,22,daniel.castaneda.demo29804@hotmail.com,"[""occaecati"", ""magni"", ""doloribus"", ""excepturi""]",Delectus sed architecto corporis vel officiis.,Pendiente evaluación,No registra,Otros,18,No,No,Venezolana,Más de $1.200.000,$2.000.000
CONV-10111,2026-04-20,Voluptatibus dolore eos magni tenetur.,24,alonso.jaramillo.demo26312@yahoo.com,"[""iure"", ""hic"", ""rerum"", ""fugiat""]",In enim placeat.,Pendiente evaluación,40%,Solo,52,No,No,Peruana,$400.000 - $600.000,$500.000
CONV-10112,2024-11-22,Occaecati tempora vero natus nostrum.,13,alonso.jaramillo.demo26312@yahoo.com,"[""voluptate"", ""nam""]",Voluptate alias accusantium sunt.,DS19,40%,Familia,63,Sí,Sí,Chilena,$900.001 - $1.200.000,$500.000
CONV-10113,2024-09-29,Temporibus pariatur quae modi ex aut. Recusandae saepe velit illum aut.,9,luis.ruz.demo48569@outlook.com,"[""facere""]",Explicabo debitis minus tempora.,DS19,No registra,Solo,53,No,Sí,Chilena,$600.001 - $900.000,Sin ahorro formal
CONV-10114,2024-11-08,Natus temporibus sed minima distinctio qui reiciendis voluptas.,6,matias.acuna.demo20541@outlook.com,"[""minus"", ""adipisci""]",Cum corporis earum natus assumenda quaerat.,DS19,40%,Familia,22,No,Sí,Chilena,Más de $1.200.000,$1.000.000
CONV-10115,2025-03-08,A similique cumque occaecati ad nemo mollitia.,25,matias.acuna.demo20541@outlook.com,"[""ad"", ""explicabo""]",Quae ad cumque soluta.,DS1,60%,Solo,33,Sí,No,Chilena,$900.001 - $1.200.000,$500.000
CONV-10116,2025-11-23,Temporibus enim dicta omnis.,22,matias.acuna.demo20541@outlook.com,"[""eos""]",Optio dicta blanditiis dignissimos officiis.,Pendiente evaluación,60%,Solo,19,No,Sí,Chilena,$400.000 - $600.000,$1.000.000
CONV-10117,2025-07-25,Quae ratione eum. Tempora quia in nulla.,7,alfonso.madariaga.demo40711@gmail.com,"[""nesciunt"", ""asperiores"", ""expedita""]",Fugiat repellendus labore ea.,Ninguno,40%,Solo,19,No,No,Venezolana,$900.001 - $1.200.000,$500.000
CONV-10118,2025-04-15,Provident alias voluptas velit similique itaque.,6,jose.vega.demo21201@gmail.com,"[""adipisci""]",Facere explicabo animi animi.,DS19,80%,Solo,58,Sí,Sí,Venezolana,$400.000 - $600.000,$2.000.000
CONV-10119,2024-12-22,Molestias possimus sed fugiat.,24,mario.flores.demo38765@gmail.com,"[""quasi"", ""expedita"", ""tenetur"", ""officia""]",Rerum nesciunt aliquam ipsam quod deleniti laborum.,DS1,40%,Solo,52,Sí,No,Chilena,Más de $1.200.000,$500.000
CONV-10120,2026-04-11,Veniam delectus ab quasi. Architecto ut dolor magnam magni dignissimos.,9,mario.flores.demo38765@gmail.com,"[""harum"", ""dolor"", ""molestiae"", ""deserunt""]",Nostrum repellat neque ipsum.,DS19,80%,Solo,47,Sí,Sí,Chilena,$400.000 - $600.000,$500.000
CONV-10121,2025-05-01,Reprehenderit recusandae a totam animi.,25,irene.villarroel.demo49353@hotmail.com,"[""ut"", ""neque""]",Fugiat quibusdam deleniti voluptatibus blanditiis assumenda.,Ninguno,80%,Familia,26,No,No,Chilena,$400.000 - $600.000,$2.000.000
CONV-10122,2025-05-16,Temporibus totam doloremque earum animi.,9,irene.villarroel.demo49353@hotmail.com,"[""reprehenderit""]",Maiores saepe facere dolorem ea eligendi.,Pendiente evaluación,60%,Familia,56,No,No,Chilena,$900.001 - $1.200.000,$500.000
CONV-10123,2024-11-04,Tempora repellendus facilis voluptatem eveniet corrupti.,3,magaly.arias.demo13041@yahoo.com,"[""a"", ""debitis"", ""provident""]",Dicta perspiciatis nemo hic culpa cumque.,Ninguno,80%,Cónyuge,45,No,Sí,Chilena,Más de $1.200.000,$500.000
CONV-10124,2025-12-31,Cum quidem quidem nesciunt quae error.,7,magaly.arias.demo13041@yahoo.com,"[""quas"", ""delectus"", ""necessitatibus"", ""at""]",Consequuntur reprehenderit reprehenderit corporis laborum.,DS1,80%,Cónyuge,45,No,Sí,Chilena,$900.001 - $1.200.000,$1.000.000
CONV-10125,2026-03-15,Veritatis impedit reiciendis culpa in magni sint.,7,magaly.arias.demo13041@yahoo.com,"[""minus""]",Possimus vitae quibusdam sint.,DS1,60%,Solo,23,No,No,Venezolana,$900.001 - $1.200.000,$2.000.000
CONV-10126,2025-04-07,Odio voluptate error accusamus. Dolore exercitationem esse fugit.,5,renato.molina.demo37254@hotmail.com,"[""laborum"", ""praesentium"", ""reprehenderit""]",Iusto vitae aliquam cumque dicta beatae ad.,DS19,60%,Otros,41,No,Sí,Chilena,$400.000 - $600.000,$2.000.000
CONV-10127,2024-08-29,Commodi labore adipisci sequi illum. Tenetur nulla necessitatibus nostrum.,5,renato.molina.demo37254@hotmail.com,"[""repudiandae"", ""atque"", ""veritatis""]",Earum beatae incidunt provident molestias.,Pendiente evaluación,60%,Familia,22,No,No,Chilena,$400.000 - $600.000,$500.000
CONV-10128,2026-03-17,Ipsam est ullam deserunt.,14,renato.molina.demo37254@hotmail.com,"[""ipsam"", ""iure"", ""error"", ""doloribus""]",Sapiente rem ex ut.,DS49,40%,Cónyuge,24,No,Sí,Chilena,$400.000 - $600.000,Sin ahorro formal
CONV-10129,2025-03-15,Eum harum cupiditate et voluptatum. Neque odio fugiat deleniti ipsum facere.,16,manuel.vallejos.demo36638@outlook.com,"[""aut"", ""debitis"", ""repudiandae"", ""libero""]",Porro vero atque dolore.,Pendiente evaluación,40%,Otros,36,Sí,Sí,Chilena,$400.000 - $600.000,Sin ahorro formal
CONV-10130,2025-01-26,Sunt commodi ea praesentium doloribus placeat odit.,16,manuel.vallejos.demo36638@outlook.com,"[""aspernatur"", ""fugiat"", ""ipsa"", ""praesentium""]",Repellendus rerum illo temporibus.,DS49,No registra,Familia,34,Sí,No,Chilena,Más de $1.200.000,$500.000
CONV-10131,2025-06-22,Dolores atque molestiae tempora saepe ea. Consequuntur quam possimus earum.,7,manuel.vallejos.demo36638@outlook.com,"[""corrupti"", ""corrupti"", ""aut""]",Cumque repellendus animi porro.,Pendiente evaluación,No registra,Familia,47,No,No,Chilena,$900.001 - $1.200.000,$500.000
CONV-10132,2024-10-26,Eveniet tempora at libero illo.,14,juan.barraza.demo25858@gmail.com,"[""distinctio"", ""exercitationem"", ""dicta"", ""quasi""]",Ullam quibusdam sint.,Pendiente evaluación,80%,Familia,49,No,Sí,Chilena,Más de $1.200.000,$1.000.000
CONV-10133,2024-08-18,Totam iure debitis cum ex quis.,21,claudio.rojas.demo11775@hotmail.com,"[""non"", ""est"", ""esse"", ""reiciendis""]",Doloremque laborum rem reprehenderit aliquid facilis.,Ninguno,80%,Familia,63,No,No,Chilena,$600.001 - $900.000,$500.000
CONV-10134,2026-03-14,Beatae qui consequatur quos. Repellendus aut excepturi eveniet nam delectus.,8,claudio.rojas.demo11775@hotmail.com,"[""iste"", ""fugit"", ""dicta""]",Sed unde possimus dolorum.,Ninguno,80%,Familia,59,Sí,Sí,Peruana,Más de $1.200.000,$500.000
CONV-10135,2025-05-19,Quibusdam ratione impedit expedita unde suscipit.,15,claudio.rojas.demo11775@hotmail.com,"[""saepe"", ""quisquam""]",Officiis nemo alias dolores.,DS19,No registra,Solo,18,Sí,Sí,Chilena,Más de $1.200.000,Sin ahorro formal
CONV-10136,2025-01-30,Doloremque expedita ducimus iure pariatur.,6,monica.gallegos.demo51136@outlook.com,"[""aut""]",Fugit qui voluptate adipisci sit.,DS1,No registra,Otros,29,No,Sí,Chilena,$900.001 - $1.200.000,$2.000.000
CONV-10137,2024-09-05,Nam eveniet eum consectetur.,19,monica.gallegos.demo51136@outlook.com,"[""vel"", ""quisquam"", ""quas""]",Fugit nihil repellendus hic laboriosam fugiat.,DS1,40%,Otros,51,No,No,Chilena,Más de $1.200.000,Sin ahorro formal
CONV-10138,2025-03-04,Eos aliquam quam similique sapiente aliquam.,11,maria.medina.demo3794@outlook.com,"[""illo"", ""eos""]",Non commodi amet reiciendis dolorum recusandae.,Pendiente evaluación,60%,Cónyuge,55,Sí,No,Chilena,Más de $1.200.000,$2.000.000
CONV-10139,2025-10-09,Recusandae vel ex rerum. Ipsam minus excepturi eum rem.,4,elias.quiroz.demo9752@hotmail.com,"[""aliquam""]",Suscipit odio iste.,Pendiente evaluación,60%,Otros,39,Sí,No,Chilena,$900.001 - $1.200.000,$1.000.000
CONV-10140,2024-09-21,Error neque architecto quibusdam nesciunt.,12,macarena.maldonado.demo24030@outlook.com,"[""molestias"", ""sed""]",Deserunt fugit impedit fugiat.,Pendiente evaluación,60%,Solo,21,Sí,No,Chilena,Más de $1.200.000,$1.000.000
CONV-10141,2025-04-29,Aliquam nulla laboriosam explicabo.,12,macarena.maldonado.demo24030@outlook.com,"[""veritatis""]",Sint id impedit veniam adipisci.,DS19,40%,Familia,70,No,No,Chilena,$400.000 - $600.000,Sin ahorro formal
CONV-10142,2025-08-06,Reiciendis doloremque alias molestiae labore error repellendus.,14,macarena.maldonado.demo24030@outlook.com,"[""illum"", ""ducimus""]",Enim dicta esse laudantium ut pariatur voluptatum.,Ninguno,40%,Familia,70,Sí,No,Chilena,$400.000 - $600.000,$500.000
CONV-10143,2025-06-25,Voluptate aliquam inventore doloribus.,23,francisca.carrera.demo7021@hotmail.com,"[""ab""]",Ad eos cumque nisi corrupti ex consequatur aliquid.,DS1,80%,Familia,52,Sí,Sí,Chilena,$600.001 - $900.000,Sin ahorro formal
CONV-10144,2024-07-08,Ratione quod error repellat incidunt. Eveniet commodi ratione at sunt.,12,osvaldo.serrano.demo50997@gmail.com,"[""ut""]",Consequatur nihil laboriosam in velit nam.,DS1,40%,Solo,22,No,No,Chilena,$600.001 - $900.000,$1.000.000
CONV-10145,2025-09-03,Repellat ex ipsa quia unde.,11,osvaldo.serrano.demo50997@gmail.com,"[""quaerat"", ""maiores"", ""corporis""]",Eum beatae consequatur.,DS1,60%,Familia,66,No,Sí,Chilena,$600.001 - $900.000,$1.000.000
CONV-10146,2026-04-27,Deserunt illo nulla non expedita atque esse ab.,22,osvaldo.serrano.demo50997@gmail.com,"[""voluptas""]",Quos magni itaque reprehenderit.,DS49,60%,Otros,26,No,Sí,Chilena,Más de $1.200.000,$500.000
CONV-10147,2024-10-23,Excepturi unde sunt.,10,marlene.leal.demo25477@gmail.com,"[""iusto"", ""neque"", ""eligendi"", ""ducimus""]",Laboriosam deleniti quisquam.,DS19,80%,Cónyuge,57,No,No,Chilena,$400.000 - $600.000,Sin ahorro formal
CONV-10148,2024-08-26,Laboriosam quos ea expedita alias fuga. Labore pariatur nisi quaerat minus deserunt.,15,marlene.leal.demo25477@gmail.com,"[""provident""]",Ut vel amet autem accusamus quibusdam ipsam.,DS1,40%,Cónyuge,67,Sí,Sí,Chilena,Más de $1.200.000,$1.000.000
CONV-10149,2024-12-13,Tempore placeat earum voluptatum. Rem distinctio suscipit maiores.,9,marlene.leal.demo25477@gmail.com,"[""saepe"", ""eos""]",Ipsum perferendis molestias earum impedit deleniti.,Ninguno,40%,Familia,28,Sí,Sí,Chilena,$900.001 - $1.200.000,$500.000
CONV-10150,2026-04-26,Ullam dolorum doloremque ipsum illo.,20,maria.hernandez.demo44024@outlook.com,"[""eum""]",Voluptatem ullam rem ad est qui.,Ninguno,60%,Otros,25,Sí,No,Chilena,$400.000 - $600.000,$2.000.000
CONV-10151,2024-09-21,Hic nostrum optio.,15,maria.hernandez.demo44024@outlook.com,"[""maxime""]",Praesentium quis aliquam minus.,Ninguno,40%,Cónyuge,22,Sí,No,Chilena,Más de $1.200.000,$1.000.000
CONV-10152,2024-08-03,Modi velit ab et hic. Nihil quasi minus ut modi tenetur.,17,maria.hernandez.demo44024@outlook.com,"[""sapiente"", ""accusamus"", ""nisi"", ""dicta""]",Facere a autem quae nihil mollitia.,Ninguno,40%,Solo,58,No,Sí,Chilena,Más de $1.200.000,Sin ahorro formal
CONV-10153,2025-08-08,Laboriosam repellat repudiandae neque. Quam rem eum inventore porro.,22,raquel.ortega.demo41499@hotmail.com,"[""commodi"", ""nostrum"", ""incidunt""]",Dignissimos ea esse debitis atque illo reprehenderit.,Ninguno,80%,Cónyuge,58,Sí,No,Venezolana,$400.000 - $600.000,$500.000
CONV-10154,2025-06-14,Doloremque unde excepturi et.,25,carlos.nunez.demo14858@hotmail.com,"[""minima"", ""error""]",Cumque reiciendis quidem quod dignissimos neque.,Ninguno,60%,Cónyuge,54,No,Sí,Chilena,$900.001 - $1.200.000,Sin ahorro formal
CONV-10155,2026-05-25,Maxime nisi sint ullam. Alias laborum non reiciendis maxime ipsum.,7,carlos.nunez.demo14858@hotmail.com,"[""a"", ""atque""]",Aliquam doloremque nobis ratione nisi qui.,DS49,40%,Cónyuge,70,Sí,Sí,Chilena,$900.001 - $1.200.000,Sin ahorro formal
CONV-10156,2026-05-11,In unde corporis tenetur est aspernatur.,24,laura.fernandez.demo29779@hotmail.com,"[""provident""]",Voluptatem similique expedita nesciunt.,Pendiente evaluación,80%,Otros,59,Sí,No,Chilena,Más de $1.200.000,$1.000.000
CONV-10157,2025-05-09,Porro adipisci cum et. Autem perspiciatis magnam autem repudiandae ratione.,25,laura.fernandez.demo29779@hotmail.com,"[""explicabo""]",Et esse autem.,DS1,No registra,Otros,65,No,No,Chilena,$900.001 - $1.200.000,$2.000.000
CONV-10158,2024-06-23,Repellat culpa necessitatibus id hic sit.,17,claudio.pino.demo1560@yahoo.com,"[""quaerat"", ""atque"", ""laudantium"", ""illo""]",Quod quos ullam cumque.,DS49,40%,Cónyuge,24,No,Sí,Chilena,$400.000 - $600.000,$2.000.000
CONV-10159,2026-04-24,Minus inventore dolorum. Impedit assumenda iste veniam perferendis.,10,claudio.pino.demo1560@yahoo.com,"[""tempore"", ""esse"", ""beatae"", ""ut""]",Hic voluptates vero repellendus debitis corrupti culpa.,DS19,No registra,Solo,44,Sí,Sí,Chilena,$900.001 - $1.200.000,$1.000.000
CONV-10160,2026-05-21,Natus mollitia sit nesciunt. Sit in omnis nihil.,17,claudio.pino.demo1560@yahoo.com,"[""pariatur"", ""possimus"", ""reiciendis""]",Maxime sed repudiandae facilis ab pariatur impedit.,DS49,80%,Otros,44,No,Sí,Chilena,Más de $1.200.000,$1.000.000
CONV-10161,2025-01-04,Rem ipsa maxime odio aspernatur nisi.,23,carolina.soto.demo51252@yahoo.com,"[""facilis"", ""ab""]",Sunt magni autem architecto nostrum.,Ninguno,No registra,Cónyuge,21,No,Sí,Chilena,$600.001 - $900.000,$500.000
CONV-10162,2025-07-19,Saepe voluptates iusto modi. Error dolor neque voluptates.,19,marianela.arevalo.demo6691@yahoo.com,"[""assumenda"", ""eius"", ""perspiciatis""]",Corrupti non modi explicabo iste inventore amet.,Pendiente evaluación,80%,Otros,31,Sí,Sí,Chilena,$900.001 - $1.200.000,$2.000.000
CONV-10163,2025-12-28,Mollitia neque praesentium enim quasi. Adipisci et laborum ullam magnam.,16,marianela.arevalo.demo6691@yahoo.com,"[""excepturi""]",Nulla totam perferendis quis.,DS49,80%,Familia,28,Sí,No,Chilena,Más de $1.200.000,$500.000
CONV-10164,2025-05-10,Nulla quae quaerat ullam facilis facilis minus fugit.,20,susana.valdebenito.demo42770@gmail.com,"[""sunt""]",Aperiam ea alias ducimus ullam enim.,Ninguno,60%,Cónyuge,68,No,Sí,Chilena,$400.000 - $600.000,Sin ahorro formal
CONV-10165,2025-11-21,Perspiciatis quos sit veritatis. Dignissimos fugit enim hic.,4,susana.valdebenito.demo42770@gmail.com,"[""unde"", ""iure""]",Quo sunt dolorum consectetur eius corrupti neque laboriosam.,DS19,No registra,Cónyuge,38,No,No,Chilena,$900.001 - $1.200.000,$1.000.000
CONV-10166,2025-09-24,Reiciendis quam error deleniti atque blanditiis. Quas doloremque error tempora cum.,3,susana.valdebenito.demo42770@gmail.com,"[""repellat"", ""nemo"", ""recusandae"", ""vel""]",Quas aliquam iure quis qui voluptatibus sit.,DS49,60%,Cónyuge,41,No,No,Peruana,Más de $1.200.000,Sin ahorro formal
CONV-10167,2025-07-17,Optio deserunt accusantium reprehenderit nemo optio.,14,alicia.diaz.demo13598@yahoo.com,"[""neque"", ""reiciendis"", ""rerum""]",Consectetur officia esse nemo voluptatibus dolores.,Pendiente evaluación,40%,Solo,47,No,Sí,Colombiana,Más de $1.200.000,$2.000.000
CONV-10168,2025-10-22,Illo aperiam magni rem vero. Dignissimos numquam dolorum.,13,gabriela.valderrama.demo42284@outlook.com,"[""ipsum"", ""quia"", ""in"", ""architecto""]",Non nemo voluptates minus ea mollitia molestias.,Ninguno,60%,Familia,56,Sí,No,Venezolana,$600.001 - $900.000,$1.000.000
CONV-10169,2024-12-26,Sequi sequi iusto quaerat vel assumenda.,7,gabriela.valderrama.demo42284@outlook.com,"[""ea""]",Facere itaque illum ducimus rerum quas maxime.,DS1,No registra,Cónyuge,65,No,Sí,Chilena,$600.001 - $900.000,$2.000.000
CONV-10170,2026-01-23,Tenetur nulla dolorem. Optio aliquid architecto nam optio voluptates.,17,luis.abarca.demo14787@yahoo.com,"[""facere""]",Velit atque repudiandae veniam.,Ninguno,80%,Familia,19,Sí,No,Chilena,Más de $1.200.000,Sin ahorro formal
CONV-10171,2025-10-12,Nisi minus ex qui. Error optio cupiditate error.,4,luis.abarca.demo14787@yahoo.com,"[""corrupti"", ""ipsam""]",Laudantium eius sit saepe id quia.,DS49,40%,Familia,33,Sí,No,Chilena,$600.001 - $900.000,Sin ahorro formal
CONV-10172,2024-08-29,Dolore illo voluptate excepturi. Deleniti nulla quidem temporibus dolor.,10,jaime.pasten.demo36883@outlook.com,"[""natus"", ""nam""]",Sint molestias sit rerum.,DS49,No registra,Cónyuge,46,No,No,Chilena,$900.001 - $1.200.000,Sin ahorro formal
CONV-10173,2024-07-06,Eum quis nulla aliquid temporibus. Aspernatur inventore nam.,11,jaime.pasten.demo36883@outlook.com,"[""quisquam"", ""itaque"", ""dicta"", ""tempore""]",Omnis commodi illo assumenda dicta natus officia.,DS1,No registra,Otros,70,No,Sí,Chilena,$400.000 - $600.000,Sin ahorro formal
CONV-10174,2025-05-09,Quibusdam maxime perspiciatis quaerat.,16,jaime.pasten.demo36883@outlook.com,"[""aliquam"", ""saepe""]",Quaerat minima placeat expedita dolorum et dolorum.,Ninguno,60%,Familia,50,No,No,Chilena,Más de $1.200.000,Sin ahorro formal
CONV-10175,2024-09-10,Excepturi fugiat earum. Libero quod blanditiis inventore.,24,luis.guzman.demo19757@yahoo.com,"[""aut"", ""nulla"", ""necessitatibus"", ""recusandae""]",Neque doloremque iure voluptas soluta libero.,DS19,80%,Otros,52,Sí,Sí,Chilena,$400.000 - $600.000,$2.000.000
CONV-10176,2024-10-29,Repudiandae corporis sint cumque. Eius ipsa illo excepturi porro magnam.,18,sara.faundez.demo44844@gmail.com,"[""magni"", ""provident""]",Aliquam est dolorem facilis veniam.,Ninguno,60%,Familia,60,Sí,No,Chilena,$900.001 - $1.200.000,$500.000
CONV-10177,2026-05-15,Necessitatibus ut pariatur. Non deleniti quasi nihil. Nesciunt veritatis a.,5,sara.faundez.demo44844@gmail.com,"[""vitae"", ""explicabo"", ""adipisci"", ""explicabo""]",A ex qui ea id explicabo quis nam.,DS1,80%,Solo,54,No,No,Chilena,$400.000 - $600.000,$2.000.000
CONV-10178,2026-03-14,Deserunt modi non voluptatem ea saepe officia.,5,sara.faundez.demo44844@gmail.com,"[""accusamus"", ""perspiciatis"", ""animi"", ""unde""]",Natus consequuntur ratione et necessitatibus soluta.,DS49,40%,Cónyuge,57,Sí,No,Colombiana,Más de $1.200.000,$1.000.000
CONV-10179,2025-11-04,Nesciunt consequatur eius occaecati. Sit doloribus reiciendis esse.,9,ayelen.delgado.demo43070@hotmail.com,"[""ullam"", ""aspernatur"", ""possimus""]",Officiis nisi nulla eum quia voluptas.,DS19,40%,Solo,44,No,Sí,Chilena,Más de $1.200.000,Sin ahorro formal
CONV-10180,2024-10-15,Quod necessitatibus amet aut distinctio iste architecto laudantium.,17,ayelen.delgado.demo43070@hotmail.com,"[""neque"", ""quo"", ""dolore""]",Deleniti saepe sit tempore autem voluptates officia nisi.,Pendiente evaluación,80%,Cónyuge,66,No,No,Chilena,Más de $1.200.000,$1.000.000
CONV-10181,2025-04-12,Iste quaerat ipsa nihil adipisci optio. Tempora quisquam itaque dolorem.,12,matheo.gomez.demo20621@yahoo.com,"[""vitae"", ""neque"", ""nostrum""]",Saepe sit voluptate minus molestiae ducimus.,DS49,60%,Familia,57,No,No,Chilena,$400.000 - $600.000,$500.000
CONV-10182,2025-03-23,Recusandae architecto veniam veniam occaecati saepe maiores.,9,paz.carvajal.demo19524@hotmail.com,"[""beatae"", ""deserunt""]",Sunt numquam nemo ratione voluptate nihil.,Ninguno,No registra,Cónyuge,39,Sí,No,Chilena,$600.001 - $900.000,Sin ahorro formal
CONV-10183,2026-02-02,Autem ratione deleniti modi.,23,paz.carvajal.demo19524@hotmail.com,"[""velit"", ""sequi"", ""sapiente"", ""numquam""]",Saepe corrupti soluta excepturi reiciendis consequatur quia.,DS49,40%,Otros,46,No,Sí,Chilena,$900.001 - $1.200.000,$2.000.000
CONV-10184,2024-10-16,Consequatur consequuntur voluptas molestias voluptates. Quisquam nulla doloribus.,22,patricia.abarca.demo10340@outlook.com,"[""minima"", ""sunt"", ""magni"", ""maxime""]",Vero esse possimus quis voluptas ut quibusdam.,Pendiente evaluación,No registra,Cónyuge,33,No,Sí,Venezolana,Más de $1.200.000,$500.000
CONV-10185,2025-03-13,Magni quas voluptates ad aspernatur hic. Perferendis fugit rem nostrum sapiente.,17,patricia.abarca.demo10340@outlook.com,"[""dolore""]",Suscipit vel architecto quae deleniti neque.,Ninguno,80%,Solo,56,No,Sí,Chilena,$900.001 - $1.200.000,Sin ahorro formal
CONV-10186,2024-08-04,Et rerum totam.,22,patricia.abarca.demo10340@outlook.com,"[""eligendi"", ""quae"", ""placeat""]",Placeat laborum doloremque.,Pendiente evaluación,No registra,Familia,30,No,Sí,Chilena,$400.000 - $600.000,Sin ahorro formal
CONV-10187,2025-08-02,Iste repellendus temporibus vero odio.,9,fabiola.monsalve.demo8248@outlook.com,"[""mollitia"", ""sapiente"", ""sit""]",Quam tempore dicta laboriosam at nam totam totam.,DS49,No registra,Otros,32,No,No,Chilena,$600.001 - $900.000,$2.000.000
CONV-10188,2025-05-23,Dolorem voluptates odio occaecati eius. Minima magnam earum temporibus.,11,ivonne.rojas.demo12106@yahoo.com,"[""saepe"", ""aspernatur"", ""fuga""]",Iure voluptatem impedit rerum reiciendis sit libero.,Ninguno,80%,Familia,57,Sí,No,Colombiana,Más de $1.200.000,Sin ahorro formal
CONV-10189,2026-01-15,Quae impedit voluptates repellendus libero necessitatibus voluptates tempore.,8,ivonne.rojas.demo12106@yahoo.com,"[""error""]",Nesciunt aspernatur blanditiis.,DS19,40%,Familia,52,No,Sí,Chilena,$600.001 - $900.000,$2.000.000
CONV-10190,2024-07-18,Suscipit nesciunt magni. Quisquam inventore eveniet possimus consectetur iure.,3,ivonne.rojas.demo12106@yahoo.com,"[""omnis""]",Quisquam eos esse minus dolor aspernatur.,DS19,No registra,Otros,68,No,Sí,Chilena,$400.000 - $600.000,$500.000
CONV-10191,2024-11-07,Consectetur repudiandae cumque neque ratione.,17,constanza.gomez.demo9655@yahoo.com,"[""officia"", ""rem"", ""error""]",Perferendis deleniti occaecati eveniet.,DS1,80%,Otros,66,No,Sí,Chilena,$400.000 - $600.000,$500.000
CONV-10192,2025-02-12,Impedit quia quasi error deserunt exercitationem.,3,constanza.gomez.demo9655@yahoo.com,"[""eos""]",Reprehenderit repellat vel ex iure laboriosam quod.,DS49,40%,Otros,48,No,No,Chilena,$900.001 - $1.200.000,Sin ahorro formal
CONV-10193,2025-05-27,Praesentium soluta eligendi.,16,federico.ulloa.demo1654@outlook.com,"[""impedit"", ""deserunt"", ""consequatur"", ""reprehenderit""]",Blanditiis at et suscipit nisi corporis.,Pendiente evaluación,40%,Otros,33,No,No,Chilena,$600.001 - $900.000,Sin ahorro formal
CONV-10194,2025-09-13,Occaecati impedit nulla impedit repellendus.,17,angie.galaz.demo26310@hotmail.com,"[""quo""]",Et quidem hic corporis soluta.,Ninguno,80%,Solo,48,No,No,Chilena,$900.001 - $1.200.000,$1.000.000
CONV-10195,2025-04-19,Adipisci beatae laboriosam molestias nulla.,20,angie.galaz.demo26310@hotmail.com,"[""doloribus"", ""voluptatibus"", ""explicabo""]",Labore laudantium harum asperiores at.,DS49,No registra,Otros,40,No,Sí,Chilena,$900.001 - $1.200.000,$1.000.000
CONV-10196,2025-10-16,Enim dolores placeat et. Sequi perspiciatis voluptatem provident.,21,sofia.lopez.demo37691@hotmail.com,"[""debitis"", ""voluptate""]",Aut sapiente excepturi.,Ninguno,80%,Solo,35,No,Sí,Chilena,$600.001 - $900.000,$500.000
CONV-10197,2024-06-30,Veniam voluptate nostrum alias molestiae amet dolor.,7,daniela.romero.demo24920@hotmail.com,"[""maxime""]",Magni recusandae reiciendis sint animi nam suscipit.,DS49,40%,Otros,67,Sí,Sí,Chilena,$900.001 - $1.200.000,$1.000.000
CONV-10198,2026-03-28,Quia voluptatibus quaerat deserunt pariatur alias at. Ipsum quam eos ipsa. Quis itaque eaque.,21,daniela.romero.demo24920@hotmail.com,"[""magni""]",Magni quaerat enim dolorem a velit.,DS1,40%,Solo,51,Sí,Sí,Chilena,Más de $1.200.000,Sin ahorro formal
CONV-10199,2026-02-02,Architecto incidunt pariatur.,5,daniela.romero.demo24920@hotmail.com,"[""praesentium"", ""recusandae""]",Quia blanditiis occaecati fuga sapiente recusandae similique.,DS19,No registra,Solo,40,Sí,No,Chilena,$900.001 - $1.200.000,$2.000.000
CONV-10200,2024-07-11,Reiciendis similique quis minima sint.,24,muriel.henriquez.demo30@gmail.com,"[""delectus""]",Ad maxime minima accusantium molestiae debitis fugiat.,Ninguno,60%,Cónyuge,55,Sí,No,Chilena,$400.000 - $600.000,$500.000
CONV-10201,2026-03-14,Odio dignissimos sapiente.,3,muriel.henriquez.demo30@gmail.com,"[""earum"", ""in""]",Voluptates ipsam veniam quam.,Ninguno,80%,Cónyuge,22,Sí,Sí,Chilena,$600.001 - $900.000,$2.000.000
CONV-10202,2025-10-14,Perspiciatis voluptas numquam sequi iure quos. Labore totam eaque ad at.,10,jazmin.rivas.demo48014@gmail.com,"[""nulla"", ""illum"", ""cumque""]",Numquam reiciendis itaque mollitia.,DS19,40%,Solo,52,Sí,Sí,Chilena,Más de $1.200.000,$500.000
CONV-10203,2026-05-07,Voluptatibus eaque eos nihil sequi tenetur. Aperiam facere dicta.,13,jazmin.rivas.demo48014@gmail.com,"[""minima"", ""facilis"", ""recusandae"", ""ducimus""]",Eius neque minima necessitatibus dolores a numquam consequatur.,DS49,No registra,Solo,47,Sí,Sí,Chilena,$400.000 - $600.000,$500.000
CONV-10204,2026-04-24,Mollitia eum perferendis ab.,19,marta.gomez.demo11475@yahoo.com,"[""quaerat"", ""alias"", ""nostrum""]",Natus eum recusandae libero similique.,DS19,No registra,Cónyuge,22,No,Sí,Chilena,$400.000 - $600.000,Sin ahorro formal
CONV-10205,2024-06-27,Quaerat nihil aliquid ab. Corporis et odit quidem labore.,25,gladys.lara.demo9536@hotmail.com,"[""nostrum"", ""dolor"", ""nobis""]",Ad deleniti dolore fugiat vero quod blanditiis reprehenderit.,Ninguno,No registra,Solo,67,No,No,Chilena,$600.001 - $900.000,$1.000.000
CONV-10206,2025-09-26,Harum sed aliquam accusantium sed magni dolorem. Aspernatur magni ex eos deleniti mollitia.,25,gladys.lara.demo9536@hotmail.com,"[""soluta"", ""facilis"", ""maxime""]",Molestias minus vel quibusdam animi.,DS19,60%,Otros,70,Sí,No,Chilena,$400.000 - $600.000,$2.000.000
CONV-10207,2024-08-15,At officia magni aperiam fuga exercitationem rerum.,18,gladys.lara.demo9536@hotmail.com,"[""cumque"", ""delectus""]",Eveniet optio laboriosam amet quod quisquam dolore.,DS1,80%,Familia,29,No,Sí,Chilena,Más de $1.200.000,$500.000
CONV-10208,2024-08-07,Iste enim occaecati occaecati. Earum nihil nisi illum. Aliquid ab a perferendis.,24,francisco.garrido.demo28722@outlook.com,"[""tenetur"", ""reiciendis""]",Odit voluptates laboriosam.,DS49,60%,Cónyuge,49,Sí,Sí,Chilena,$600.001 - $900.000,$2.000.000
CONV-10209,2025-07-29,Veritatis voluptate ipsam sit in aliquid nesciunt.,25,francisco.garrido.demo28722@outlook.com,"[""repellat"", ""recusandae"", ""architecto"", ""accusantium""]",Autem error voluptatem ipsam odio quibusdam.,Ninguno,60%,Familia,47,No,Sí,Chilena,$400.000 - $600.000,$2.000.000
CONV-10210,2026-01-15,Hic quidem maiores et voluptates. Voluptatum debitis ab velit.,20,francisco.garrido.demo28722@outlook.com,"[""error""]",Totam non quo earum nemo.,Ninguno,40%,Familia,27,No,Sí,Chilena,Más de $1.200.000,Sin ahorro formal
CONV-10211,2025-02-10,Necessitatibus natus expedita.,17,jorge.pino.demo29027@yahoo.com,"[""veniam"", ""molestias""]",Optio quae deserunt expedita quasi maiores.,DS1,80%,Familia,44,Sí,Sí,Chilena,Más de $1.200.000,$1.000.000
CONV-10212,2025-12-20,Enim numquam corrupti harum eligendi dolores. Sunt quo error atque. Odio ut id unde.,12,carlos.reyes.demo1299@hotmail.com,"[""praesentium"", ""excepturi"", ""provident""]",Eius facere illum sed unde.,Ninguno,40%,Cónyuge,48,Sí,No,Venezolana,$900.001 - $1.200.000,$500.000
CONV-10213,2024-07-18,Veniam provident id in voluptas iure quibusdam. Excepturi iusto amet ipsum eaque.,22,carlos.reyes.demo1299@hotmail.com,"[""quae"", ""debitis"", ""ab"", ""earum""]",Exercitationem distinctio facilis.,DS1,No registra,Cónyuge,27,Sí,No,Peruana,$900.001 - $1.200.000,Sin ahorro formal
CONV-10214,2025-06-04,Dolorem tempora debitis quaerat animi deserunt earum enim.,18,jose.figueroa.demo14818@outlook.com,"[""velit""]",Vel reiciendis est ex.,DS1,80%,Familia,41,No,Sí,Chilena,$900.001 - $1.200.000,$2.000.000
CONV-10215,2024-11-20,Similique voluptatibus nisi doloribus itaque non.,20,jose.figueroa.demo14818@outlook.com,"[""voluptate""]",Incidunt iusto vero architecto accusantium consequatur aperiam.,DS49,80%,Solo,43,Sí,Sí,Chilena,$600.001 - $900.000,$2.000.000
CONV-10216,2025-08-30,Itaque minus quibusdam et unde repudiandae. Qui est voluptas nemo.,4,jose.figueroa.demo14818@outlook.com,"[""nulla"", ""fugiat"", ""sequi""]",Exercitationem impedit earum veritatis tempore neque.,Ninguno,80%,Familia,35,No,Sí,Chilena,$900.001 - $1.200.000,$2.000.000
CONV-10217,2024-10-21,Laudantium nemo vero voluptatem. Veniam voluptates delectus facere magnam.,13,carmen.rebolledo.demo25689@hotmail.com,"[""eius""]",Ducimus error deserunt soluta.,DS1,60%,Cónyuge,38,Sí,Sí,Chilena,$600.001 - $900.000,Sin ahorro formal
CONV-10218,2026-01-12,Dolorem expedita ex ullam quia rem. Occaecati aliquam aut vero corrupti.,19,carmen.rebolledo.demo25689@hotmail.com,"[""porro""]",Eligendi harum autem magni recusandae iusto.,DS19,40%,Otros,38,Sí,No,Chilena,$400.000 - $600.000,$2.000.000
CONV-10219,2025-12-01,Quidem optio suscipit natus dolores accusamus veniam. Vero tempora earum impedit sit fugiat.,15,carmen.rebolledo.demo25689@hotmail.com,"[""labore"", ""iusto"", ""mollitia""]",Saepe optio culpa ullam rerum sint dignissimos est.,DS19,40%,Otros,36,Sí,Sí,Chilena,$900.001 - $1.200.000,Sin ahorro formal
CONV-10220,2025-09-30,Natus exercitationem adipisci sit enim. Quos veritatis soluta aliquid.,5,jocelyn.rodriguez.demo44193@hotmail.com,"[""sunt""]",Voluptatem non tenetur repellat iure.,DS1,80%,Cónyuge,50,No,No,Chilena,Más de $1.200.000,$1.000.000
CONV-10221,2025-05-15,Cumque quos aspernatur modi dolorum quibusdam voluptate.,17,jocelyn.rodriguez.demo44193@hotmail.com,"[""explicabo"", ""rerum""]",Possimus dolores praesentium voluptates reiciendis id.,DS19,No registra,Solo,45,No,Sí,Chilena,Más de $1.200.000,$2.000.000
CONV-10222,2026-01-12,Doloremque doloremque suscipit officiis nostrum.,21,carlos.droguett.demo24014@outlook.com,"[""necessitatibus"", ""fugiat""]",Neque sapiente voluptas deserunt sunt.,DS1,80%,Solo,50,No,Sí,Chilena,$600.001 - $900.000,Sin ahorro formal
CONV-10223,2025-11-01,A libero nobis eius voluptatibus dignissimos.,22,carlos.droguett.demo24014@outlook.com,"[""quidem"", ""laboriosam"", ""reprehenderit""]",Alias fuga accusantium consectetur corporis animi.,DS19,No registra,Cónyuge,50,No,Sí,Chilena,$900.001 - $1.200.000,$500.000
CONV-10224,2026-05-03,Doloremque dicta amet dignissimos nesciunt excepturi.,15,carlos.droguett.demo24014@outlook.com,"[""cum"", ""in""]",Sit itaque modi molestias.,DS19,40%,Cónyuge,57,Sí,Sí,Chilena,$400.000 - $600.000,Sin ahorro formal
CONV-10225,2026-02-21,Quia placeat molestiae voluptatem modi modi veniam.,7,barbara.ulloa.demo6601@yahoo.com,"[""voluptatibus"", ""facere""]",Aut saepe eligendi voluptas.,Ninguno,40%,Solo,45,No,Sí,Chilena,$900.001 - $1.200.000,$1.000.000
CONV-10226,2024-12-29,Quam voluptatibus ea sapiente non error. Ad quibusdam repellendus tempora.,14,barbara.ulloa.demo6601@yahoo.com,"[""quas"", ""provident"", ""blanditiis""]",Earum unde deserunt.,DS19,60%,Solo,31,No,No,Chilena,$900.001 - $1.200.000,$1.000.000
CONV-10227,2025-04-15,Id eum nihil repudiandae vel laborum.,23,juan.sepulveda.demo24566@yahoo.com,"[""neque""]",Quia explicabo delectus laudantium dolorum.,Pendiente evaluación,No registra,Cónyuge,40,Sí,No,Chilena,$600.001 - $900.000,$500.000
CONV-10228,2026-03-16,Neque pariatur nam rerum ratione dicta.,13,juan.sepulveda.demo24566@yahoo.com,"[""veritatis"", ""est"", ""voluptatem"", ""magnam""]",Numquam soluta ratione tempore est soluta cumque.,DS49,40%,Familia,49,Sí,No,Colombiana,$400.000 - $600.000,$2.000.000
CONV-10229,2025-02-01,Veniam repellat magni ipsam temporibus ipsum ea.,24,juan.sepulveda.demo24566@yahoo.com,"[""cupiditate""]",Minus atque deserunt iure cumque.,DS19,60%,Cónyuge,60,No,No,Chilena,$600.001 - $900.000,$500.000
CONV-10230,2024-08-29,Aliquid nostrum quod non quas reiciendis.,19,francisco.fredes.demo25011@yahoo.com,"[""a""]",Sit illum est ullam voluptates odit molestiae.,DS1,No registra,Otros,63,No,No,Chilena,$400.000 - $600.000,$1.000.000
CONV-10231,2025-07-26,Quam repellat tenetur soluta cum expedita. Impedit inventore nihil debitis.,17,francisco.fredes.demo25011@yahoo.com,"[""unde"", ""libero""]",Rem necessitatibus rem recusandae facere vel quo veritatis.,Pendiente evaluación,60%,Cónyuge,56,No,Sí,Chilena,$900.001 - $1.200.000,$500.000
CONV-10232,2026-01-26,Optio sunt voluptas optio sed.,22,francisco.fredes.demo25011@yahoo.com,"[""mollitia"", ""natus""]",Explicabo nulla officiis incidunt dolor vitae.,DS19,80%,Otros,52,Sí,Sí,Chilena,Más de $1.200.000,$1.000.000
CONV-10233,2025-12-21,Debitis veniam libero voluptatum consequatur nemo consequatur.,24,michel.gonzalez.demo38409@yahoo.com,"[""quisquam"", ""blanditiis"", ""occaecati""]",Labore fugit omnis eos eius.,DS49,No registra,Familia,67,Sí,No,Chilena,$400.000 - $600.000,Sin ahorro formal
CONV-10234,2025-03-01,Neque inventore at ut enim.,23,michel.gonzalez.demo38409@yahoo.com,"[""ut"", ""quam"", ""laudantium"", ""voluptatum""]",Tenetur temporibus voluptate.,DS1,60%,Solo,41,No,No,Chilena,$400.000 - $600.000,Sin ahorro formal
CONV-10235,2025-07-11,Quae sed pariatur tenetur consequatur perferendis.,24,yasmin.avila.demo44074@hotmail.com,"[""vero"", ""ullam"", ""itaque""]",Neque eligendi doloribus repellat perferendis consectetur dolores.,DS19,60%,Solo,53,Sí,No,Chilena,$600.001 - $900.000,$500.000
CONV-10236,2025-07-23,Repellat odit repellendus cupiditate tempora. Debitis perferendis officia quae dicta eaque.,11,maribel.fuentes.demo17000@outlook.com,"[""est"", ""pariatur"", ""minima""]",Ex molestiae dolorem pariatur blanditiis reprehenderit fugit.,Pendiente evaluación,40%,Solo,61,No,No,Chilena,$900.001 - $1.200.000,$500.000
CONV-10237,2024-06-16,Consequuntur voluptatum itaque excepturi illum voluptatum esse.,18,victor.cartes.demo12167@hotmail.com,"[""cupiditate"", ""accusamus"", ""reiciendis"", ""quo""]",Quasi quas ea commodi.,DS19,80%,Cónyuge,30,No,Sí,Chilena,$600.001 - $900.000,$1.000.000
CONV-10238,2026-01-19,Debitis adipisci nesciunt quod sint accusamus facere quisquam.,5,victor.cartes.demo12167@hotmail.com,"[""quasi"", ""delectus"", ""iste"", ""aliquid""]",Dignissimos quas neque nesciunt rem dicta aspernatur provident.,DS1,No registra,Cónyuge,22,Sí,No,Chilena,$400.000 - $600.000,$2.000.000
CONV-10239,2025-07-10,Accusamus dolorum repellendus nostrum eaque libero.,9,juan.sandoval.demo46680@gmail.com,"[""illum"", ""modi"", ""minima""]",Nostrum ipsa commodi quae.,DS1,80%,Cónyuge,22,No,Sí,Venezolana,$400.000 - $600.000,$1.000.000
CONV-10240,2024-08-26,Saepe nihil eligendi minima quod autem omnis.,10,juan.sandoval.demo46680@gmail.com,"[""et"", ""laboriosam"", ""praesentium""]",Earum voluptates fugiat vitae.,DS49,40%,Solo,62,No,No,Chilena,Más de $1.200.000,$2.000.000
CONV-10241,2024-06-04,Eum officia dolorum vel vitae fuga.,20,juan.herrera.demo22439@outlook.com,"[""laboriosam"", ""consectetur"", ""iure"", ""delectus""]",Quas porro libero quo beatae illo distinctio.,DS49,80%,Cónyuge,58,Sí,No,Chilena,$600.001 - $900.000,$500.000
CONV-10242,2026-04-03,Accusamus facere sit nemo velit. Maxime laudantium inventore ipsa quia a.,16,fernanda.fernandez.demo26817@outlook.com,"[""labore"", ""dolores"", ""voluptatem"", ""neque""]",Tenetur odio aliquid neque.,DS49,40%,Familia,23,Sí,No,Chilena,Más de $1.200.000,$2.000.000
CONV-10243,2025-10-21,Magnam ut illo ducimus omnis labore cum.,21,yesenia.pena.demo9711@outlook.com,"[""assumenda"", ""quam"", ""quae""]",Laborum ducimus minus culpa.,DS49,40%,Solo,18,No,No,Chilena,$900.001 - $1.200.000,$1.000.000
CONV-10244,2025-09-15,Quod ratione veritatis veniam nemo quas quos. Quos eligendi magni id.,9,yesenia.pena.demo9711@outlook.com,"[""minima"", ""dolorem"", ""odio""]",Iste magni perferendis architecto est quo.,DS49,40%,Familia,39,No,No,Peruana,Más de $1.200.000,$2.000.000
CONV-10245,2025-12-17,Harum odio cumque asperiores. Fuga ipsum commodi.,20,yesenia.pena.demo9711@outlook.com,"[""eligendi"", ""sit""]",Mollitia perferendis voluptatem consectetur fugiat quisquam.,Ninguno,No registra,Otros,47,Sí,Sí,Chilena,Más de $1.200.000,$500.000
CONV-10246,2026-01-24,Voluptas natus reiciendis assumenda. Tempora nulla dignissimos eaque modi rem.,14,jaime.cornejo.demo21291@yahoo.com,"[""ut""]",Animi quod qui maxime consequuntur.,Ninguno,60%,Solo,18,Sí,Sí,Chilena,$900.001 - $1.200.000,Sin ahorro formal
CONV-10247,2025-08-22,Corrupti assumenda ullam tempora vitae.,19,jaime.cornejo.demo21291@yahoo.com,"[""ullam""]",Sequi provident illum excepturi reprehenderit in corrupti.,Pendiente evaluación,60%,Familia,34,Sí,Sí,Venezolana,Más de $1.200.000,$1.000.000
CONV-10248,2025-12-23,Consequuntur occaecati ad facere debitis enim. Temporibus id esse.,20,nancy.fuentes.demo48108@outlook.com,"[""eius""]",Esse quasi nulla nisi odio nostrum iste quibusdam.,DS19,40%,Familia,63,Sí,Sí,Chilena,Más de $1.200.000,Sin ahorro formal
CONV-10249,2026-04-05,A sapiente aliquam voluptatum.,6,nancy.fuentes.demo48108@outlook.com,"[""quos"", ""itaque"", ""dolores"", ""eaque""]",Omnis dolores necessitatibus magni.,DS1,80%,Solo,41,No,Sí,Chilena,$600.001 - $900.000,$1.000.000
CONV-10250,2025-08-27,Quod eaque suscipit eos.,13,anibal.perez.demo19365@gmail.com,"[""quidem"", ""eligendi"", ""magni"", ""ab""]",Vero veniam officia animi totam laboriosam possimus.,Pendiente evaluación,60%,Cónyuge,20,No,No,Colombiana,$600.001 - $900.000,$1.000.000
CONV-10251,2024-06-02,Nesciunt eaque unde aspernatur eligendi eius. Pariatur nulla atque atque.,4,anibal.perez.demo19365@gmail.com,"[""labore""]",Ex occaecati quod impedit similique repellat ratione.,DS49,60%,Cónyuge,25,No,No,Chilena,$900.001 - $1.200.000,Sin ahorro formal
CONV-10252,2025-12-23,At autem quis molestias molestias necessitatibus.,7,carolina.cornejo.demo37962@hotmail.com,"[""reiciendis"", ""eaque"", ""totam""]",Quos labore cum doloremque eos porro sunt maxime.,DS1,80%,Cónyuge,48,Sí,No,Peruana,$400.000 - $600.000,$2.000.000
CONV-10253,2025-05-28,Excepturi temporibus velit sit perferendis.,17,carolina.cornejo.demo37962@hotmail.com,"[""inventore"", ""excepturi"", ""quibusdam"", ""vel""]",Dolor cupiditate corrupti consequatur minima.,Pendiente evaluación,60%,Otros,65,No,Sí,Chilena,$600.001 - $900.000,$2.000.000
CONV-10254,2024-07-03,Quod nisi at consequatur. Laborum cum voluptatum.,5,carol.vasquez.demo49746@yahoo.com,"[""cupiditate"", ""numquam""]",Sit explicabo blanditiis delectus sit quam.,DS49,60%,Solo,63,No,No,Venezolana,$900.001 - $1.200.000,$500.000
CONV-10255,2026-03-20,Distinctio deleniti nam consectetur ea eveniet.,15,carol.vasquez.demo49746@yahoo.com,"[""beatae"", ""a"", ""nisi""]",Soluta velit reiciendis magnam nemo voluptatibus architecto.,Pendiente evaluación,60%,Solo,37,No,No,Chilena,$900.001 - $1.200.000,$500.000
CONV-10256,2024-06-28,Enim alias aliquid eius amet. Quidem dicta architecto optio animi nulla nobis.,25,alan.cuevas.demo11022@gmail.com,"[""libero""]",Qui culpa et ipsa adipisci provident veniam rerum.,DS19,No registra,Familia,57,Sí,No,Chilena,Más de $1.200.000,$500.000
CONV-10257,2025-06-06,Eos atque dolorum voluptatum dolores est.,25,alan.cuevas.demo11022@gmail.com,"[""id"", ""rerum"", ""animi""]",Molestias error ipsam iusto optio sed aliquam aliquam.,Pendiente evaluación,80%,Otros,33,Sí,Sí,Chilena,$400.000 - $600.000,$2.000.000
CONV-10258,2025-06-27,Ipsum necessitatibus hic reprehenderit quis. Facere saepe vel harum.,18,alan.cuevas.demo11022@gmail.com,"[""sed"", ""quos""]",Perspiciatis amet aspernatur porro blanditiis repudiandae cum.,DS49,40%,Otros,29,Sí,No,Chilena,$400.000 - $600.000,$2.000.000
CONV-10259,2026-02-23,Architecto esse eaque fugiat. Qui nisi itaque.,14,ramon.morales.demo21344@hotmail.com,"[""animi"", ""ipsum"", ""voluptatem"", ""qui""]",Perferendis necessitatibus voluptate eveniet deserunt sapiente cupiditate.,DS1,40%,Otros,22,No,Sí,Chilena,Más de $1.200.000,Sin ahorro formal
CONV-10260,2025-02-07,Architecto sit totam cum sint harum nesciunt.,16,ramon.morales.demo21344@hotmail.com,"[""expedita"", ""illum"", ""expedita""]",In repellendus blanditiis cumque cupiditate pariatur.,DS1,40%,Solo,61,No,No,Chilena,$900.001 - $1.200.000,$500.000
CONV-10261,2024-10-12,Ea ex excepturi officia dolorum.,3,francisco.miranda.demo4573@hotmail.com,"[""est""]",Quibusdam nesciunt totam aut similique voluptatibus.,Ninguno,80%,Cónyuge,70,Sí,No,Chilena,$400.000 - $600.000,$1.000.000
CONV-10262,2025-10-02,Id fugit asperiores aliquam corporis odit perferendis.,23,francisco.miranda.demo4573@hotmail.com,"[""nam"", ""maiores""]",Ducimus odit nobis harum nulla.,Pendiente evaluación,40%,Familia,28,Sí,Sí,Chilena,$400.000 - $600.000,$1.000.000
CONV-10263,2025-09-13,At dolor enim totam officia. Nihil molestiae vitae explicabo.,12,luis.quiroga.demo20776@outlook.com,"[""dolorem"", ""fugiat"", ""aspernatur"", ""consequuntur""]",Maiores ducimus voluptates magnam amet.,Ninguno,No registra,Otros,66,No,Sí,Venezolana,$600.001 - $900.000,$1.000.000
CONV-10264,2025-10-09,Possimus vero omnis voluptates quo tenetur eligendi ex.,20,patricia.munoz.demo8654@yahoo.com,"[""consequuntur"", ""minus"", ""consequatur"", ""adipisci""]",Doloribus error sint commodi quasi.,Ninguno,No registra,Solo,29,Sí,No,Chilena,$400.000 - $600.000,Sin ahorro formal
CONV-10265,2025-05-25,Quis accusamus esse dolore enim sed. Error architecto suscipit voluptas aliquam.,17,alfonso.molina.demo36004@hotmail.com,"[""rem"", ""aliquid"", ""quas""]",Dolor ipsa officiis itaque.,DS49,60%,Solo,57,No,No,Chilena,$600.001 - $900.000,$500.000
CONV-10266,2024-12-30,Accusamus doloribus quos officiis.,3,alfonso.molina.demo36004@hotmail.com,"[""nesciunt"", ""totam"", ""facilis"", ""ipsam""]",Nulla magni doloremque ex.,Pendiente evaluación,60%,Familia,53,No,Sí,Chilena,$600.001 - $900.000,$500.000
CONV-10267,2025-09-15,A laudantium animi natus excepturi aperiam repudiandae nam.,6,manuel.munoz.demo48717@gmail.com,"[""iste""]",Beatae rerum amet inventore maxime odit suscipit ea.,Ninguno,40%,Cónyuge,65,Sí,Sí,Chilena,$400.000 - $600.000,$1.000.000
CONV-10268,2025-12-21,Fugiat debitis incidunt incidunt.,8,manuel.munoz.demo48717@gmail.com,"[""atque"", ""voluptatem""]",Quae non autem quod dolore iste eligendi.,DS49,40%,Familia,31,No,Sí,Chilena,Más de $1.200.000,$1.000.000
CONV-10269,2025-07-29,Dolor vitae dolorum magnam distinctio.,12,claudia.gallardo.demo6412@hotmail.com,"[""iste""]",Itaque a quos iure.,Ninguno,80%,Otros,54,Sí,Sí,Chilena,$600.001 - $900.000,Sin ahorro formal
CONV-10270,2025-03-14,Culpa quos ullam illo soluta eveniet blanditiis. Eaque nihil eligendi minus commodi.,25,catalina.astorga.demo44813@gmail.com,"[""voluptatem"", ""dolores""]",Vero eligendi fugit a.,DS19,No registra,Cónyuge,25,Sí,No,Chilena,$900.001 - $1.200.000,Sin ahorro formal
CONV-10271,2026-01-27,Saepe unde explicabo. Alias iste reprehenderit reiciendis architecto pariatur.,25,alexandra.candia.demo10050@yahoo.com,"[""optio"", ""ut""]",Dolores consectetur quasi nihil.,DS49,80%,Familia,44,No,No,Chilena,$600.001 - $900.000,$1.000.000
CONV-10272,2024-12-11,Ullam iste voluptate iure maiores est iste.,23,alexandra.candia.demo10050@yahoo.com,"[""inventore"", ""accusantium"", ""ipsa""]",Odit ipsam sapiente et optio voluptas minus officiis.,DS49,40%,Cónyuge,70,No,No,Chilena,$900.001 - $1.200.000,Sin ahorro formal
CONV-10273,2025-10-06,Ratione amet dolor quasi quam consequatur nihil nemo.,10,alexandra.candia.demo10050@yahoo.com,"[""veniam"", ""dicta"", ""impedit"", ""aperiam""]",Suscipit eius adipisci minus voluptatibus.,DS1,40%,Otros,45,No,Sí,Venezolana,Más de $1.200.000,$2.000.000
CONV-10274,2026-03-20,Numquam quis porro. Quas modi tenetur expedita incidunt reprehenderit.,15,gilda.flores.demo1709@hotmail.com,"[""ex""]",Consequatur iusto odit.,DS49,80%,Solo,69,No,Sí,Chilena,Más de $1.200.000,$1.000.000
CONV-10275,2024-12-01,Molestias eligendi sequi ut hic. Repudiandae dolor quibusdam asperiores.,12,gilda.flores.demo1709@hotmail.com,"[""maiores"", ""alias"", ""rem"", ""magni""]",Qui expedita accusantium eaque nisi.,DS19,40%,Familia,55,No,Sí,Chilena,Más de $1.200.000,$500.000
CONV-10276,2024-12-09,Quis ea animi. Ullam laudantium occaecati blanditiis accusamus fuga.,25,luis.villagran.demo41120@yahoo.com,"[""quis""]",Cum quos modi laborum dolore.,DS1,80%,Cónyuge,28,No,Sí,Chilena,Más de $1.200.000,Sin ahorro formal
CONV-10277,2025-11-02,Debitis voluptatem accusamus ex amet.,6,luis.villagran.demo41120@yahoo.com,"[""molestiae"", ""cumque""]",Assumenda asperiores quo sed in quaerat quo.,Ninguno,60%,Otros,58,No,No,Chilena,$600.001 - $900.000,$500.000
CONV-10278,2025-06-09,Vero quaerat debitis laboriosam doloremque distinctio.,21,walter.gamboa.demo59@outlook.com,"[""quo""]",Consequatur nemo doloribus blanditiis.,Pendiente evaluación,40%,Otros,38,Sí,No,Venezolana,$400.000 - $600.000,$1.000.000
CONV-10279,2024-12-20,Error laudantium aliquam optio asperiores ducimus aspernatur.,4,esteban.ordenes.demo50687@outlook.com,"[""saepe"", ""vero"", ""perferendis"", ""animi""]",Perspiciatis nihil ipsa nisi quasi autem.,DS1,60%,Otros,57,No,No,Chilena,$400.000 - $600.000,Sin ahorro formal
CONV-10280,2026-04-24,At deserunt fuga necessitatibus modi nemo. Magni deleniti impedit.,7,esteban.ordenes.demo50687@outlook.com,"[""quasi""]",Dicta minus hic soluta enim quod illum.,Pendiente evaluación,80%,Otros,46,Sí,No,Venezolana,$400.000 - $600.000,Sin ahorro formal
CONV-10281,2026-01-09,Labore debitis reiciendis voluptatem dolores cupiditate maxime. Sequi iste vel nam.,7,sandra.munoz.demo11251@outlook.com,"[""unde"", ""quibusdam"", ""facere"", ""provident""]",Nisi distinctio aliquam perspiciatis.,Ninguno,80%,Cónyuge,37,No,Sí,Chilena,$600.001 - $900.000,$500.000
CONV-10282,2026-02-16,Repellat at inventore natus amet adipisci provident.,22,sandra.munoz.demo11251@outlook.com,"[""illum"", ""quidem""]",Consequuntur dolorum eveniet modi dolorem.,DS19,60%,Cónyuge,46,No,Sí,Chilena,$900.001 - $1.200.000,Sin ahorro formal
CONV-10283,2025-12-13,Repudiandae quo nostrum amet debitis dolor.,13,sandra.munoz.demo11251@outlook.com,"[""eos"", ""molestiae"", ""eum""]",A officia hic maxime.,DS19,40%,Cónyuge,33,Sí,Sí,Chilena,$900.001 - $1.200.000,$2.000.000
CONV-10284,2025-11-08,Dolorum dolor reiciendis. Nobis dolorem in illum.,9,raul.guzman.demo50976@outlook.com,"[""deleniti"", ""nobis""]",Esse impedit cum officia.,Ninguno,60%,Familia,28,No,No,Chilena,Más de $1.200.000,$2.000.000
CONV-10285,2026-02-15,Eligendi ab ducimus dolore iste iure expedita cumque.,22,raul.guzman.demo50976@outlook.com,"[""omnis"", ""molestias"", ""dolore"", ""magnam""]",Ea beatae autem.,DS49,60%,Familia,49,No,Sí,Chilena,$400.000 - $600.000,$2.000.000
CONV-10286,2026-01-20,Optio optio tempora expedita magni et cumque. Odit consequatur exercitationem.,25,paulina.luna.demo1413@gmail.com,"[""ducimus"", ""explicabo""]",Inventore ipsum non recusandae eveniet ad adipisci.,DS49,80%,Solo,69,No,Sí,Chilena,$600.001 - $900.000,Sin ahorro formal
CONV-10287,2025-07-29,Architecto ab voluptas doloribus.,5,carmen.lazcano.demo5408@yahoo.com,"[""quae"", ""nobis"", ""suscipit""]",Enim et quasi earum.,DS19,No registra,Solo,19,No,No,Chilena,$400.000 - $600.000,$500.000
CONV-10288,2026-04-02,Beatae minus accusantium nisi. Occaecati esse necessitatibus blanditiis suscipit.,16,carmen.lazcano.demo5408@yahoo.com,"[""voluptas""]",Provident ratione totam nam.,DS1,60%,Solo,41,No,No,Chilena,$900.001 - $1.200.000,$2.000.000
CONV-10289,2024-11-04,Consectetur error minus.,5,paula.romero.demo8983@yahoo.com,"[""necessitatibus"", ""ea"", ""fugiat""]",Illum tempore eum tenetur eligendi distinctio.,DS1,40%,Solo,58,Sí,Sí,Chilena,$600.001 - $900.000,$1.000.000
CONV-10290,2025-06-05,Explicabo impedit ex pariatur. Reiciendis quisquam voluptates ipsa.,17,ana.fuentes.demo51706@yahoo.com,"[""amet""]",Eveniet cupiditate rerum consectetur tenetur aspernatur in.,Ninguno,60%,Familia,22,No,Sí,Chilena,$400.000 - $600.000,Sin ahorro formal
CONV-10291,2025-09-09,Eos aspernatur fugiat eum quis dolorum neque.,11,ana.fuentes.demo51706@yahoo.com,"[""possimus"", ""reprehenderit"", ""esse""]",Eligendi deserunt rerum minima odit.,DS19,60%,Solo,66,Sí,Sí,Chilena,$900.001 - $1.200.000,$500.000
CONV-10292,2025-01-10,Excepturi nemo error praesentium placeat. Quisquam doloribus veniam magnam.,3,ana.fuentes.demo51706@yahoo.com,"[""labore""]",Expedita consequatur blanditiis sed accusantium.,Pendiente evaluación,40%,Cónyuge,32,No,Sí,Chilena,Más de $1.200.000,$500.000
CONV-10293,2025-06-02,Temporibus sit quas omnis maiores ipsum. Aliquid ullam perspiciatis ratione sit.,6,eduardo.marchant.demo46359@hotmail.com,"[""commodi""]",Consectetur aut cupiditate quam molestiae autem sequi.,Pendiente evaluación,No registra,Solo,36,Sí,No,Chilena,$400.000 - $600.000,$500.000
CONV-10294,2024-07-28,Totam accusamus quibusdam animi.,12,eduardo.marchant.demo46359@hotmail.com,"[""harum"", ""fuga"", ""aliquam""]",Molestias nostrum quaerat vero laudantium.,DS49,80%,Cónyuge,62,No,No,Chilena,Más de $1.200.000,Sin ahorro formal
CONV-10295,2025-07-01,Cumque maiores corrupti ut ducimus doloribus dignissimos.,7,eduardo.marchant.demo46359@hotmail.com,"[""unde"", ""ipsum"", ""explicabo"", ""ipsa""]",Necessitatibus eum officiis repellat libero veniam atque.,DS49,40%,Cónyuge,64,No,Sí,Chilena,$400.000 - $600.000,$2.000.000
CONV-10296,2026-04-14,Porro libero impedit facilis aspernatur aut quibusdam.,20,constanza.caballero.demo30567@hotmail.com,"[""possimus""]",Ipsum quis consequuntur vel.,Pendiente evaluación,80%,Solo,46,No,Sí,Peruana,$900.001 - $1.200.000,$1.000.000
CONV-10297,2025-04-27,Commodi quod cumque deleniti ullam dolor.,3,javier.pinto.demo45388@yahoo.com,"[""amet"", ""sed""]",Eos provident itaque nobis reiciendis.,DS49,40%,Otros,51,No,Sí,Colombiana,$600.001 - $900.000,$2.000.000
CONV-10298,2024-11-25,Minima pariatur odit necessitatibus voluptatum nihil enim.,17,lino.luna.demo9643@yahoo.com,"[""illo"", ""laudantium"", ""itaque"", ""earum""]",Eligendi veritatis accusantium sunt nostrum saepe ad.,Ninguno,60%,Otros,28,Sí,Sí,Chilena,$600.001 - $900.000,$500.000
CONV-10299,2025-08-25,Harum animi nemo accusamus odio odit exercitationem. Fugiat ut at minima enim.,22,lino.luna.demo9643@yahoo.com,"[""exercitationem""]",Repudiandae accusantium sunt voluptatem adipisci earum vitae.,Pendiente evaluación,40%,Familia,67,Sí,No,Venezolana,Más de $1.200.000,Sin ahorro formal
CONV-10300,2025-10-18,Dolor cumque repellendus tenetur.,25,marcela.pardo.demo38690@outlook.com,"[""asperiores"", ""molestias"", ""sunt"", ""quam""]",Incidunt soluta cupiditate quia.,DS19,60%,Otros,46,Sí,No,Chilena,Más de $1.200.000,$2.000.000
CONV-10301,2024-11-17,Perferendis in non animi amet laborum vitae.,18,marcela.pardo.demo38690@outlook.com,"[""consequatur""]",Illum corrupti repellendus veniam voluptates suscipit.,DS19,No registra,Otros,27,Sí,Sí,Chilena,$900.001 - $1.200.000,Sin ahorro formal
CONV-10302,2026-05-12,Iusto quod nobis omnis ut ipsam excepturi. Doloremque quisquam natus saepe.,16,iris.vivanco.demo10214@yahoo.com,"[""voluptatem"", ""libero"", ""officiis""]",Dolore odio error nesciunt nemo eveniet possimus modi.,Ninguno,80%,Otros,51,No,No,Chilena,Más de $1.200.000,$500.000
CONV-10303,2024-12-16,Corrupti commodi soluta culpa.,20,iris.vivanco.demo10214@yahoo.com,"[""aspernatur""]",Culpa ducimus tenetur sunt soluta quia voluptate.,DS1,No registra,Otros,36,No,No,Chilena,Más de $1.200.000,$500.000
CONV-10304,2025-11-03,Placeat unde alias nobis minus quia.,24,jose.salamanca.demo24706@yahoo.com,"[""cumque""]",Cupiditate perspiciatis quidem qui doloribus.,DS1,No registra,Solo,60,Sí,Sí,Chilena,$400.000 - $600.000,$1.000.000
CONV-10305,2024-07-14,Nostrum tempore eaque suscipit reprehenderit accusamus.,6,petronila.pavez.demo12416@outlook.com,"[""corrupti""]",Inventore praesentium maxime.,Pendiente evaluación,60%,Familia,35,Sí,Sí,Venezolana,$400.000 - $600.000,Sin ahorro formal
CONV-10306,2025-01-27,Aliquam nulla quia neque commodi blanditiis nam.,4,petronila.pavez.demo12416@outlook.com,"[""reiciendis"", ""mollitia""]",Dolorum blanditiis ipsum dolores.,Ninguno,No registra,Cónyuge,38,Sí,No,Colombiana,$900.001 - $1.200.000,Sin ahorro formal
CONV-10307,2024-11-02,Soluta expedita molestiae eaque corrupti.,24,ariel.aguilera.demo20947@yahoo.com,"[""totam"", ""quaerat"", ""rem"", ""quis""]",Veritatis rerum expedita pariatur alias.,DS19,80%,Otros,34,Sí,No,Chilena,Más de $1.200.000,$500.000
CONV-10308,2024-06-21,Ipsa impedit blanditiis quia. Quisquam fugiat possimus adipisci quo.,10,ariel.aguilera.demo20947@yahoo.com,"[""eveniet"", ""mollitia"", ""id"", ""dolorum""]",Labore facere dolores a natus temporibus ipsum cupiditate.,DS19,40%,Cónyuge,18,No,Sí,Chilena,$400.000 - $600.000,$500.000
CONV-10309,2025-08-27,Nihil maiores laboriosam illum. Blanditiis eaque vel expedita.,20,ariel.aguilera.demo20947@yahoo.com,"[""officia"", ""dignissimos"", ""in""]",Exercitationem aliquam perspiciatis quas.,Pendiente evaluación,60%,Familia,45,No,Sí,Chilena,Más de $1.200.000,$2.000.000
CONV-10310,2026-03-23,Illum nesciunt distinctio beatae in nemo animi.,16,catalina.hurtado.demo1420@hotmail.com,"[""nihil""]",Voluptatibus quo ab provident beatae doloremque.,DS19,40%,Otros,23,No,No,Chilena,$600.001 - $900.000,$500.000
CONV-10311,2024-12-27,Veritatis nostrum repellat eveniet. Quia unde totam.,16,catalina.hurtado.demo1420@hotmail.com,"[""nisi"", ""dolorem"", ""distinctio"", ""sit""]",Distinctio nobis voluptates atque dolorem.,Pendiente evaluación,40%,Otros,40,Sí,No,Chilena,$900.001 - $1.200.000,$2.000.000
CONV-10312,2024-10-09,Expedita sequi quisquam quis adipisci eos debitis facilis.,24,sara.cabrera.demo50414@hotmail.com,"[""et"", ""magnam"", ""ratione""]",Molestiae autem inventore porro repudiandae numquam blanditiis.,Pendiente evaluación,80%,Solo,54,Sí,No,Chilena,$400.000 - $600.000,$1.000.000
CONV-10313,2025-02-04,Tenetur qui quod voluptates molestiae eum.,6,giovanna.alfaro.demo28999@hotmail.com,"[""officiis"", ""quos""]",Saepe quisquam dolores labore.,DS1,No registra,Solo,50,Sí,Sí,Chilena,$900.001 - $1.200.000,$500.000
CONV-10314,2024-12-09,Possimus consequuntur quidem deleniti nulla. Nihil explicabo id.,8,javiera.vidal.demo10892@gmail.com,"[""ipsam"", ""voluptatibus"", ""nobis"", ""pariatur""]",Deleniti eveniet possimus alias.,DS49,40%,Familia,46,No,No,Chilena,$900.001 - $1.200.000,$1.000.000
CONV-10315,2024-06-09,Labore aut ipsa natus expedita saepe libero ducimus.,24,javiera.vidal.demo10892@gmail.com,"[""dolorum""]",Tenetur doloribus voluptatem hic provident impedit perferendis totam.,DS19,No registra,Solo,47,No,No,Chilena,Más de $1.200.000,$500.000
CONV-10316,2024-11-19,Quam accusantium impedit fugiat. Dolores molestias vel ea quae nostrum.,3,juan.soto.demo45608@hotmail.com,"[""voluptas""]",Voluptatum accusamus culpa sapiente fugiat atque.,DS1,40%,Familia,62,No,No,Chilena,$600.001 - $900.000,$1.000.000
CONV-10317,2024-08-22,Vero incidunt excepturi incidunt mollitia quas. Dolores ex tempora voluptatibus.,16,juan.soto.demo45608@hotmail.com,"[""eveniet"", ""fuga"", ""odit""]",Quo provident veritatis omnis voluptates aspernatur necessitatibus.,Ninguno,60%,Cónyuge,54,Sí,No,Chilena,$400.000 - $600.000,$2.000.000
CONV-10318,2026-05-08,Molestiae sunt consequuntur iste. Laboriosam perferendis fuga.,15,jorge.figueroa.demo34178@hotmail.com,"[""error"", ""cumque"", ""atque"", ""accusamus""]",Fugiat et illum cum repellat quam fugiat numquam.,Pendiente evaluación,40%,Familia,31,Sí,Sí,Chilena,$400.000 - $600.000,$1.000.000
CONV-10319,2025-01-23,Quos voluptatem eligendi. Repudiandae quidem molestiae quisquam ex.,16,jorge.figueroa.demo34178@hotmail.com,"[""eaque"", ""nostrum"", ""aliquid"", ""dolorum""]",Perspiciatis maiores ducimus omnis quisquam dolores.,DS19,60%,Otros,43,Sí,No,Chilena,$600.001 - $900.000,$500.000
CONV-10320,2025-07-09,Dolore consequatur debitis cum enim accusamus. At non quibusdam rem facere nemo.,18,javiera.martinez.demo47881@gmail.com,"[""saepe"", ""autem""]",Praesentium quo vitae dolore incidunt nihil.,Ninguno,60%,Familia,47,No,No,Chilena,$400.000 - $600.000,$2.000.000
CONV-10321,2024-06-11,Doloribus occaecati hic itaque earum odit vitae. Nam nobis numquam aliquam.,18,jesus.parra.demo23189@hotmail.com,"[""inventore""]",Possimus dolor rem repudiandae.,DS19,80%,Cónyuge,60,Sí,Sí,Chilena,$900.001 - $1.200.000,$2.000.000
CONV-10322,2026-01-24,Ipsam ad aperiam temporibus doloribus.,18,jesus.parra.demo23189@hotmail.com,"[""eveniet""]",Repudiandae incidunt enim vero ab ducimus rem.,Pendiente evaluación,No registra,Otros,31,No,Sí,Chilena,Más de $1.200.000,Sin ahorro formal
CONV-10323,2025-12-24,Deleniti impedit quas itaque dolor provident.,21,jesus.parra.demo23189@hotmail.com,"[""veniam""]",Itaque deleniti perspiciatis laborum numquam soluta non.,Ninguno,80%,Cónyuge,33,Sí,Sí,Chilena,Más de $1.200.000,$2.000.000
CONV-10324,2024-06-28,Eveniet beatae aliquid optio. Ad reiciendis dolores optio.,9,martin.munoz.demo7168@outlook.com,"[""doloremque"", ""nemo"", ""perspiciatis"", ""adipisci""]",Accusantium nesciunt ullam repellendus distinctio eos.,Pendiente evaluación,60%,Familia,30,No,Sí,Chilena,Más de $1.200.000,$500.000
CONV-10325,2026-01-03,At repellat tempore deleniti.,25,jose.berrios.demo10220@gmail.com,"[""quis""]",Quibusdam adipisci cum doloremque neque soluta.,Pendiente evaluación,40%,Familia,49,No,Sí,Chilena,$400.000 - $600.000,$2.000.000
CONV-10326,2024-08-08,Nulla excepturi quidem et tempore suscipit facilis.,18,jose.berrios.demo10220@gmail.com,"[""fugiat"", ""totam"", ""quasi""]",Suscipit soluta repellendus incidunt ad.,Ninguno,40%,Cónyuge,48,No,No,Chilena,$900.001 - $1.200.000,Sin ahorro formal
CONV-10327,2024-07-24,Sint eum laborum temporibus assumenda.,22,alexander.hidalgo.demo11609@yahoo.com,"[""ab"", ""est"", ""doloribus""]",Ducimus nostrum dicta aperiam veniam quidem.,DS1,40%,Otros,36,Sí,Sí,Chilena,$400.000 - $600.000,$2.000.000
CONV-10328,2025-12-26,Ex incidunt eveniet aliquam praesentium commodi.,20,alexander.hidalgo.demo11609@yahoo.com,"[""laborum"", ""sunt""]",Suscipit officia numquam natus.,DS49,60%,Cónyuge,22,Sí,No,Chilena,$600.001 - $900.000,Sin ahorro formal
CONV-10329,2026-03-18,Amet fugit quam cupiditate quas nobis magni.,24,alexander.hidalgo.demo11609@yahoo.com,"[""totam"", ""veniam""]",Tenetur tempore reiciendis.,DS49,80%,Familia,24,No,No,Chilena,Más de $1.200.000,$2.000.000
CONV-10330,2024-06-23,Vero alias qui vero autem ducimus magni.,25,consuelo.riquelme.demo35156@hotmail.com,"[""in""]",Possimus accusantium necessitatibus eos.,Ninguno,40%,Solo,64,Sí,No,Chilena,Más de $1.200.000,$500.000
CONV-10331,2025-07-22,Omnis eaque dolores repellendus pariatur exercitationem.,11,consuelo.riquelme.demo35156@hotmail.com,"[""nisi"", ""neque""]",Quidem sapiente repudiandae accusantium magni soluta non.,Ninguno,60%,Otros,46,Sí,No,Chilena,$400.000 - $600.000,$500.000
CONV-10332,2025-02-26,Ratione possimus ex tempore nulla.,19,humberto.aravena.demo48196@yahoo.com,"[""similique"", ""dolore"", ""quia"", ""consequatur""]",Asperiores vel provident quia voluptate repellat fuga vel.,DS1,40%,Solo,69,No,No,Chilena,$900.001 - $1.200.000,Sin ahorro formal
CONV-10333,2024-08-16,Quia laudantium doloribus amet.,20,humberto.aravena.demo48196@yahoo.com,"[""quis"", ""delectus""]",Dolor eveniet hic maiores accusamus eaque accusamus.,DS49,60%,Familia,50,No,Sí,Chilena,$600.001 - $900.000,$2.000.000
CONV-10334,2026-01-12,Accusamus consequuntur quae minima tenetur voluptatem.,14,humberto.aravena.demo48196@yahoo.com,"[""culpa"", ""excepturi"", ""eum"", ""similique""]",Laborum quisquam possimus odit hic totam.,DS1,No registra,Solo,70,No,No,Chilena,$900.001 - $1.200.000,Sin ahorro formal
CONV-10335,2025-12-10,Unde ipsum itaque. Nulla sed eum ipsum.,12,isaias.contreras.demo48668@outlook.com,"[""magnam"", ""facilis""]",Fugiat at ut quisquam beatae neque.,DS19,40%,Otros,43,Sí,Sí,Chilena,$400.000 - $600.000,Sin ahorro formal
CONV-10336,2025-06-02,Aut totam tenetur. Harum alias eum cum.,7,tamara.arellano.demo6199@hotmail.com,"[""minus"", ""aut""]",Ipsa animi molestias consequatur.,Ninguno,60%,Solo,40,Sí,Sí,Chilena,$400.000 - $600.000,$2.000.000
CONV-10337,2025-06-01,Alias consequuntur libero non inventore. Consequuntur et delectus deserunt dolor.,10,tamara.arellano.demo6199@hotmail.com,"[""sunt"", ""voluptates"", ""adipisci"", ""neque""]",Blanditiis velit quidem nostrum quod libero.,Pendiente evaluación,60%,Cónyuge,52,Sí,Sí,Chilena,Más de $1.200.000,$1.000.000
CONV-10338,2026-03-31,Placeat aperiam pariatur nemo fugiat dicta.,24,myriam.lara.demo47010@gmail.com,"[""eos"", ""magni""]",Eius dolores labore aliquam occaecati dolore labore.,DS1,40%,Solo,54,No,No,Chilena,$400.000 - $600.000,$500.000
CONV-10339,2024-12-21,Exercitationem ullam ex nulla a magnam recusandae.,13,myriam.lara.demo47010@gmail.com,"[""omnis"", ""veritatis""]",Cum at commodi ab.,Pendiente evaluación,80%,Familia,64,No,No,Chilena,$900.001 - $1.200.000,$1.000.000
CONV-10340,2025-05-15,Odit corporis ex. Ad laborum eligendi voluptas pariatur.,10,myriam.lara.demo47010@gmail.com,"[""harum"", ""odio"", ""fuga""]",Ea architecto autem quia doloremque optio expedita.,DS49,40%,Familia,47,Sí,Sí,Venezolana,$600.001 - $900.000,Sin ahorro formal
CONV-10341,2025-07-03,Aliquid dolor excepturi est.,19,carolina.toro.demo37703@yahoo.com,"[""molestiae"", ""quia"", ""sequi"", ""earum""]",Maxime eum eum iusto.,Ninguno,60%,Otros,22,Sí,No,Chilena,$600.001 - $900.000,$1.000.000
CONV-10342,2024-08-06,Veniam repellat aperiam. Dicta cupiditate porro.,12,carolina.toro.demo37703@yahoo.com,"[""blanditiis"", ""sed"", ""beatae"", ""repellendus""]",Sapiente consequatur dolore aperiam.,Ninguno,60%,Otros,46,No,Sí,Venezolana,$400.000 - $600.000,Sin ahorro formal
CONV-10343,2026-01-15,Magnam quae quos maxime minus numquam.,16,carolina.toro.demo37703@yahoo.com,"[""hic"", ""officia"", ""sapiente""]",Sapiente minima ea amet.,DS1,80%,Solo,25,No,No,Chilena,Más de $1.200.000,Sin ahorro formal
CONV-10344,2025-06-03,Natus maxime quam tempora sunt alias aliquam.,3,marcia.tapia.demo49897@gmail.com,"[""similique""]",Fugiat iusto minus veniam nulla.,DS49,80%,Cónyuge,53,No,No,Chilena,$400.000 - $600.000,$1.000.000
CONV-10345,2026-02-17,Cupiditate vero et. Ut qui cumque distinctio animi architecto.,19,catalina.vera.demo41690@hotmail.com,"[""dolorum"", ""similique"", ""nemo""]",Ab quo animi porro reprehenderit placeat.,Pendiente evaluación,80%,Cónyuge,30,Sí,No,Chilena,$400.000 - $600.000,$500.000
CONV-10346,2026-04-16,Voluptas quisquam dolorem iusto architecto distinctio incidunt eum.,4,catalina.vera.demo41690@hotmail.com,"[""sed"", ""laborum""]",Earum tempore ducimus rem.,Ninguno,80%,Cónyuge,49,No,Sí,Chilena,$600.001 - $900.000,$1.000.000
CONV-10347,2024-08-26,Sed est numquam quisquam doloremque molestias.,24,catalina.vera.demo41690@hotmail.com,"[""at"", ""repellendus"", ""mollitia""]",Facilis quibusdam natus eos.,Ninguno,60%,Solo,70,No,Sí,Chilena,$900.001 - $1.200.000,$1.000.000
CONV-10348,2025-08-18,Cupiditate eos occaecati impedit.,11,luis.bravo.demo31965@outlook.com,"[""incidunt"", ""non"", ""quibusdam""]",Quos enim nobis veniam modi maiores.,Pendiente evaluación,80%,Solo,49,No,Sí,Chilena,$400.000 - $600.000,$2.000.000
CONV-10349,2025-01-20,Quibusdam mollitia molestiae quisquam. Nam a unde maiores eligendi sit.,4,luis.bravo.demo31965@outlook.com,"[""commodi""]",Excepturi est hic laudantium eligendi.,Pendiente evaluación,No registra,Familia,46,Sí,Sí,Chilena,$900.001 - $1.200.000,$500.000
CONV-10350,2024-10-05,Quasi mollitia fuga eum. Provident quis doloremque neque.,23,luis.bravo.demo31965@outlook.com,"[""deserunt"", ""impedit""]",Dolorum distinctio aut eos tempore aspernatur.,DS19,80%,Solo,57,No,No,Venezolana,$900.001 - $1.200.000,Sin ahorro formal
CONV-10351,2024-07-26,Aliquam numquam et dolorem rerum.,8,cristian.sandoval.demo51290@outlook.com,"[""pariatur"", ""eveniet"", ""nisi""]",Molestias quidem numquam error deserunt possimus eum nisi.,Pendiente evaluación,60%,Otros,24,No,Sí,Chilena,$600.001 - $900.000,Sin ahorro formal
CONV-10352,2026-02-05,Alias soluta maxime deserunt illum magni ea. Voluptate quos expedita unde nostrum omnis.,25,cristian.sandoval.demo51290@outlook.com,"[""est"", ""consequatur"", ""quasi"", ""necessitatibus""]",Labore facere dolorem at commodi aspernatur quibusdam.,DS1,80%,Otros,66,No,No,Chilena,$600.001 - $900.000,$500.000
CONV-10353,2024-07-13,Aliquid asperiores accusantium culpa molestias veritatis occaecati.,20,cristian.sandoval.demo51290@outlook.com,"[""aperiam"", ""aperiam"", ""odit"", ""tempore""]",Explicabo dolores est totam perferendis.,Pendiente evaluación,60%,Solo,66,Sí,No,Chilena,Más de $1.200.000,$1.000.000
CONV-10354,2025-03-27,Reiciendis ab odit odit ipsa dolorum.,24,ernestina.zarate.demo23861@yahoo.com,"[""tempore"", ""facilis"", ""sapiente"", ""necessitatibus""]",Quisquam culpa iusto magni consequatur facere.,DS49,40%,Solo,38,Sí,Sí,Chilena,$600.001 - $900.000,Sin ahorro formal
CONV-10355,2024-08-20,Similique hic vel culpa eligendi quae. Quam mollitia totam corrupti.,20,camila.arriagada.demo3604@hotmail.com,"[""aliquid"", ""asperiores""]",Enim aut quos harum eum dolorem.,DS19,40%,Otros,28,Sí,Sí,Chilena,Más de $1.200.000,Sin ahorro formal
CONV-10356,2026-05-20,Accusantium ea fugit totam perspiciatis incidunt sit.,3,camila.arriagada.demo3604@hotmail.com,"[""neque"", ""deleniti"", ""suscipit"", ""quis""]",Suscipit non provident accusamus asperiores suscipit atque cumque.,Pendiente evaluación,60%,Cónyuge,48,Sí,No,Chilena,Más de $1.200.000,$2.000.000
CONV-10357,2025-10-01,Dolorum est odit quisquam placeat iusto. Molestiae sequi deleniti voluptas.,19,paulina.martinez.demo19512@outlook.com,"[""vitae"", ""soluta"", ""eveniet"", ""voluptatibus""]",Magni numquam exercitationem culpa.,DS1,80%,Cónyuge,34,Sí,No,Chilena,Más de $1.200.000,$2.000.000
CONV-10358,2025-05-21,Neque quo provident. Esse ex voluptate distinctio.,22,pamela.canales.demo39687@hotmail.com,"[""eligendi"", ""reiciendis"", ""praesentium""]",Beatae sint quaerat temporibus eius dignissimos.,DS1,No registra,Familia,27,No,No,Chilena,$400.000 - $600.000,$2.000.000
CONV-10359,2025-07-14,Pariatur harum earum explicabo. Fugit est tempore ratione.,4,pamela.canales.demo39687@hotmail.com,"[""repellat"", ""vitae"", ""corrupti""]",Eius enim sequi deserunt.,Pendiente evaluación,40%,Otros,27,Sí,Sí,Chilena,$600.001 - $900.000,Sin ahorro formal
CONV-10360,2025-04-01,Veritatis nesciunt sed ratione reprehenderit.,15,pamela.canales.demo39687@hotmail.com,"[""quod"", ""asperiores"", ""labore""]",Sed aliquid exercitationem alias molestias.,DS1,40%,Solo,20,No,No,Chilena,Más de $1.200.000,Sin ahorro formal
CONV-10361,2024-07-18,Inventore qui repellat officia natus animi.,4,maria.ortiz.demo36608@gmail.com,"[""quis"", ""explicabo"", ""repellendus"", ""iure""]",Earum vero eligendi fugiat sint.,DS49,60%,Familia,48,No,No,Peruana,Más de $1.200.000,Sin ahorro formal
CONV-10362,2025-02-17,Officia laudantium consequuntur nemo.,6,maria.ortiz.demo36608@gmail.com,"[""eligendi"", ""voluptatem""]",Illum nisi vel consequatur placeat.,Ninguno,60%,Familia,18,Sí,No,Chilena,$900.001 - $1.200.000,Sin ahorro formal
CONV-10363,2025-05-25,Illo commodi nulla fugiat nemo quas. Sint neque a quos ullam.,24,macarena.lazcano.demo10367@hotmail.com,"[""similique""]",Maxime maiores facere laboriosam similique officia accusantium qui.,Ninguno,80%,Solo,45,No,Sí,Venezolana,Más de $1.200.000,$2.000.000
CONV-10364,2024-10-18,Sunt ab asperiores quod ut harum ipsum.,3,macarena.lazcano.demo10367@hotmail.com,"[""aperiam"", ""repudiandae""]",Id earum sit tempora.,DS49,No registra,Otros,40,Sí,Sí,Chilena,Más de $1.200.000,Sin ahorro formal
CONV-10365,2026-01-28,Labore soluta inventore dolor et necessitatibus.,13,macarena.lazcano.demo10367@hotmail.com,"[""veniam""]",Deserunt molestias corrupti molestias aliquid dicta.,DS49,40%,Otros,48,Sí,Sí,Chilena,$400.000 - $600.000,$2.000.000
CONV-10366,2024-08-11,Officiis doloribus excepturi repudiandae dolore.,14,nelson.vera.demo19781@yahoo.com,"[""odit"", ""quasi""]",Velit quas at ducimus vitae eligendi voluptatibus.,Ninguno,60%,Familia,34,No,Sí,Chilena,$400.000 - $600.000,$1.000.000
CONV-10367,2025-05-01,Animi labore at unde amet perferendis.,17,pablo.castaneda.demo129@gmail.com,"[""exercitationem""]",Expedita reprehenderit occaecati ab deserunt.,DS1,No registra,Familia,29,Sí,Sí,Chilena,Más de $1.200.000,$1.000.000
CONV-10368,2024-08-10,Eius commodi quas numquam dolorum officia aut.,21,pablo.castaneda.demo129@gmail.com,"[""tempore"", ""nulla"", ""possimus"", ""error""]",Perferendis optio facilis eum officia voluptatibus.,Pendiente evaluación,60%,Solo,65,No,Sí,Chilena,$400.000 - $600.000,$2.000.000
CONV-10369,2026-04-13,Iste minus ullam sint ut fuga. Nihil incidunt laborum.,17,pablo.castaneda.demo129@gmail.com,"[""in""]",Occaecati modi magnam id exercitationem repudiandae.,DS1,40%,Solo,57,Sí,No,Chilena,$600.001 - $900.000,Sin ahorro formal
CONV-10370,2025-08-13,Eum non dolor velit. Culpa laboriosam consequatur cum animi dolorem provident.,11,alfonso.diaz.demo5442@yahoo.com,"[""reiciendis""]",Nobis recusandae delectus doloribus corporis ex repellat.,Pendiente evaluación,60%,Solo,40,Sí,Sí,Chilena,$900.001 - $1.200.000,$2.000.000
CONV-10371,2025-11-02,Debitis voluptates at blanditiis similique culpa officia earum.,15,alfonso.diaz.demo5442@yahoo.com,"[""corrupti""]",Voluptas a quas voluptas.,Ninguno,No registra,Cónyuge,18,No,Sí,Chilena,$600.001 - $900.000,$500.000
CONV-10372,2026-01-10,Ipsa possimus quasi aspernatur similique.,25,erika.rojas.demo7745@hotmail.com,"[""hic""]",Voluptas cumque eaque temporibus reiciendis accusamus sapiente.,DS1,60%,Cónyuge,43,No,No,Chilena,$900.001 - $1.200.000,$1.000.000
CONV-10373,2024-10-17,Quas consequuntur nesciunt recusandae rem.,4,erika.rojas.demo7745@hotmail.com,"[""ad"", ""corporis"", ""ex""]",Aut sequi est voluptatem dolor sint.,DS19,80%,Cónyuge,65,Sí,Sí,Venezolana,Más de $1.200.000,Sin ahorro formal
CONV-10374,2026-03-19,Laudantium ducimus quae velit laborum est.,13,erika.rojas.demo7745@hotmail.com,"[""nihil"", ""reiciendis"", ""vitae"", ""maxime""]",Exercitationem corporis quos nihil similique.,Ninguno,60%,Solo,59,Sí,Sí,Chilena,$400.000 - $600.000,$2.000.000
CONV-10375,2024-09-04,Alias nisi distinctio adipisci officiis.,5,gloria.gomez.demo36601@yahoo.com,"[""quas"", ""ratione"", ""minus""]",Dolorum occaecati fuga omnis in amet mollitia dolores.,DS1,40%,Cónyuge,24,Sí,No,Chilena,$400.000 - $600.000,Sin ahorro formal
CONV-10376,2024-12-06,Molestiae qui enim nobis repellat iste hic suscipit.,6,gloria.gomez.demo36601@yahoo.com,"[""sint"", ""deleniti"", ""dicta""]",Sunt adipisci beatae voluptatibus.,Ninguno,60%,Otros,43,No,Sí,Chilena,Más de $1.200.000,$1.000.000
CONV-10377,2025-07-03,Odit suscipit sequi maxime. Inventore iste culpa mollitia rerum minus.,19,gloria.gomez.demo36601@yahoo.com,"[""cumque""]",Nulla maxime fuga minima.,DS49,80%,Solo,55,Sí,Sí,Chilena,$900.001 - $1.200.000,$2.000.000
CONV-10378,2026-02-28,Odio fugiat ut doloribus. Iusto at alias non quidem beatae excepturi.,8,nelson.tapia.demo19947@outlook.com,"[""laboriosam"", ""pariatur"", ""ratione"", ""odio""]",A placeat aperiam expedita vero.,DS19,40%,Otros,49,No,Sí,Chilena,$900.001 - $1.200.000,$500.000
CONV-10379,2026-03-11,Modi dolorem velit ipsum incidunt.,12,nelson.tapia.demo19947@outlook.com,"[""laboriosam"", ""magni""]",Fugiat adipisci vel.,DS49,No registra,Otros,20,No,Sí,Chilena,$600.001 - $900.000,Sin ahorro formal
CONV-10380,2025-10-02,Exercitationem neque nostrum nobis rerum eos.,8,maria.cardenas.demo4991@yahoo.com,"[""ex""]",Libero veniam molestias tenetur architecto.,Pendiente evaluación,80%,Solo,42,Sí,Sí,Chilena,$600.001 - $900.000,$500.000
CONV-10381,2025-04-18,Repellat nostrum vero ducimus eum delectus. Ut tenetur magnam voluptatem.,20,maria.cardenas.demo4991@yahoo.com,"[""aspernatur"", ""rem"", ""harum"", ""at""]",Autem iste numquam impedit maiores assumenda amet.,DS1,60%,Solo,39,No,No,Chilena,Más de $1.200.000,$1.000.000
CONV-10382,2025-08-09,Dolore repudiandae quia praesentium eaque eveniet mollitia.,6,joaquin.letelier.demo21001@gmail.com,"[""ratione"", ""suscipit"", ""nostrum""]",Harum eligendi provident quos illo earum quis dolor.,Pendiente evaluación,40%,Solo,59,No,No,Chilena,$900.001 - $1.200.000,Sin ahorro formal
CONV-10383,2024-09-24,Debitis inventore magnam blanditiis reprehenderit quaerat ab earum.,21,monica.figueroa.demo31491@yahoo.com,"[""culpa"", ""quod"", ""eligendi""]",Ad fugit molestias minus neque.,Pendiente evaluación,60%,Familia,43,Sí,Sí,Venezolana,Más de $1.200.000,$2.000.000
CONV-10384,2025-09-15,Quis iusto minima explicabo quo soluta repellat.,24,monica.figueroa.demo31491@yahoo.com,"[""dolores"", ""rerum"", ""sapiente"", ""explicabo""]",Ea consequatur molestias harum nulla quod.,Pendiente evaluación,40%,Cónyuge,48,Sí,No,Chilena,$600.001 - $900.000,Sin ahorro formal
CONV-10385,2025-09-27,Eaque aliquid quidem inventore sapiente quod. Necessitatibus ea quia hic.,23,monica.figueroa.demo31491@yahoo.com,"[""ad"", ""tempore""]",Ratione temporibus tempora voluptas.,Ninguno,40%,Familia,37,No,Sí,Colombiana,$900.001 - $1.200.000,$2.000.000
CONV-10386,2025-02-26,Sed ab enim architecto eveniet id iusto.,19,yessica.moya.demo14452@outlook.com,"[""necessitatibus"", ""alias"", ""saepe""]",Quis sit adipisci vero accusamus voluptas perferendis voluptates.,DS19,No registra,Familia,59,Sí,Sí,Chilena,$900.001 - $1.200.000,$1.000.000
CONV-10387,2025-12-06,Dolorum nam sit suscipit rerum incidunt ipsum.,19,vicente.castro.demo27338@outlook.com,"[""qui""]",Dicta voluptates qui rerum nemo repellat quo.,DS19,No registra,Solo,24,Sí,Sí,Chilena,$900.001 - $1.200.000,Sin ahorro formal
CONV-10388,2025-07-01,Est ratione nulla eaque mollitia dolor a exercitationem.,16,vicente.castro.demo27338@outlook.com,"[""vel"", ""et""]",Saepe natus minus.,DS19,60%,Solo,19,Sí,Sí,Chilena,Más de $1.200.000,$1.000.000
CONV-10389,2024-08-30,Beatae modi ea doloribus. Alias enim aliquid fugit qui voluptates.,13,vicente.castro.demo27338@outlook.com,"[""fuga"", ""impedit""]",Optio totam accusantium nihil ea.,DS19,No registra,Solo,41,Sí,Sí,Chilena,$900.001 - $1.200.000,$1.000.000
CONV-10390,2026-02-19,Corporis cumque mollitia a.,15,veronica.lopez.demo35660@hotmail.com,"[""dolore"", ""nihil"", ""commodi"", ""dolores""]",Quae sequi placeat deleniti eius.,Ninguno,80%,Solo,43,Sí,Sí,Chilena,$900.001 - $1.200.000,$500.000
CONV-10391,2025-12-14,Sint non vero quidem.,6,veronica.lopez.demo35660@hotmail.com,"[""minus""]",Laborum laborum saepe dolorum facere ea.,Pendiente evaluación,40%,Familia,47,No,No,Chilena,Más de $1.200.000,$1.000.000
CONV-10392,2024-07-21,Odio amet fuga. Aliquid incidunt vero eveniet dolorum.,17,camila.correa.demo46835@outlook.com,"[""doloremque"", ""sint""]",Unde nobis nisi error hic.,Ninguno,60%,Cónyuge,64,Sí,Sí,Chilena,$900.001 - $1.200.000,$1.000.000
CONV-10393,2024-12-19,Inventore repellendus ut. Unde ratione a architecto.,13,camila.correa.demo46835@outlook.com,"[""mollitia"", ""voluptate"", ""architecto""]",Reiciendis aliquid dolore expedita similique natus quisquam.,Ninguno,80%,Familia,51,No,Sí,Chilena,$400.000 - $600.000,$500.000
CONV-10394,2025-01-29,Hic a consequatur quaerat quaerat soluta. Molestias quaerat sint incidunt.,10,camila.correa.demo46835@outlook.com,"[""deserunt""]",Culpa est vero.,DS1,80%,Familia,59,Sí,Sí,Chilena,Más de $1.200.000,$500.000
CONV-10395,2025-05-24,Sapiente omnis explicabo. Voluptas quidem debitis unde doloribus.,23,elizabeth.diaz.demo9512@yahoo.com,"[""neque"", ""doloribus""]",Ducimus consequatur necessitatibus pariatur molestias voluptatem esse quia.,DS1,60%,Otros,51,Sí,No,Chilena,Más de $1.200.000,$1.000.000
CONV-10396,2026-02-14,Nisi consequatur nam provident. Dolor vel aliquid adipisci quae.,3,luis.parra.demo25272@hotmail.com,"[""quibusdam"", ""nobis"", ""deserunt""]",Fugiat beatae at culpa voluptate officia.,Pendiente evaluación,60%,Solo,63,Sí,No,Chilena,$600.001 - $900.000,$500.000
CONV-10397,2026-01-04,Explicabo eum deleniti maiores tempora.,23,luis.parra.demo25272@hotmail.com,"[""magnam"", ""libero"", ""eaque""]",Voluptatum velit asperiores provident optio animi fugiat.,DS1,60%,Otros,56,No,No,Chilena,$900.001 - $1.200.000,$2.000.000
CONV-10398,2024-09-18,Quod voluptate quo earum nesciunt saepe labore. Rem nesciunt quidem quod fugiat.,13,martin.medina.demo46222@hotmail.com,"[""aperiam"", ""quaerat"", ""aliquam""]",Necessitatibus nulla saepe accusantium libero tempora nobis.,DS49,60%,Familia,31,No,No,Chilena,$900.001 - $1.200.000,$2.000.000
CONV-10399,2026-03-08,Amet minus inventore modi. Totam sequi cumque.,6,alexia.vera.demo28032@outlook.com,"[""ab"", ""amet"", ""nihil""]",Unde et assumenda molestias.,Pendiente evaluación,60%,Familia,62,No,Sí,Chilena,$900.001 - $1.200.000,$2.000.000
CONV-10400,2026-03-06,Dignissimos culpa porro suscipit facilis vero officia.,24,fernanda.tapia.demo29499@outlook.com,"[""repellendus"", ""exercitationem"", ""pariatur"", ""nam""]",Deserunt molestias incidunt sint unde nostrum reprehenderit iure.,DS1,No registra,Familia,68,No,Sí,Chilena,$900.001 - $1.200.000,$1.000.000
CONV-10401,2025-05-07,Molestiae veritatis accusamus magnam. Distinctio debitis mollitia beatae.,17,fernanda.tapia.demo29499@outlook.com,"[""quis""]",Aspernatur esse voluptatum voluptatem dolores cumque.,Pendiente evaluación,No registra,Otros,50,Sí,Sí,Chilena,$400.000 - $600.000,$500.000
CONV-10402,2025-08-22,Provident totam voluptatibus eligendi. Laudantium nesciunt nisi quod sit quos.,11,johana.espinoza.demo28299@outlook.com,"[""fugiat"", ""deleniti"", ""modi"", ""nam""]",Iusto cum quibusdam excepturi consequuntur.,DS1,No registra,Otros,47,No,No,Chilena,$400.000 - $600.000,Sin ahorro formal
CONV-10403,2024-12-31,Eveniet sit tempore ea molestias inventore.,6,johana.espinoza.demo28299@outlook.com,"[""omnis"", ""facere""]",Doloribus non ipsam exercitationem recusandae.,DS49,60%,Otros,47,No,Sí,Chilena,$400.000 - $600.000,$2.000.000
CONV-10404,2025-05-22,Sed nesciunt aspernatur repudiandae. Omnis itaque laborum unde quam.,21,maria.concha.demo31430@outlook.com,"[""recusandae""]",Illum itaque ullam autem consectetur.,DS1,40%,Familia,25,No,Sí,Chilena,$400.000 - $600.000,$2.000.000
CONV-10405,2025-01-13,Nemo explicabo explicabo aut. Delectus aperiam placeat cupiditate qui inventore exercitationem.,22,maria.concha.demo31430@outlook.com,"[""at"", ""quidem"", ""dolorem""]",Enim commodi eveniet autem similique modi dolor.,DS49,No registra,Otros,32,No,Sí,Chilena,$400.000 - $600.000,$1.000.000
CONV-10406,2025-04-26,Rerum similique ipsam aspernatur maiores. Unde commodi vero cupiditate ut.,7,maria.concha.demo31430@outlook.com,"[""cum""]",Dolor ex voluptatem minima.,DS19,40%,Cónyuge,66,Sí,No,Chilena,$600.001 - $900.000,Sin ahorro formal
CONV-10407,2025-06-27,Molestiae adipisci explicabo laboriosam delectus.,8,leonor.munoz.demo5398@outlook.com,"[""assumenda"", ""corporis"", ""ipsa"", ""explicabo""]",Voluptas perspiciatis accusantium.,DS19,80%,Familia,39,No,No,Chilena,$400.000 - $600.000,$1.000.000
CONV-10408,2026-05-10,Nobis occaecati totam autem non amet nesciunt expedita. Necessitatibus ab rem veritatis.,10,javiera.campos.demo36314@hotmail.com,"[""ea"", ""beatae"", ""et""]",Placeat vitae perferendis rem architecto.,DS19,40%,Familia,66,Sí,No,Venezolana,$600.001 - $900.000,$1.000.000
CONV-10409,2025-01-28,Ratione voluptatum est accusamus.,16,javiera.campos.demo36314@hotmail.com,"[""sit"", ""rem""]",Itaque earum illum.,DS49,60%,Otros,48,No,No,Colombiana,Más de $1.200.000,$1.000.000
CONV-10410,2025-08-07,Sapiente sunt pariatur sapiente.,8,javiera.campos.demo36314@hotmail.com,"[""saepe"", ""ut"", ""nisi"", ""commodi""]",Atque provident alias eos.,Pendiente evaluación,60%,Cónyuge,32,Sí,No,Chilena,$400.000 - $600.000,$1.000.000
CONV-10411,2025-03-01,Repellendus assumenda quod corrupti laboriosam.,9,elba.guerrero.demo26793@yahoo.com,"[""laudantium""]",Vel aliquid consequuntur temporibus rem officiis.,DS49,80%,Familia,63,Sí,Sí,Chilena,$900.001 - $1.200.000,$1.000.000
CONV-10412,2025-10-04,Numquam totam quaerat vel magnam aliquid. Labore odio eaque repudiandae.,16,soraya.reyes.demo23398@gmail.com,"[""deserunt""]",Quibusdam libero quo nemo dolor eius.,Ninguno,No registra,Familia,69,No,No,Chilena,$900.001 - $1.200.000,Sin ahorro formal
CONV-10413,2025-03-17,Esse vel nam esse numquam ex. Consequatur expedita laboriosam laboriosam omnis.,15,soraya.reyes.demo23398@gmail.com,"[""reprehenderit"", ""rerum"", ""eos""]",Vitae iure temporibus aspernatur et.,DS1,No registra,Solo,27,Sí,Sí,Chilena,$400.000 - $600.000,Sin ahorro formal
CONV-10414,2024-08-19,Exercitationem ipsum architecto.,18,soraya.reyes.demo23398@gmail.com,"[""quae""]",Explicabo rerum quasi earum praesentium quidem ea.,DS49,60%,Otros,21,Sí,Sí,Chilena,$600.001 - $900.000,$500.000
CONV-10415,2026-05-17,Tempore rerum architecto dolorum exercitationem placeat ipsum.,10,eduardo.contreras.demo6761@gmail.com,"[""consectetur"", ""reprehenderit"", ""ullam"", ""quaerat""]",A repellat explicabo neque.,DS1,80%,Familia,25,Sí,No,Chilena,$600.001 - $900.000,Sin ahorro formal
CONV-10416,2026-05-23,Minus ipsum iure excepturi. Deleniti voluptates nemo.,24,patricio.candia.demo37288@hotmail.com,"[""adipisci"", ""eligendi"", ""rem"", ""harum""]",Blanditiis laborum veritatis rem perferendis quasi.,Pendiente evaluación,80%,Solo,42,No,Sí,Chilena,$900.001 - $1.200.000,$2.000.000
CONV-10417,2024-10-31,Quo corporis iure voluptates eum iste. Consectetur quas ipsa.,13,patricio.candia.demo37288@hotmail.com,"[""porro"", ""repellendus"", ""aspernatur""]",Architecto natus deserunt neque delectus.,DS49,60%,Otros,34,No,No,Chilena,$400.000 - $600.000,$500.000
CONV-10418,2026-05-25,Error atque nobis incidunt. Cumque doloribus dicta neque.,25,maria.rebolledo.demo5967@hotmail.com,"[""eaque""]",Ea omnis vero.,DS49,No registra,Cónyuge,36,No,No,Chilena,Más de $1.200.000,$1.000.000
CONV-10419,2024-11-14,Possimus veniam error aliquid fugit.,18,maria.rebolledo.demo5967@hotmail.com,"[""modi"", ""repudiandae""]",Quisquam aperiam aperiam quo officiis.,DS49,60%,Otros,24,Sí,No,Chilena,$600.001 - $900.000,$2.000.000
CONV-10420,2024-11-23,Aliquid aliquid similique. Corporis corporis magnam odio.,17,maria.rebolledo.demo5967@hotmail.com,"[""ex"", ""asperiores"", ""tempore"", ""dignissimos""]",Amet quaerat delectus magnam cupiditate unde deleniti.,DS19,60%,Cónyuge,27,No,No,Chilena,Más de $1.200.000,$1.000.000
CONV-10421,2024-08-06,Corporis quae magnam amet molestias molestiae. Commodi ad est dolorem.,25,maria.galaz.demo94@outlook.com,"[""fugit"", ""fugit"", ""veniam"", ""non""]",Eum porro voluptatum similique odit vero porro.,DS19,80%,Familia,22,No,No,Peruana,$400.000 - $600.000,$1.000.000
CONV-10422,2024-06-23,Ab nobis perspiciatis autem cum sint magni.,21,maria.galaz.demo94@outlook.com,"[""odit""]",Corporis cumque quas quae suscipit rem laudantium.,DS1,60%,Familia,48,No,No,Chilena,$900.001 - $1.200.000,$1.000.000
CONV-10423,2024-08-05,Porro dolor vitae. Nam nemo a.,20,jorge.munoz.demo12578@gmail.com,"[""error"", ""veniam"", ""rem"", ""dolore""]",Repellendus eum reiciendis vitae impedit quasi nisi.,Pendiente evaluación,40%,Familia,55,No,Sí,Venezolana,$400.000 - $600.000,Sin ahorro formal
CONV-10424,2024-10-21,Blanditiis quo sed illo tempore. Quasi aspernatur quas veritatis amet.,23,monica.garcia.demo13557@hotmail.com,"[""ducimus"", ""facilis"", ""nisi""]",Consectetur praesentium quasi rem optio.,DS49,80%,Familia,63,No,No,Chilena,Más de $1.200.000,$2.000.000
CONV-10425,2024-12-13,Illo nulla officiis et. Suscipit nostrum nihil accusamus expedita amet dolorem.,15,ambar.vilches.demo51995@yahoo.com,"[""maxime"", ""impedit""]",Occaecati velit quis cupiditate non minima amet.,DS49,No registra,Familia,30,Sí,Sí,Chilena,Más de $1.200.000,$500.000
CONV-10426,2024-11-21,Quia voluptates ad doloribus odit esse tenetur.,5,ambar.vilches.demo51995@yahoo.com,"[""nulla"", ""debitis""]",Hic officiis adipisci fugit optio quo ad.,DS49,60%,Otros,63,No,Sí,Chilena,Más de $1.200.000,Sin ahorro formal
CONV-10427,2026-01-06,Distinctio atque facere ipsum.,14,jessica.nunez.demo47773@yahoo.com,"[""quis"", ""deserunt""]",Unde fugiat recusandae neque.,Pendiente evaluación,40%,Cónyuge,40,Sí,No,Chilena,$600.001 - $900.000,$500.000
CONV-10428,2026-04-30,Dolorum veritatis aspernatur iusto.,22,maria.vera.demo23720@hotmail.com,"[""eos"", ""facere"", ""ducimus"", ""reprehenderit""]",Quae porro illum perferendis provident.,Ninguno,40%,Otros,30,Sí,Sí,Peruana,$900.001 - $1.200.000,$2.000.000
CONV-10429,2026-01-06,Commodi laborum reiciendis occaecati nisi. Dicta in debitis dolorum eveniet eum temporibus.,6,maria.vera.demo23720@hotmail.com,"[""quod"", ""laboriosam"", ""amet"", ""numquam""]",Quaerat corrupti quidem praesentium.,DS49,No registra,Otros,53,No,No,Chilena,$900.001 - $1.200.000,Sin ahorro formal
CONV-10430,2026-05-05,Nesciunt facere maiores illo.,8,maria.vera.demo23720@hotmail.com,"[""doloribus""]",Similique reprehenderit nemo nostrum aperiam voluptatum.,DS1,60%,Familia,40,No,No,Chilena,$900.001 - $1.200.000,Sin ahorro formal
CONV-10431,2024-08-04,Dolore deleniti assumenda neque enim. Vel error qui ratione.,12,emiliano.fuentes.demo33118@gmail.com,"[""dolores"", ""consequatur""]",Omnis suscipit repellat magni dolores distinctio.,DS49,40%,Familia,33,Sí,No,Chilena,$600.001 - $900.000,$1.000.000
CONV-10432,2025-10-06,Odit ad natus ut hic. Nostrum iste et quo.,3,emiliano.fuentes.demo33118@gmail.com,"[""pariatur"", ""molestias"", ""modi""]",Incidunt sint enim accusantium voluptas dolores.,Ninguno,80%,Familia,32,Sí,No,Chilena,$900.001 - $1.200.000,$2.000.000
CONV-10433,2024-09-01,Illum numquam sit ducimus.,19,maria.gonzalez.demo36275@yahoo.com,"[""labore"", ""eos"", ""suscipit""]",Dolor libero reiciendis optio quasi incidunt odio facilis.,DS19,No registra,Solo,60,Sí,Sí,Chilena,$600.001 - $900.000,Sin ahorro formal
CONV-10434,2024-10-04,Sit aut quae porro.,22,maria.gonzalez.demo36275@yahoo.com,"[""earum"", ""vitae"", ""quam"", ""quos""]",Praesentium vero provident.,DS1,80%,Otros,26,Sí,Sí,Chilena,$600.001 - $900.000,Sin ahorro formal
CONV-10435,2024-09-13,Ipsa ex illo suscipit corrupti voluptatum.,16,maria.gonzalez.demo36275@yahoo.com,"[""accusamus"", ""odio"", ""doloribus"", ""quae""]",Accusantium molestiae vitae ut veritatis recusandae.,DS1,60%,Cónyuge,53,No,No,Chilena,Más de $1.200.000,$2.000.000
CONV-10436,2025-06-15,Ab natus facere quasi quod illo voluptates.,12,marcia.castillo.demo32092@yahoo.com,"[""recusandae"", ""at"", ""voluptatem"", ""dolorem""]",Assumenda eius culpa magnam corporis debitis quia.,DS49,80%,Cónyuge,39,No,Sí,Chilena,$900.001 - $1.200.000,Sin ahorro formal
CONV-10437,2024-11-07,Blanditiis molestiae voluptatum.,19,marcia.castillo.demo32092@yahoo.com,"[""voluptatum""]",Hic officia necessitatibus inventore suscipit.,Ninguno,No registra,Otros,34,Sí,No,Chilena,$400.000 - $600.000,$2.000.000
CONV-10438,2025-07-12,Eos consequuntur recusandae architecto soluta quisquam. Blanditiis sequi voluptas beatae.,10,maria.villalobos.demo46355@outlook.com,"[""totam"", ""eaque"", ""quaerat"", ""voluptatem""]",Alias adipisci eos quasi saepe.,Pendiente evaluación,60%,Solo,36,No,No,Chilena,$600.001 - $900.000,$500.000
CONV-10439,2025-12-01,Veniam quia sint placeat totam natus dolores.,12,catalina.rodriguez.demo14648@outlook.com,"[""nam""]",Occaecati doloribus culpa numquam odit repellat.,DS1,80%,Otros,29,Sí,No,Venezolana,$600.001 - $900.000,$2.000.000
CONV-10440,2025-01-02,Provident aspernatur quas. Illum quas maxime eaque.,22,catalina.rodriguez.demo14648@outlook.com,"[""cum"", ""blanditiis""]",Et assumenda aliquid soluta ratione doloremque ullam.,DS19,80%,Familia,24,No,No,Chilena,$600.001 - $900.000,Sin ahorro formal
CONV-10441,2025-07-20,Doloremque culpa non quaerat temporibus at.,12,catalina.rodriguez.demo14648@outlook.com,"[""illum"", ""temporibus"", ""totam"", ""iure""]",Quia id quasi illum impedit voluptas ratione.,Ninguno,60%,Otros,22,No,Sí,Chilena,Más de $1.200.000,$2.000.000
CONV-10442,2025-11-13,Excepturi quia illum voluptas cumque.,21,jose.vallejos.demo10091@outlook.com,"[""ipsum"", ""modi"", ""autem""]",Sit vitae distinctio exercitationem.,DS19,80%,Otros,39,No,Sí,Chilena,Más de $1.200.000,$1.000.000
CONV-10443,2024-08-02,Earum omnis accusantium mollitia inventore perspiciatis cumque.,16,carolina.herrera.demo24296@hotmail.com,"[""tempore"", ""hic"", ""hic""]",Nesciunt sapiente sequi officiis at odit eum ducimus.,DS19,60%,Familia,62,No,Sí,Chilena,$400.000 - $600.000,Sin ahorro formal
CONV-10444,2025-04-06,Tempora itaque doloremque doloremque corporis quas.,9,carolina.herrera.demo24296@hotmail.com,"[""amet"", ""totam"", ""incidunt"", ""maiores""]",Occaecati sed tempora maxime provident velit unde.,Ninguno,40%,Solo,44,Sí,No,Chilena,$400.000 - $600.000,$1.000.000
CONV-10445,2024-09-19,Sit quisquam quia eius facilis molestias.,20,luis.urrutia.demo7685@yahoo.com,"[""sint"", ""sed""]",In earum cupiditate eveniet.,DS1,80%,Cónyuge,58,No,Sí,Venezolana,$400.000 - $600.000,$2.000.000
CONV-10446,2026-01-29,Eveniet placeat nobis odio fugit odio.,13,luis.urrutia.demo7685@yahoo.com,"[""quas"", ""animi"", ""deserunt"", ""omnis""]",Dolor molestias eum libero.,DS49,60%,Solo,41,No,No,Venezolana,$900.001 - $1.200.000,Sin ahorro formal
CONV-10447,2025-02-10,Nulla illo facilis eius. Minus magni laboriosam harum qui quia.,21,luis.urrutia.demo7685@yahoo.com,"[""maxime"", ""quia""]",Velit quis laborum tempora id suscipit ipsam.,Pendiente evaluación,No registra,Solo,53,No,No,Chilena,$600.001 - $900.000,$2.000.000
CONV-10448,2024-12-11,Pariatur expedita voluptatum impedit adipisci fugit possimus.,21,sara.bustamante.demo6189@hotmail.com,"[""laboriosam"", ""est"", ""quisquam""]",Quos repellendus eligendi reprehenderit illo quae.,DS19,80%,Familia,59,No,No,Venezolana,$900.001 - $1.200.000,Sin ahorro formal
CONV-10449,2026-02-10,Eveniet dolor dolores voluptatibus id ipsa.,7,eugenia.castro.demo26325@gmail.com,"[""hic""]",Aliquid quibusdam sit ut itaque quibusdam sequi similique.,Pendiente evaluación,40%,Cónyuge,49,No,Sí,Chilena,$900.001 - $1.200.000,$500.000
CONV-10450,2025-02-18,Amet fugit architecto necessitatibus rerum.,19,anahis.palma.demo10997@yahoo.com,"[""saepe"", ""cupiditate""]",Sunt quae aliquid voluptatibus.,Ninguno,No registra,Familia,69,Sí,No,Chilena,Más de $1.200.000,$2.000.000
CONV-10451,2025-11-10,Veritatis necessitatibus at occaecati accusamus inventore nulla expedita. Ab est harum minus.,15,anahis.palma.demo10997@yahoo.com,"[""in"", ""officia"", ""eligendi"", ""laborum""]",Distinctio culpa impedit at impedit a perspiciatis quas.,Pendiente evaluación,40%,Otros,40,Sí,Sí,Chilena,Más de $1.200.000,$2.000.000
CONV-10452,2024-08-18,Ratione aliquam aliquid officiis ratione itaque debitis.,13,anahis.palma.demo10997@yahoo.com,"[""reiciendis""]",Nobis sequi veniam explicabo consectetur odio officiis.,Pendiente evaluación,40%,Solo,69,No,Sí,Chilena,$600.001 - $900.000,$2.000.000
CONV-10453,2026-02-24,Officia eius ipsa earum. Illo corporis quidem laudantium consectetur eos.,20,vicente.araya.demo42671@yahoo.com,"[""officia"", ""impedit"", ""asperiores"", ""soluta""]",Praesentium cupiditate nam commodi.,Pendiente evaluación,No registra,Familia,64,Sí,No,Chilena,$900.001 - $1.200.000,$1.000.000
CONV-10454,2024-09-05,Aliquam distinctio voluptatibus facilis porro.,18,vicente.araya.demo42671@yahoo.com,"[""dignissimos"", ""maiores"", ""cupiditate""]",Voluptates est unde neque ipsa quas soluta.,DS19,40%,Familia,59,Sí,No,Chilena,$900.001 - $1.200.000,$500.000
CONV-10455,2026-01-30,Voluptatibus quidem fugiat.,23,vicente.araya.demo42671@yahoo.com,"[""molestiae""]",Nisi corporis laudantium pariatur nostrum repudiandae illum vel.,Ninguno,60%,Cónyuge,19,Sí,No,Chilena,Más de $1.200.000,$1.000.000
CONV-10456,2025-08-30,Molestias nisi officiis ea corrupti quidem dolor.,22,iris.angulo.demo35665@hotmail.com,"[""reprehenderit"", ""blanditiis""]",Sit incidunt libero consequuntur ullam.,Pendiente evaluación,80%,Solo,35,Sí,Sí,Chilena,$400.000 - $600.000,Sin ahorro formal
CONV-10457,2024-06-26,Nemo quo sint iste numquam dolor explicabo eum.,25,iris.angulo.demo35665@hotmail.com,"[""minus"", ""libero"", ""excepturi""]",Voluptatibus impedit dicta accusamus.,DS1,60%,Otros,50,No,No,Peruana,Más de $1.200.000,$500.000
CONV-10458,2026-03-08,Labore occaecati perferendis hic id ipsum nulla.,16,diego.lopez.demo5131@yahoo.com,"[""dicta"", ""sed""]",Repellendus at qui reiciendis ratione asperiores eveniet quibusdam.,DS1,80%,Cónyuge,45,Sí,No,Venezolana,$900.001 - $1.200.000,$500.000
CONV-10459,2024-09-15,A dolores temporibus animi.,10,edita.ponce.demo43711@gmail.com,"[""quibusdam""]",Dignissimos facere consectetur inventore fuga pariatur.,DS1,80%,Otros,65,No,No,Chilena,Más de $1.200.000,$2.000.000
CONV-10460,2024-07-29,Cum aliquid laborum.,14,edita.ponce.demo43711@gmail.com,"[""recusandae"", ""error""]",Nobis perspiciatis accusamus nesciunt ex facilis minima.,DS19,No registra,Cónyuge,40,Sí,No,Chilena,$400.000 - $600.000,Sin ahorro formal
CONV-10461,2024-11-16,Asperiores rerum necessitatibus animi.,14,edita.ponce.demo43711@gmail.com,"[""sint"", ""officiis""]",Dolorem modi quidem dolor.,DS1,40%,Familia,63,No,Sí,Chilena,$400.000 - $600.000,$2.000.000
CONV-10462,2026-05-03,Molestiae reprehenderit qui itaque minus saepe dolorem. Eius distinctio minus rerum quia.,23,manuel.villegas.demo43545@hotmail.com,"[""molestias"", ""itaque"", ""iure""]",Eius rem nisi suscipit eveniet dignissimos.,DS49,40%,Familia,36,No,No,Chilena,Más de $1.200.000,$1.000.000
CONV-10463,2025-03-21,Explicabo dicta voluptatem.,24,jose.sandoval.demo16924@gmail.com,"[""possimus""]",Odit voluptas autem.,DS49,No registra,Solo,34,No,No,Chilena,Más de $1.200.000,$500.000
CONV-10464,2024-09-20,Nihil similique quo exercitationem odit.,18,jose.sandoval.demo16924@gmail.com,"[""laudantium""]",Accusantium voluptas dolorum deserunt unde id.,Ninguno,No registra,Otros,40,No,No,Chilena,$600.001 - $900.000,$500.000
CONV-10465,2024-10-15,Mollitia quod corporis reprehenderit eligendi architecto impedit.,9,jose.sandoval.demo16924@gmail.com,"[""recusandae"", ""est""]",Nulla a amet eligendi placeat.,Ninguno,40%,Otros,23,No,No,Chilena,$400.000 - $600.000,$2.000.000
CONV-10466,2025-03-10,Ex enim neque placeat.,16,michael.moya.demo14661@hotmail.com,"[""alias""]",Vero voluptatum exercitationem similique iusto quo dolores.,DS1,80%,Cónyuge,27,No,No,Chilena,$600.001 - $900.000,$1.000.000
CONV-10467,2025-09-17,Ratione maxime enim tempora dolorum consequuntur amet.,6,michael.moya.demo14661@hotmail.com,"[""necessitatibus"", ""nemo"", ""sed"", ""fugit""]",Possimus doloribus voluptas aliquid adipisci.,Pendiente evaluación,40%,Familia,63,Sí,No,Chilena,Más de $1.200.000,$2.000.000
CONV-10468,2025-10-08,Eaque ea cumque aliquid possimus enim fugit. Doloremque cum harum ipsa impedit amet.,8,flavia.rojas.demo5117@hotmail.com,"[""iste""]",Ipsa occaecati explicabo sequi accusantium tempore ad.,DS49,80%,Familia,29,Sí,No,Chilena,Más de $1.200.000,$500.000
CONV-10469,2026-04-16,Itaque minus aspernatur adipisci quia sapiente dolorum.,11,flavia.rojas.demo5117@hotmail.com,"[""iusto"", ""omnis"", ""adipisci""]",Alias qui animi assumenda laborum corrupti.,DS49,80%,Otros,20,Sí,No,Chilena,$600.001 - $900.000,$1.000.000
CONV-10470,2025-06-09,Quasi esse nihil provident dolore. Qui voluptas quae. Dicta adipisci ullam amet.,9,hector.torres.demo49743@yahoo.com,"[""quam"", ""earum""]",Illo occaecati nam quidem temporibus explicabo.,DS1,40%,Familia,54,Sí,Sí,Chilena,$400.000 - $600.000,$1.000.000
CONV-10471,2026-05-02,Eos tenetur nostrum eligendi. Animi cupiditate ratione. Eum dicta recusandae incidunt.,21,maria.riquelme.demo44385@gmail.com,"[""amet""]",Ipsam quidem ipsam alias cumque commodi commodi.,Pendiente evaluación,60%,Solo,39,Sí,Sí,Chilena,$600.001 - $900.000,Sin ahorro formal
CONV-10472,2024-09-29,Nostrum temporibus delectus accusantium amet.,22,maria.riquelme.demo44385@gmail.com,"[""accusantium"", ""id"", ""similique"", ""minima""]",Ducimus excepturi recusandae iusto non dolor quibusdam.,Pendiente evaluación,No registra,Otros,37,Sí,Sí,Chilena,$600.001 - $900.000,$2.000.000
CONV-10473,2026-02-02,Quaerat ad quas eveniet culpa deleniti quo.,12,maria.ortiz.demo39677@gmail.com,"[""explicabo"", ""neque""]",Maiores impedit quam eius repellat accusamus pariatur.,DS1,80%,Solo,28,No,No,Venezolana,$400.000 - $600.000,Sin ahorro formal
CONV-10474,2024-07-27,Possimus nihil deserunt. Ratione alias quidem magni voluptatum.,16,maria.ortiz.demo39677@gmail.com,"[""quas""]",In dolor dolorum porro.,DS49,40%,Cónyuge,23,No,Sí,Chilena,$900.001 - $1.200.000,$500.000
CONV-10475,2024-08-10,Accusantium nostrum minus consectetur.,15,silvia.bustamante.demo25772@yahoo.com,"[""alias"", ""molestias"", ""consequatur"", ""unde""]",Amet ratione sequi molestias.,DS19,40%,Solo,28,Sí,No,Chilena,$900.001 - $1.200.000,$1.000.000
CONV-10476,2025-01-02,Hic quae autem sapiente.,5,silvia.bustamante.demo25772@yahoo.com,"[""voluptatibus""]",Atque et doloribus assumenda vitae corrupti.,DS19,80%,Solo,54,Sí,Sí,Peruana,Más de $1.200.000,Sin ahorro formal
CONV-10477,2025-05-27,Fugit quo corporis officiis. Ea deleniti tempora.,16,silvia.bustamante.demo25772@yahoo.com,"[""quia""]",In tempore natus numquam debitis at illo.,Pendiente evaluación,No registra,Solo,22,Sí,No,Chilena,$600.001 - $900.000,$500.000
CONV-10478,2026-03-29,Iusto impedit repellendus quaerat.,24,nora.quiroz.demo10815@yahoo.com,"[""pariatur"", ""cumque"", ""porro""]",Sit dolorum officia cumque.,Ninguno,No registra,Cónyuge,68,No,Sí,Chilena,Más de $1.200.000,$2.000.000
CONV-10479,2025-05-12,Distinctio error fugit non itaque. Incidunt vel dolorum beatae corporis.,7,nora.quiroz.demo10815@yahoo.com,"[""est"", ""esse""]",Maiores possimus voluptate expedita tempora.,DS1,60%,Familia,69,Sí,Sí,Chilena,$600.001 - $900.000,$2.000.000
CONV-10480,2024-10-02,Recusandae quod saepe quod. Natus officia asperiores deleniti exercitationem id.,21,natividad.gonzalez.demo35099@hotmail.com,"[""libero""]",A doloribus tenetur exercitationem quia earum quisquam possimus.,DS1,60%,Solo,24,Sí,No,Chilena,$900.001 - $1.200.000,Sin ahorro formal
CONV-10481,2025-07-27,A tempora iusto consectetur.,22,natividad.gonzalez.demo35099@hotmail.com,"[""quod"", ""harum""]",Nostrum veniam sed laborum quia.,DS19,60%,Solo,67,No,No,Chilena,$400.000 - $600.000,Sin ahorro formal
CONV-10482,2025-12-27,Quos doloremque rem maiores occaecati blanditiis atque.,14,natividad.gonzalez.demo35099@hotmail.com,"[""fugiat"", ""ex"", ""expedita"", ""in""]",Eos rerum vero cupiditate blanditiis similique.,Ninguno,80%,Solo,29,No,No,Chilena,$600.001 - $900.000,Sin ahorro formal
CONV-10483,2025-08-22,Aliquid earum ullam ratione laboriosam corporis. Dolorum assumenda quam perferendis dolorum amet.,21,ruben.moya.demo24947@gmail.com,"[""consectetur""]",Officia minima culpa in non.,DS19,No registra,Familia,45,Sí,No,Chilena,$600.001 - $900.000,$1.000.000
CONV-10484,2026-02-28,Ad non soluta dolorem architecto possimus ex.,23,flavia.cardenas.demo29879@yahoo.com,"[""accusamus"", ""aliquid""]",Explicabo maiores consequatur eaque.,Ninguno,40%,Otros,56,Sí,Sí,Chilena,$400.000 - $600.000,Sin ahorro formal
CONV-10485,2025-01-10,Animi nam perferendis molestiae. Corporis eligendi voluptatum doloribus debitis.,3,tomas.diaz.demo9763@gmail.com,"[""corporis"", ""quidem"", ""et"", ""alias""]",Dolore ad modi architecto excepturi.,DS49,No registra,Familia,18,Sí,Sí,Venezolana,$900.001 - $1.200.000,$500.000
CONV-10486,2025-08-19,Cumque ut enim aliquid adipisci recusandae expedita.,25,tomas.diaz.demo9763@gmail.com,"[""at"", ""harum""]",Sit omnis similique cupiditate.,DS19,80%,Cónyuge,58,Sí,No,Chilena,Más de $1.200.000,Sin ahorro formal
CONV-10487,2024-11-28,Quo aliquid iste enim tempore fuga.,7,claudia.vergara.demo28231@gmail.com,"[""eligendi"", ""amet"", ""vitae"", ""libero""]",Et alias quam harum laudantium tempora ea.,DS1,No registra,Otros,32,No,No,Chilena,$600.001 - $900.000,$500.000
CONV-10488,2026-02-12,Officia iste quo occaecati.,17,carla.catalan.demo10602@gmail.com,"[""sequi""]",Eum rem libero aspernatur voluptatum sint quos natus.,DS19,40%,Solo,54,No,Sí,Chilena,Más de $1.200.000,Sin ahorro formal
CONV-10489,2024-07-19,Repellat atque laborum quam aliquid.,13,carla.catalan.demo10602@gmail.com,"[""nesciunt"", ""occaecati"", ""accusamus""]",Praesentium accusamus illo.,DS49,60%,Otros,67,Sí,No,Chilena,$900.001 - $1.200.000,$500.000
CONV-10490,2026-04-23,Fuga totam et commodi dolorum. Id ullam consectetur expedita nesciunt praesentium.,10,teresa.zuniga.demo46613@outlook.com,"[""excepturi"", ""explicabo""]",Nam fugiat possimus veniam explicabo voluptate eius.,DS49,80%,Solo,69,No,Sí,Chilena,Más de $1.200.000,Sin ahorro formal
CONV-10491,2025-01-28,Quisquam sit distinctio. Quia fuga mollitia eos deserunt animi in quo.,4,teresa.zuniga.demo46613@outlook.com,"[""ratione""]",Autem doloremque accusamus vitae iusto.,DS49,No registra,Cónyuge,58,No,No,Chilena,$900.001 - $1.200.000,$2.000.000
CONV-10492,2025-03-26,Veritatis ex quis molestias quae optio possimus. Nulla ut nam autem.,4,teresa.zuniga.demo46613@outlook.com,"[""illo"", ""maxime"", ""cum""]",Mollitia magni earum.,Ninguno,60%,Solo,61,No,No,Venezolana,$400.000 - $600.000,$2.000.000
CONV-10493,2026-03-02,Libero illo praesentium. Dolor reprehenderit soluta laudantium esse.,4,carolina.munoz.demo49888@yahoo.com,"[""molestiae"", ""expedita"", ""delectus"", ""facere""]",Numquam impedit doloremque dolores perspiciatis id.,DS19,No registra,Cónyuge,23,Sí,No,Chilena,$400.000 - $600.000,$500.000
CONV-10494,2025-03-31,Delectus placeat laboriosam suscipit officiis.,19,carolina.munoz.demo49888@yahoo.com,"[""corrupti"", ""quos"", ""consectetur""]",Magni temporibus repellendus quam quidem ad beatae quam.,DS19,60%,Familia,33,No,Sí,Chilena,$600.001 - $900.000,$1.000.000
CONV-10495,2024-08-11,Laborum delectus nulla ducimus harum nemo mollitia.,18,carolina.munoz.demo49888@yahoo.com,"[""quo"", ""non""]",Esse unde possimus.,DS19,40%,Otros,46,Sí,No,Chilena,Más de $1.200.000,$2.000.000
CONV-10496,2024-08-20,Suscipit earum enim iusto esse nostrum accusamus.,17,diego.vallejos.demo15085@gmail.com,"[""assumenda"", ""nemo""]",Provident sint cumque quod amet assumenda ad.,DS1,40%,Solo,54,Sí,Sí,Chilena,Más de $1.200.000,$500.000
CONV-10497,2026-03-08,Ea sapiente harum natus est autem quis. Adipisci sunt libero repudiandae adipisci id harum.,25,diego.vallejos.demo15085@gmail.com,"[""repellendus"", ""facilis"", ""debitis""]",Ipsum tenetur nemo sed.,Pendiente evaluación,40%,Otros,51,No,No,Chilena,$400.000 - $600.000,$2.000.000
CONV-10498,2026-03-08,Accusamus ab architecto et. Quisquam cum fugiat earum ullam veniam quis.,17,diego.vallejos.demo15085@gmail.com,"[""ut"", ""corporis"", ""vero""]",Eveniet facere dignissimos magnam deserunt.,Pendiente evaluación,60%,Otros,60,No,Sí,Peruana,$600.001 - $900.000,$500.000
CONV-10499,2025-01-24,Qui sequi ex deserunt qui. Veritatis nihil nemo et.,15,brenda.sepulveda.demo51305@yahoo.com,"[""dolores""]",Facere assumenda at.,Ninguno,No registra,Familia,65,No,No,Chilena,Más de $1.200.000,Sin ahorro formal
CONV-10500,2024-11-30,Libero sunt iure reprehenderit veritatis aperiam velit.,17,brenda.sepulveda.demo51305@yahoo.com,"[""eum"", ""atque"", ""eligendi""]",Magni architecto nemo expedita fugit veniam.,Ninguno,80%,Otros,65,No,No,Chilena,$900.001 - $1.200.000,$1.000.000
CONV-10501,2026-01-26,Sequi perspiciatis magnam nihil reprehenderit.,23,brenda.sepulveda.demo51305@yahoo.com,"[""voluptas"", ""architecto"", ""libero""]",Dolorem illo sint a exercitationem recusandae soluta.,DS1,80%,Cónyuge,61,Sí,Sí,Chilena,$600.001 - $900.000,$500.000
CONV-10502,2024-12-30,Sed quis incidunt non ipsa voluptatum dolorum.,10,rayen.olivares.demo15956@hotmail.com,"[""optio"", ""deserunt"", ""distinctio"", ""vel""]",Aspernatur voluptates error earum.,DS1,60%,Otros,27,Sí,No,Colombiana,Más de $1.200.000,$1.000.000
CONV-10503,2024-06-25,Placeat accusamus velit accusantium recusandae.,25,rayen.olivares.demo15956@hotmail.com,"[""animi"", ""quis"", ""dolor"", ""ipsum""]",Molestiae at ab consequuntur fuga incidunt.,DS19,40%,Otros,27,No,Sí,Chilena,Más de $1.200.000,$2.000.000
CONV-10504,2025-05-25,Eum fugit ab eaque vitae est quia.,6,juan.aguilera.demo15325@yahoo.com,"[""consectetur"", ""error"", ""ipsa""]",Rerum ipsa quaerat vel aut doloribus.,Pendiente evaluación,40%,Solo,26,Sí,Sí,Venezolana,$400.000 - $600.000,$500.000
CONV-10505,2025-09-12,Aperiam ea dolorem asperiores. Culpa accusamus sit maxime minus aperiam.,21,juan.aguilera.demo15325@yahoo.com,"[""sapiente""]",Facilis autem sapiente cumque dicta.,Pendiente evaluación,80%,Cónyuge,36,Sí,No,Chilena,$400.000 - $600.000,Sin ahorro formal
CONV-10506,2025-05-26,Minus repellat consectetur ratione.,22,alfredo.navarro.demo1358@outlook.com,"[""eaque"", ""ratione"", ""cum"", ""sapiente""]",Aperiam inventore perferendis a.,Pendiente evaluación,60%,Otros,43,Sí,Sí,Chilena,$600.001 - $900.000,$500.000
CONV-10507,2026-02-11,Delectus commodi at provident debitis rem omnis nulla.,24,dylan.moreno.demo25302@hotmail.com,"[""eos""]",Ducimus mollitia eveniet cupiditate dicta a.,DS1,60%,Cónyuge,20,No,No,Chilena,$600.001 - $900.000,$2.000.000
CONV-10508,2025-07-22,Blanditiis eaque iure eos ad.,10,gonzalo.oliva.demo25796@hotmail.com,"[""dolore"", ""nobis""]",Quasi assumenda iste numquam deserunt voluptate dicta quae.,Pendiente evaluación,40%,Familia,44,Sí,No,Chilena,$600.001 - $900.000,Sin ahorro formal
CONV-10509,2025-08-24,Vero corrupti incidunt ullam sunt distinctio sint.,3,juan.estrada.demo49106@outlook.com,"[""laboriosam"", ""excepturi""]",Rem ab delectus perferendis alias accusantium enim.,DS49,80%,Familia,50,Sí,Sí,Chilena,$900.001 - $1.200.000,$500.000
CONV-10510,2025-12-14,Reiciendis eum cum architecto cumque nesciunt quo.,24,juan.estrada.demo49106@outlook.com,"[""fugit"", ""error"", ""laudantium""]",Fuga recusandae ut quas fugit molestias animi.,DS19,80%,Solo,42,Sí,No,Venezolana,Más de $1.200.000,Sin ahorro formal
CONV-10511,2024-11-24,Est ipsa ipsum animi aperiam. Accusamus rem autem dolor.,17,juan.estrada.demo49106@outlook.com,"[""delectus""]",Dolor laboriosam optio id.,Ninguno,No registra,Otros,35,Sí,No,Chilena,$900.001 - $1.200.000,$500.000
CONV-10512,2024-08-13,Vero minus harum modi corrupti voluptatibus totam.,5,angela.gutierrez.demo16954@gmail.com,"[""rerum""]",Delectus dolores esse provident unde maxime.,DS19,No registra,Cónyuge,34,No,No,Chilena,$600.001 - $900.000,$1.000.000
CONV-10513,2025-08-05,Accusantium magnam rerum. Vero enim quia similique.,11,astrid.fuentes.demo46561@gmail.com,"[""odit"", ""libero"", ""alias"", ""quis""]",Expedita doloremque expedita corporis accusantium.,DS19,No registra,Cónyuge,70,Sí,No,Chilena,$900.001 - $1.200.000,$1.000.000
CONV-10514,2025-05-12,Quia tenetur quia nihil autem.,9,astrid.fuentes.demo46561@gmail.com,"[""ex"", ""tempora"", ""eligendi""]",Magni id sunt fugiat deserunt.,DS1,40%,Otros,49,Sí,Sí,Chilena,Más de $1.200.000,$500.000
CONV-10515,2025-06-03,Eius omnis at illum magnam temporibus.,19,jaime.alvarez.demo21982@yahoo.com,"[""accusamus"", ""cum"", ""neque""]",Ex quia deserunt ab.,DS1,80%,Cónyuge,66,No,Sí,Chilena,Más de $1.200.000,Sin ahorro formal
CONV-10516,2026-04-30,Ex inventore repellat tempora.,14,adela.gatica.demo39948@outlook.com,"[""esse"", ""doloremque""]",Atque nulla quos a.,Ninguno,80%,Otros,20,No,No,Chilena,Más de $1.200.000,Sin ahorro formal
CONV-10517,2025-01-02,Reprehenderit architecto accusamus odit vel sapiente dolorem animi.,16,adela.gatica.demo39948@outlook.com,"[""quibusdam"", ""exercitationem""]",Architecto labore odit mollitia quidem dicta repudiandae reprehenderit.,Pendiente evaluación,80%,Cónyuge,54,Sí,Sí,Chilena,Más de $1.200.000,$500.000
CONV-10518,2025-04-27,Tempore ullam eum blanditiis nesciunt rem a.,9,emma.villarroel.demo4566@hotmail.com,"[""dolor""]",Velit deserunt quibusdam dolore fugit.,DS49,80%,Cónyuge,31,Sí,No,Chilena,Más de $1.200.000,$1.000.000
CONV-10519,2025-07-28,Quibusdam tempora quis dolore fugit. Id explicabo cumque velit earum eius.,11,emma.villarroel.demo4566@hotmail.com,"[""odit"", ""unde""]",At nobis iste tenetur.,DS49,No registra,Familia,56,No,No,Chilena,$400.000 - $600.000,$500.000
CONV-10520,2025-08-18,Tempore asperiores voluptas beatae.,5,emma.villarroel.demo4566@hotmail.com,"[""autem"", ""rem"", ""corporis""]",Atque nesciunt quo ipsum.,DS19,60%,Solo,35,Sí,No,Chilena,Más de $1.200.000,$500.000
CONV-10521,2024-08-22,Consequatur earum ipsam debitis laborum molestias mollitia.,19,yaritza.alvarez.demo28943@gmail.com,"[""delectus"", ""necessitatibus""]",Voluptatum vel earum possimus nemo.,Ninguno,40%,Familia,47,Sí,No,Chilena,$600.001 - $900.000,Sin ahorro formal
CONV-10522,2025-05-26,"Quis quis sit totam ipsum at.
Quo assumenda repellat explicabo.",5,yaritza.alvarez.demo28943@gmail.com,"[""necessitatibus"", ""minus""]",Non aspernatur exercitationem.,DS19,80%,Cónyuge,48,Sí,Sí,Chilena,$900.001 - $1.200.000,$1.000.000
CONV-10523,2024-08-24,Cupiditate animi facere vitae assumenda in.,24,yaritza.alvarez.demo28943@gmail.com,"[""fugit"", ""accusamus"", ""autem""]",Accusamus explicabo sit odio.,DS19,40%,Solo,70,No,No,Chilena,Más de $1.200.000,$1.000.000
CONV-10524,2024-06-09,Perspiciatis quod non eligendi non odit. Beatae consectetur laborum.,25,carlos.orellana.demo10045@outlook.com,"[""necessitatibus"", ""eum""]",Tempora sunt molestias numquam corporis excepturi neque.,DS1,No registra,Cónyuge,70,No,No,Chilena,$600.001 - $900.000,$1.000.000
CONV-10525,2024-11-05,Sunt reprehenderit pariatur omnis cumque.,7,carlos.orellana.demo10045@outlook.com,"[""totam""]",Natus molestiae hic tempore porro.,Pendiente evaluación,80%,Otros,44,No,No,Chilena,Más de $1.200.000,Sin ahorro formal
CONV-10526,2025-02-13,Odio minima nostrum quisquam.,8,alejandro.rios.demo4530@yahoo.com,"[""enim"", ""est"", ""maxime""]",Mollitia consectetur quis consequatur necessitatibus quas doloremque.,DS19,80%,Cónyuge,34,Sí,No,Colombiana,$900.001 - $1.200.000,$2.000.000
CONV-10527,2026-02-12,Dicta fugit occaecati placeat accusamus.,16,alvaro.munoz.demo20322@outlook.com,"[""veritatis"", ""praesentium"", ""aliquid""]",Iste hic odit.,Pendiente evaluación,No registra,Familia,70,Sí,Sí,Chilena,$400.000 - $600.000,Sin ahorro formal
CONV-10528,2024-07-28,Quis ratione soluta quis.,10,alvaro.munoz.demo20322@outlook.com,"[""officiis"", ""tenetur"", ""occaecati""]",Voluptas numquam et non perferendis labore suscipit.,DS49,80%,Otros,22,No,No,Chilena,$400.000 - $600.000,$2.000.000
CONV-10529,2026-04-30,Dolore vitae dignissimos quibusdam. Non et iste quaerat corrupti dolorum doloremque.,14,alfonso.concha.demo34341@gmail.com,"[""quos""]",Repudiandae modi eveniet nam rem non nobis.,Pendiente evaluación,80%,Familia,70,Sí,Sí,Chilena,$400.000 - $600.000,$2.000.000
CONV-10530,2025-09-16,Occaecati tempora nemo aliquam quaerat.,10,alfonso.concha.demo34341@gmail.com,"[""cumque"", ""voluptates"", ""alias""]",Sed ea id autem illo quaerat inventore.,DS49,60%,Solo,60,No,Sí,Venezolana,$400.000 - $600.000,$2.000.000
CONV-10531,2024-10-02,Ipsum quo dignissimos cumque.,5,alfonso.concha.demo34341@gmail.com,"[""accusamus""]",Quibusdam quaerat eligendi fugit pariatur earum.,DS19,80%,Otros,54,No,No,Venezolana,$900.001 - $1.200.000,Sin ahorro formal
CONV-10532,2025-11-04,Voluptatibus nam minima magnam eligendi. Quisquam beatae labore iusto non.,13,pamela.chavez.demo36452@yahoo.com,"[""consectetur""]",Odit numquam omnis voluptate atque molestias.,DS19,60%,Solo,67,No,Sí,Chilena,$600.001 - $900.000,$1.000.000
CONV-10533,2025-06-07,Non modi perspiciatis possimus nesciunt laboriosam quo.,9,pamela.chavez.demo36452@yahoo.com,"[""illo"", ""officia""]",Eveniet ab porro facilis ullam error porro.,Pendiente evaluación,60%,Familia,29,Sí,No,Chilena,$400.000 - $600.000,$500.000
CONV-10534,2026-01-15,Voluptatem et suscipit iusto voluptates corrupti rem.,11,carlos.varela.demo43287@yahoo.com,"[""porro"", ""exercitationem""]",Fugiat nulla consequuntur libero magni mollitia.,DS1,No registra,Familia,67,No,Sí,Chilena,$600.001 - $900.000,$500.000
CONV-10535,2024-12-06,Amet nihil eligendi animi. Architecto id culpa molestias.,8,carlos.varela.demo43287@yahoo.com,"[""minus"", ""voluptatibus"", ""eius"", ""fuga""]",Hic atque sint officiis itaque.,Pendiente evaluación,40%,Otros,42,Sí,No,Chilena,$900.001 - $1.200.000,Sin ahorro formal
CONV-10536,2026-01-08,Nisi deleniti assumenda ab cupiditate.,25,carlos.varela.demo43287@yahoo.com,"[""corrupti"", ""doloremque"", ""cumque""]",Minus assumenda voluptatem cumque recusandae quisquam suscipit saepe.,Pendiente evaluación,60%,Solo,50,No,No,Venezolana,$600.001 - $900.000,$1.000.000
CONV-10537,2024-10-16,Magni sit quo temporibus corporis asperiores.,11,dario.bustos.demo22187@gmail.com,"[""ab"", ""iusto"", ""fugiat""]",Necessitatibus voluptas sit dolorum aliquid.,DS1,80%,Otros,33,No,No,Colombiana,Más de $1.200.000,$500.000
CONV-10538,2024-09-27,Totam itaque deserunt dolore rem nemo atque. Porro enim aut totam culpa distinctio a.,16,dario.bustos.demo22187@gmail.com,"[""quo"", ""nisi"", ""tempora""]",Ipsam quam debitis delectus.,Pendiente evaluación,60%,Solo,59,No,No,Chilena,$900.001 - $1.200.000,$500.000
CONV-10539,2025-04-16,Eos atque ducimus quibusdam id quo architecto.,16,dario.bustos.demo22187@gmail.com,"[""doloremque"", ""expedita""]",Architecto nihil voluptates dolore suscipit unde amet fugiat.,DS49,No registra,Cónyuge,56,Sí,No,Chilena,Más de $1.200.000,$500.000
CONV-10540,2026-03-02,Odit voluptate quis dignissimos.,17,daniela.sepulveda.demo9215@yahoo.com,"[""voluptatem"", ""suscipit""]",Ad officiis a similique accusamus.,DS1,40%,Familia,57,Sí,Sí,Venezolana,Más de $1.200.000,$2.000.000
CONV-10541,2025-08-10,Ipsam quaerat magnam non vitae dignissimos ratione.,4,magdalena.herrera.demo32930@gmail.com,"[""adipisci"", ""corrupti""]",Vero pariatur minus perspiciatis.,Pendiente evaluación,60%,Cónyuge,60,Sí,No,Chilena,$900.001 - $1.200.000,Sin ahorro formal
CONV-10542,2025-07-15,Animi maiores laudantium explicabo eum beatae aliquid.,21,magdalena.herrera.demo32930@gmail.com,"[""ad"", ""eveniet"", ""totam""]",Maiores sed iste fugiat ratione debitis.,DS1,60%,Cónyuge,49,Sí,No,Chilena,$400.000 - $600.000,$500.000
CONV-10543,2026-04-12,Sed maiores eveniet reprehenderit exercitationem dolorum iure.,18,magdalena.herrera.demo32930@gmail.com,"[""quis"", ""architecto"", ""perferendis""]",Occaecati consequatur ratione iste quas adipisci voluptatibus.,DS49,80%,Solo,18,Sí,Sí,Chilena,$600.001 - $900.000,Sin ahorro formal
CONV-10544,2025-01-05,Corporis illo officiis autem animi tempora.,5,cynthia.fuentes.demo14034@outlook.com,"[""optio"", ""hic"", ""a""]",Aliquid odit alias quos adipisci eaque culpa labore.,DS49,40%,Otros,21,Sí,No,Chilena,$900.001 - $1.200.000,Sin ahorro formal
CONV-10545,2025-04-16,Accusantium facere vitae nisi amet libero nisi. Dignissimos dolorum iusto.,11,cynthia.fuentes.demo14034@outlook.com,"[""aliquam"", ""quibusdam""]",Natus incidunt recusandae inventore accusantium odit.,Pendiente evaluación,80%,Otros,28,Sí,No,Chilena,Más de $1.200.000,$2.000.000
CONV-10546,2025-07-07,Voluptate blanditiis cupiditate aliquam molestias.,13,cynthia.fuentes.demo14034@outlook.com,"[""vitae"", ""eum"", ""libero"", ""perspiciatis""]",Possimus explicabo sapiente sit rerum assumenda sequi adipisci.,DS49,No registra,Cónyuge,46,Sí,Sí,Chilena,$600.001 - $900.000,Sin ahorro formal
CONV-10547,2025-03-18,Nisi autem consectetur ut. Occaecati labore praesentium excepturi error aliquam.,5,jimmy.cortes.demo50779@yahoo.com,"[""nobis""]",Beatae voluptates autem incidunt veniam.,DS49,60%,Cónyuge,43,Sí,No,Chilena,$600.001 - $900.000,$2.000.000
CONV-10548,2026-02-08,Maiores accusantium repudiandae illum adipisci.,24,jonathan.cabezas.demo45664@hotmail.com,"[""numquam"", ""omnis"", ""ab"", ""occaecati""]",Quidem eum quibusdam.,DS19,60%,Cónyuge,58,Sí,No,Chilena,Más de $1.200.000,Sin ahorro formal
CONV-10549,2025-11-22,Recusandae nesciunt possimus sed quasi.,7,pablo.munoz.demo4898@hotmail.com,"[""dolor"", ""repellendus"", ""minima"", ""assumenda""]",Laborum veritatis modi sequi dolores recusandae maiores.,DS19,No registra,Solo,22,Sí,No,Chilena,$600.001 - $900.000,$2.000.000
CONV-10550,2024-08-18,Ea ducimus recusandae modi tenetur. Doloremque ratione eaque illum.,24,pablo.munoz.demo4898@hotmail.com,"[""quisquam"", ""accusamus"", ""soluta"", ""ut""]",Adipisci aliquam velit corrupti dolores.,Pendiente evaluación,80%,Solo,50,Sí,No,Venezolana,Más de $1.200.000,$500.000
CONV-10551,2024-07-24,Assumenda vitae quidem nihil distinctio facere rem.,13,pablo.munoz.demo4898@hotmail.com,"[""quas"", ""exercitationem""]",Facilis non quas alias facilis voluptatibus.,Pendiente evaluación,80%,Otros,30,No,No,Chilena,Más de $1.200.000,Sin ahorro formal
CONV-10552,2025-06-14,Amet voluptas accusamus ducimus minus eligendi.,14,manuel.astorga.demo31985@gmail.com,"[""illum"", ""quia"", ""doloremque"", ""cum""]",Dolore architecto similique quae.,DS49,60%,Familia,50,No,Sí,Chilena,$900.001 - $1.200.000,$500.000
CONV-10553,2024-08-16,Atque omnis libero.,22,daniel.lazcano.demo41195@outlook.com,"[""saepe"", ""sequi"", ""facere"", ""dolorum""]",Temporibus optio totam.,DS1,No registra,Solo,43,No,No,Chilena,$400.000 - $600.000,$1.000.000
CONV-10554,2025-06-13,Minima tempore error beatae exercitationem.,11,yaritza.rubilar.demo41112@hotmail.com,"[""cupiditate""]",Vitae pariatur rerum totam.,DS49,No registra,Otros,18,No,No,Chilena,$600.001 - $900.000,Sin ahorro formal
CONV-10555,2025-05-26,Sit aut dolor sit. A id similique dolorum. Iure ut fugiat.,11,yaritza.rubilar.demo41112@hotmail.com,"[""dolores"", ""officia""]",Error doloribus sed eum architecto porro eos.,Pendiente evaluación,40%,Otros,63,Sí,Sí,Chilena,$400.000 - $600.000,$500.000
CONV-10556,2025-10-12,Accusamus voluptatum cumque non nobis soluta.,21,yaritza.rubilar.demo41112@hotmail.com,"[""voluptatem""]",Ad quas necessitatibus aut tempore iusto.,Pendiente evaluación,No registra,Familia,28,Sí,No,Venezolana,$600.001 - $900.000,$1.000.000
CONV-10557,2024-10-24,Modi enim quisquam quis sit.,6,ronald.guzman.demo35354@gmail.com,"[""ducimus"", ""amet""]",Expedita rem tempore nemo architecto earum.,DS49,80%,Solo,57,No,No,Chilena,$400.000 - $600.000,$2.000.000
CONV-10558,2025-12-30,Quae porro aspernatur reiciendis. Accusamus illo officiis quia.,5,ronald.guzman.demo35354@gmail.com,"[""nulla"", ""eius"", ""aliquid""]",Nobis excepturi quo odio velit.,DS49,40%,Familia,56,Sí,Sí,Chilena,$900.001 - $1.200.000,$1.000.000
CONV-10559,2025-11-13,Veniam excepturi ea accusantium iusto possimus reiciendis sit.,25,juan.carrasco.demo26501@outlook.com,"[""quaerat"", ""temporibus"", ""doloremque""]",Distinctio consectetur eveniet tempore expedita.,Pendiente evaluación,80%,Familia,41,No,No,Peruana,$600.001 - $900.000,$1.000.000
CONV-10560,2026-01-06,Corporis ducimus doloremque quaerat quisquam.,12,juan.carrasco.demo26501@outlook.com,"[""quas"", ""veritatis"", ""repellat""]",Recusandae sunt veniam ex quo ducimus.,DS49,60%,Familia,34,Sí,Sí,Chilena,Más de $1.200.000,$2.000.000
CONV-10561,2024-10-14,Reprehenderit ipsa ratione porro quidem. Consectetur suscipit minima facere optio.,23,juan.carrasco.demo26501@outlook.com,"[""ipsum""]",A omnis illo.,Ninguno,40%,Solo,20,No,Sí,Peruana,$600.001 - $900.000,$500.000
CONV-10562,2025-04-09,Exercitationem odit beatae distinctio.,19,jean.gonzalez.demo9191@outlook.com,"[""esse"", ""sed"", ""recusandae""]",Nisi nesciunt quaerat nobis.,Ninguno,80%,Cónyuge,58,Sí,Sí,Venezolana,$600.001 - $900.000,$2.000.000
CONV-10563,2024-11-17,Facere debitis explicabo esse placeat quo.,20,jean.gonzalez.demo9191@outlook.com,"[""nulla"", ""beatae""]",Quod mollitia dignissimos a reprehenderit molestias.,Pendiente evaluación,60%,Solo,20,Sí,Sí,Chilena,$900.001 - $1.200.000,$2.000.000
CONV-10564,2025-09-01,Doloribus consequatur et tempore reiciendis ad vero. Ipsa tempora iste.,3,tania.carmona.demo49480@outlook.com,"[""accusamus"", ""alias"", ""sed"", ""itaque""]",Cum quidem optio provident ipsum.,Ninguno,No registra,Solo,53,Sí,Sí,Chilena,$900.001 - $1.200.000,Sin ahorro formal
CONV-10565,2025-12-23,Praesentium ex facere vel doloribus delectus repudiandae dicta. Nesciunt dolor vero sed.,7,ernestina.avila.demo46113@gmail.com,"[""cupiditate""]",Minus esse laboriosam nihil velit facilis.,DS49,80%,Otros,26,No,Sí,Chilena,$900.001 - $1.200.000,$500.000
CONV-10566,2024-09-29,Repudiandae a vitae in vitae.,11,ernestina.avila.demo46113@gmail.com,"[""magni"", ""ea"", ""molestiae""]",Enim reprehenderit molestias.,DS49,60%,Solo,31,Sí,Sí,Chilena,$600.001 - $900.000,Sin ahorro formal
CONV-10567,2024-07-03,Numquam ratione deleniti cum enim.,6,javier.carrasco.demo15355@outlook.com,"[""et""]",Quam eius aliquam eaque placeat illum.,DS19,No registra,Solo,54,Sí,No,Colombiana,$400.000 - $600.000,Sin ahorro formal
CONV-10568,2025-05-18,Libero id repudiandae dolor esse. Quae asperiores pariatur quidem.,14,javier.carrasco.demo15355@outlook.com,"[""eos""]",Sapiente voluptate quisquam delectus at quisquam.,DS49,60%,Otros,26,No,No,Chilena,$600.001 - $900.000,$500.000
CONV-10569,2025-07-01,Cupiditate occaecati facere aspernatur magnam occaecati corrupti nam.,23,javier.carrasco.demo15355@outlook.com,"[""voluptatum""]",Quam laboriosam iusto.,Pendiente evaluación,60%,Solo,39,Sí,Sí,Chilena,$600.001 - $900.000,$500.000
CONV-10570,2024-10-23,Nostrum dolorum nihil laboriosam reprehenderit occaecati numquam voluptas.,24,pascual.hernandez.demo32406@yahoo.com,"[""tenetur""]",Quos laboriosam dolor animi quod quisquam.,Pendiente evaluación,No registra,Solo,21,Sí,No,Chilena,Más de $1.200.000,$500.000
CONV-10571,2025-09-29,Non nobis unde deserunt ratione suscipit veniam.,25,pascual.hernandez.demo32406@yahoo.com,"[""inventore""]",Distinctio at officia amet culpa architecto.,DS19,80%,Solo,27,Sí,Sí,Venezolana,Más de $1.200.000,Sin ahorro formal
CONV-10572,2025-11-30,Ab at earum quia exercitationem debitis officiis.,6,ignacio.venegas.demo24571@yahoo.com,"[""earum"", ""recusandae"", ""exercitationem""]",Quos nisi labore inventore sunt eaque.,Ninguno,40%,Familia,41,No,No,Chilena,$900.001 - $1.200.000,$500.000
CONV-10573,2025-02-27,Saepe nihil accusantium repudiandae. Provident dicta laborum. Dicta hic fuga beatae saepe.,25,ignacio.venegas.demo24571@yahoo.com,"[""corrupti"", ""illo"", ""ut"", ""quasi""]",Deserunt eum alias quasi alias aliquid.,Pendiente evaluación,80%,Otros,50,No,Sí,Chilena,Más de $1.200.000,Sin ahorro formal
CONV-10574,2024-09-18,Officiis omnis nisi delectus voluptate nobis itaque.,18,ignacio.venegas.demo24571@yahoo.com,"[""exercitationem"", ""quia""]",Ad fugiat sit enim autem facilis.,DS1,60%,Familia,19,No,No,Chilena,Más de $1.200.000,$500.000
CONV-10575,2026-01-23,Vero fugiat voluptatum minima. Aliquam quae eos veritatis.,14,mateo.herrera.demo26880@yahoo.com,"[""facere"", ""voluptatem""]",Ipsum quas vero nostrum nam aspernatur.,DS19,No registra,Familia,65,No,Sí,Chilena,$400.000 - $600.000,$500.000
CONV-10576,2025-02-17,Omnis ut quasi quo voluptates nisi modi assumenda.,8,gustavo.aguilar.demo47012@outlook.com,"[""neque"", ""ut"", ""laudantium"", ""totam""]",Quia est excepturi necessitatibus at dolor odio vero.,DS19,80%,Solo,20,No,Sí,Chilena,$900.001 - $1.200.000,$500.000
CONV-10577,2025-05-16,Tempora quasi odio architecto quod quidem iste.,7,gustavo.aguilar.demo47012@outlook.com,"[""consequatur""]",Quod rerum corrupti quasi eaque suscipit.,Ninguno,40%,Otros,57,No,No,Chilena,$400.000 - $600.000,Sin ahorro formal
CONV-10578,2024-12-12,Quasi ea facere odit. Placeat aliquid hic.,22,luciano.parra.demo48621@gmail.com,"[""quasi""]",Architecto quasi voluptatibus repellat nesciunt.,DS49,60%,Cónyuge,49,No,Sí,Peruana,$400.000 - $600.000,$2.000.000
CONV-10579,2024-06-28,Culpa architecto modi architecto unde earum.,9,sebastian.galdames.demo48137@outlook.com,"[""itaque"", ""quas"", ""molestias""]",Accusamus ullam similique sint.,Ninguno,40%,Solo,28,Sí,Sí,Venezolana,$600.001 - $900.000,$2.000.000
CONV-10580,2025-02-08,Iste sequi expedita vel.,17,sebastian.galdames.demo48137@outlook.com,"[""est""]",Dolore eaque recusandae nihil.,Ninguno,No registra,Solo,21,No,No,Chilena,Más de $1.200.000,Sin ahorro formal
CONV-10581,2024-08-28,Ipsa placeat corrupti aperiam. Sequi excepturi vero quidem.,25,sebastian.galdames.demo48137@outlook.com,"[""repudiandae""]",Eveniet quia fugit explicabo occaecati ab quam.,DS1,60%,Familia,37,Sí,Sí,Chilena,$600.001 - $900.000,$1.000.000
CONV-10582,2025-11-15,Dolorem aliquam repellat tempore. Hic esse quae ducimus ut possimus. Eveniet quam tempore.,8,laura.esparza.demo35313@hotmail.com,"[""corrupti"", ""ipsum""]",Quia optio a sunt beatae laboriosam nobis.,DS1,60%,Cónyuge,20,Sí,Sí,Venezolana,$600.001 - $900.000,$2.000.000
CONV-10583,2026-05-12,Nihil harum dolorem aspernatur velit impedit. Quam sapiente animi.,17,laura.esparza.demo35313@hotmail.com,"[""quidem""]",Totam deleniti est nemo asperiores consectetur laboriosam.,DS1,60%,Otros,61,Sí,No,Chilena,$400.000 - $600.000,$2.000.000
CONV-10584,2025-08-29,Saepe vel debitis sit amet quam repudiandae.,20,laura.esparza.demo35313@hotmail.com,"[""pariatur"", ""ducimus""]",At culpa perferendis tempore iure eum.,Ninguno,40%,Familia,24,Sí,No,Chilena,$900.001 - $1.200.000,Sin ahorro formal
CONV-10585,2025-01-06,Aperiam vitae consectetur cupiditate dolor itaque quasi.,19,sixto.araya.demo10026@outlook.com,"[""esse""]",Quos sapiente quidem eius natus voluptas non.,DS19,No registra,Otros,69,No,No,Chilena,$900.001 - $1.200.000,Sin ahorro formal
CONV-10586,2026-04-26,Dolore temporibus quos id voluptatem.,17,sixto.araya.demo10026@outlook.com,"[""beatae"", ""natus"", ""amet"", ""inventore""]",Ipsa rerum alias sint.,DS19,60%,Familia,51,No,No,Chilena,$600.001 - $900.000,$1.000.000
CONV-10587,2024-06-19,Tempora inventore doloremque harum numquam expedita hic.,21,yanet.rios.demo49136@yahoo.com,"[""accusantium""]",Numquam neque numquam deleniti tempora.,DS19,No registra,Solo,64,No,Sí,Chilena,$400.000 - $600.000,$2.000.000
CONV-10588,2026-03-12,Labore reprehenderit porro modi. Minima voluptates est nisi cum quibusdam.,25,yanet.rios.demo49136@yahoo.com,"[""deserunt"", ""nesciunt"", ""ut""]",Illo occaecati qui sed suscipit.,Ninguno,80%,Cónyuge,21,No,Sí,Chilena,$900.001 - $1.200.000,Sin ahorro formal
CONV-10589,2025-05-18,Veritatis rerum nihil.,17,mariana.andrade.demo17591@outlook.com,"[""accusamus""]",Iure quam reprehenderit placeat laborum itaque.,DS49,80%,Cónyuge,38,No,No,Chilena,$900.001 - $1.200.000,$2.000.000
CONV-10590,2025-05-07,Quae dolor ullam corrupti itaque. Sint rerum assumenda nihil veniam.,9,mariana.andrade.demo17591@outlook.com,"[""iste""]",Corporis sequi perspiciatis voluptates.,DS49,No registra,Cónyuge,68,No,Sí,Chilena,Más de $1.200.000,$500.000
CONV-10591,2024-10-14,Illo corporis magni.,18,pablo.perez.demo21422@hotmail.com,"[""quod"", ""dicta"", ""quia"", ""vero""]",Quia explicabo ad animi aspernatur illum inventore.,DS1,No registra,Cónyuge,30,Sí,No,Chilena,$400.000 - $600.000,$500.000
CONV-10592,2025-09-12,Pariatur aut iure modi possimus.,25,pablo.perez.demo21422@hotmail.com,"[""quam""]",Velit eligendi eum maiores esse nobis ipsam temporibus.,DS1,80%,Solo,68,Sí,Sí,Chilena,Más de $1.200.000,$500.000
CONV-10593,2025-01-27,Exercitationem ad id mollitia recusandae. Suscipit corrupti iste. Aliquam sunt provident.,22,pablo.perez.demo21422@hotmail.com,"[""non"", ""ipsa"", ""dolorem""]",Magnam nostrum iure sequi excepturi ullam.,Pendiente evaluación,40%,Solo,30,Sí,Sí,Peruana,$400.000 - $600.000,$500.000
CONV-10594,2024-07-13,Ipsum perspiciatis veritatis quae. Aliquid minus deserunt atque officia magni cum.,13,angie.vergara.demo51185@outlook.com,"[""qui""]",Voluptatibus ullam voluptatibus at minima magnam.,Pendiente evaluación,60%,Solo,65,Sí,Sí,Chilena,$600.001 - $900.000,$500.000
CONV-10595,2024-09-05,Eveniet veritatis cum ab voluptates vero magnam.,7,angie.vergara.demo51185@outlook.com,"[""neque"", ""quisquam"", ""ab""]",Laborum incidunt itaque ratione facere mollitia earum.,Ninguno,80%,Cónyuge,61,Sí,Sí,Chilena,$400.000 - $600.000,Sin ahorro formal
CONV-10596,2024-08-16,Modi ducimus corrupti maxime. Commodi accusamus quis ipsum.,25,angie.vergara.demo51185@outlook.com,"[""modi"", ""cum"", ""quidem"", ""totam""]",Tempora sit quia commodi perspiciatis neque.,DS1,40%,Solo,24,Sí,Sí,Chilena,$600.001 - $900.000,Sin ahorro formal
CONV-10597,2024-12-30,Soluta a mollitia aliquam ullam.,6,maria.ponce.demo29338@gmail.com,"[""minus""]",Quas nam occaecati.,Pendiente evaluación,40%,Otros,48,Sí,Sí,Chilena,$600.001 - $900.000,$500.000
CONV-10598,2025-06-18,Aliquid neque natus quisquam dolor. Commodi facere libero ullam deleniti occaecati.,11,carlos.carrasco.demo32535@yahoo.com,"[""quis"", ""accusamus"", ""natus""]",Debitis fuga alias neque recusandae non quibusdam.,DS1,40%,Cónyuge,67,No,Sí,Chilena,$600.001 - $900.000,$500.000
CONV-10599,2024-08-26,Iste minus doloribus quas. Quae quos hic error est vitae blanditiis.,4,carlos.carrasco.demo32535@yahoo.com,"[""optio"", ""fugiat"", ""nisi"", ""commodi""]",Quibusdam molestias necessitatibus in.,Ninguno,40%,Familia,35,No,No,Chilena,$600.001 - $900.000,$2.000.000
CONV-10600,2025-07-15,Illo ut reiciendis explicabo id.,5,carlos.carrasco.demo32535@yahoo.com,"[""architecto"", ""illo"", ""rerum""]",Ea qui consequuntur cum earum.,Pendiente evaluación,No registra,Otros,33,Sí,No,Chilena,$600.001 - $900.000,Sin ahorro formal
CONV-10601,2025-07-02,Amet asperiores dolor veritatis officia. Deleniti non magnam sequi.,9,heriberto.leon.demo15223@outlook.com,"[""eligendi"", ""eius""]",Temporibus praesentium ab totam iste velit iure inventore.,DS19,60%,Cónyuge,59,Sí,Sí,Chilena,Más de $1.200.000,$1.000.000
CONV-10602,2026-05-09,Eligendi pariatur nobis atque.,21,heriberto.leon.demo15223@outlook.com,"[""deleniti""]",Minus rem iure maiores perferendis distinctio sed.,DS1,60%,Familia,70,No,Sí,Chilena,$400.000 - $600.000,Sin ahorro formal
CONV-10603,2026-03-01,Sunt veritatis beatae nihil vel est.,6,ines.donoso.demo24046@hotmail.com,"[""porro""]",Hic quisquam laborum delectus doloribus deleniti officia et.,DS19,No registra,Familia,37,Sí,Sí,Chilena,Más de $1.200.000,$500.000
CONV-10604,2026-01-31,Ratione ipsum deleniti ut architecto laudantium.,12,liliana.rodriguez.demo41146@gmail.com,"[""nostrum""]",Minus aspernatur quia odio dolorem tempore.,DS49,80%,Familia,22,Sí,No,Chilena,Más de $1.200.000,$500.000
CONV-10605,2025-09-21,Nulla accusamus quas pariatur doloribus odio facere occaecati.,14,juan.venegas.demo15301@outlook.com,"[""earum"", ""reprehenderit""]",Nostrum similique vel voluptate nihil aperiam autem.,DS49,No registra,Familia,56,No,No,Chilena,$400.000 - $600.000,$500.000
CONV-10606,2024-06-30,Vitae iste fugiat inventore officia quasi. Enim velit laborum exercitationem.,20,julio.vera.demo4284@hotmail.com,"[""alias"", ""commodi"", ""reprehenderit"", ""nemo""]",Ullam ipsa dolore numquam nostrum.,DS49,60%,Otros,43,Sí,No,Chilena,$900.001 - $1.200.000,$2.000.000
CONV-10607,2024-07-12,Enim laboriosam quia illum iste sequi consequuntur.,10,julio.vera.demo4284@hotmail.com,"[""sequi"", ""eveniet""]",Mollitia debitis delectus nesciunt perferendis eveniet quam quibusdam.,Pendiente evaluación,No registra,Otros,34,No,No,Chilena,$900.001 - $1.200.000,$2.000.000
CONV-10608,2024-12-28,Quae officia magnam nostrum. Quaerat eos similique ut expedita possimus sed.,17,miguel.gatica.demo43807@gmail.com,"[""asperiores"", ""reiciendis"", ""et"", ""voluptates""]",Occaecati distinctio recusandae sequi quia cum illo beatae.,Ninguno,80%,Solo,21,Sí,No,Chilena,Más de $1.200.000,$500.000
CONV-10609,2025-11-02,Corporis incidunt animi sequi perspiciatis nobis. Modi cum numquam.,13,miguel.gatica.demo43807@gmail.com,"[""quia""]",Neque deserunt molestiae.,Pendiente evaluación,60%,Solo,64,Sí,No,Chilena,$900.001 - $1.200.000,$500.000
CONV-10610,2025-09-18,Exercitationem nam deleniti sequi sed velit.,24,miguel.gatica.demo43807@gmail.com,"[""inventore"", ""provident"", ""non"", ""amet""]",Deserunt at delectus voluptatem rem.,DS49,80%,Cónyuge,35,No,No,Chilena,$900.001 - $1.200.000,$2.000.000
CONV-10611,2025-04-29,Mollitia iste voluptatum reprehenderit.,8,karina.saavedra.demo31764@hotmail.com,"[""sit""]",Magni aut sit autem reiciendis perferendis nihil voluptatibus.,DS1,40%,Cónyuge,41,No,Sí,Chilena,$400.000 - $600.000,$500.000
CONV-10612,2024-12-12,Ad odit numquam odio. Fugit rem possimus mollitia explicabo.,12,karina.saavedra.demo31764@hotmail.com,"[""autem"", ""minima"", ""fugit""]",Delectus cupiditate occaecati quos earum veniam repudiandae.,Ninguno,80%,Cónyuge,19,Sí,Sí,Venezolana,$400.000 - $600.000,Sin ahorro formal
CONV-10613,2025-01-16,Perferendis veritatis quia impedit totam libero molestiae.,9,patricio.vivanco.demo37452@yahoo.com,"[""saepe"", ""quia"", ""vel""]",Consequatur magni quia voluptatibus quas ducimus modi.,DS1,40%,Cónyuge,38,No,No,Chilena,$900.001 - $1.200.000,$500.000
CONV-10614,2024-06-12,Veritatis ex recusandae tempore sequi eligendi neque.,7,patricio.vivanco.demo37452@yahoo.com,"[""cupiditate"", ""est"", ""rerum""]",Voluptate iure itaque hic occaecati aliquid vitae.,DS19,60%,Cónyuge,60,No,No,Chilena,$600.001 - $900.000,$500.000
CONV-10615,2024-09-04,Culpa ipsum eum ut voluptates eveniet iusto.,16,patricio.vivanco.demo37452@yahoo.com,"[""magnam"", ""praesentium"", ""minima""]",Modi aspernatur suscipit libero expedita eligendi consectetur.,DS49,80%,Solo,26,Sí,Sí,Chilena,Más de $1.200.000,Sin ahorro formal
CONV-10616,2025-01-07,Quis quibusdam quae voluptatum provident. Delectus tempora fugiat numquam soluta id at.,14,fabiola.lagos.demo17605@hotmail.com,"[""vitae"", ""quia"", ""illum"", ""neque""]",Enim ducimus debitis.,DS19,60%,Familia,53,No,No,Chilena,$400.000 - $600.000,$500.000
CONV-10617,2024-07-14,Porro sapiente in voluptatibus molestias. Labore et aspernatur occaecati.,17,fabiola.lagos.demo17605@hotmail.com,"[""exercitationem""]",Hic repellat quae aut officia.,Ninguno,No registra,Solo,50,No,No,Chilena,$900.001 - $1.200.000,$500.000
CONV-10618,2025-08-11,Molestias repellat pariatur sit facere sed maiores.,11,juana.henriquez.demo19915@outlook.com,"[""minus"", ""velit"", ""deleniti""]",Sed id voluptatem.,Pendiente evaluación,40%,Familia,28,Sí,Sí,Chilena,$400.000 - $600.000,$500.000
CONV-10619,2026-05-30,Reprehenderit cumque excepturi eveniet et officiis ducimus perspiciatis.,22,mirtha.oyarce.demo18181@outlook.com,"[""hic""]",Itaque adipisci a.,DS1,40%,Otros,51,No,Sí,Chilena,$600.001 - $900.000,Sin ahorro formal
CONV-10620,2024-10-20,Voluptatum cumque dolore laboriosam alias fuga necessitatibus.,6,mirtha.oyarce.demo18181@outlook.com,"[""magnam"", ""a"", ""fugit""]",Natus ad a incidunt magnam ipsum hic.,DS1,40%,Cónyuge,47,No,Sí,Chilena,Más de $1.200.000,$500.000
CONV-10621,2026-04-09,Minus eos amet modi velit earum minus vero.,13,mirtha.oyarce.demo18181@outlook.com,"[""temporibus"", ""eos"", ""aut""]",Iusto modi delectus porro id.,Ninguno,80%,Solo,68,Sí,No,Chilena,$900.001 - $1.200.000,$500.000
CONV-10622,2026-02-16,Temporibus optio non quam.,17,hernan.soto.demo22819@yahoo.com,"[""earum""]",Numquam adipisci consequuntur alias.,DS19,60%,Otros,33,No,No,Chilena,$900.001 - $1.200.000,$2.000.000
CONV-10623,2026-02-28,In fugiat laboriosam. Aut facilis aperiam minima.,3,sebastian.garcia.demo3999@yahoo.com,"[""quaerat"", ""deleniti"", ""soluta"", ""praesentium""]",Quos nobis natus asperiores repellendus sapiente ipsa at.,DS49,80%,Otros,59,Sí,Sí,Chilena,Más de $1.200.000,$500.000
CONV-10624,2025-05-15,Atque quisquam neque similique nihil.,12,sebastian.garcia.demo3999@yahoo.com,"[""modi"", ""provident"", ""inventore""]",Magnam illum aperiam molestiae corporis ullam.,DS49,80%,Otros,48,Sí,No,Peruana,$900.001 - $1.200.000,$2.000.000
CONV-10625,2026-04-06,Sit quo laudantium placeat. Vel sint ratione vero esse.,15,amalia.saldana.demo36661@gmail.com,"[""doloremque"", ""quasi""]",Quas cum eligendi odio possimus facilis.,DS49,No registra,Solo,49,Sí,No,Chilena,$400.000 - $600.000,$2.000.000
CONV-10626,2025-04-15,Ipsam ea expedita consectetur dicta dolorem.,16,amalia.saldana.demo36661@gmail.com,"[""assumenda"", ""veritatis"", ""explicabo"", ""quaerat""]",Excepturi eum odit tempora.,DS49,80%,Cónyuge,27,No,No,Chilena,$400.000 - $600.000,$1.000.000
CONV-10627,2024-12-01,Molestias rerum quia esse ratione.,14,thiago.ramirez.demo4122@gmail.com,"[""provident"", ""unde"", ""officiis"", ""animi""]",Quos culpa repellendus excepturi.,DS19,No registra,Solo,20,Sí,Sí,Chilena,$600.001 - $900.000,$500.000
CONV-10628,2025-09-27,Porro eius natus dolore tempora aliquam earum.,24,natalie.gonzalez.demo46927@gmail.com,"[""eaque"", ""quas"", ""dolorem""]",Tempora fugit officia similique nulla.,Ninguno,40%,Solo,47,Sí,Sí,Chilena,$400.000 - $600.000,$2.000.000
CONV-10629,2024-07-29,Voluptates ut quos quas temporibus repellat eaque.,14,natalie.gonzalez.demo46927@gmail.com,"[""corrupti"", ""eum"", ""totam""]",Inventore facere tempore praesentium modi ullam minima accusantium.,DS19,60%,Cónyuge,67,Sí,No,Chilena,$400.000 - $600.000,Sin ahorro formal
CONV-10630,2025-09-15,Eaque ratione quas commodi sequi quidem inventore iste.,19,bernardita.arriagada.demo34608@outlook.com,"[""tempore""]",A pariatur placeat dolor.,DS1,60%,Cónyuge,28,No,No,Chilena,$600.001 - $900.000,$1.000.000
CONV-10631,2024-06-06,Nobis eveniet deleniti modi officiis maiores.,3,maria.pena.demo46630@gmail.com,"[""inventore""]",Molestiae exercitationem saepe molestias doloremque facere.,DS1,No registra,Otros,46,Sí,Sí,Venezolana,$600.001 - $900.000,$500.000
CONV-10632,2025-03-03,Architecto quam numquam accusamus.,13,maria.pena.demo46630@gmail.com,"[""consectetur"", ""reiciendis""]",Culpa sint temporibus consectetur similique fugit.,DS1,80%,Cónyuge,30,Sí,No,Chilena,$900.001 - $1.200.000,$2.000.000
CONV-10633,2024-10-01,Tempora provident blanditiis. Laborum repellat maiores facilis doloremque.,9,maria.pena.demo46630@gmail.com,"[""cumque""]",Esse eveniet sint quasi architecto odit molestias.,DS1,60%,Familia,52,No,Sí,Chilena,$400.000 - $600.000,$1.000.000
CONV-10634,2025-12-05,Ipsum fugiat ullam sed aliquam ipsum earum. Beatae laborum modi reprehenderit.,9,jaime.toro.demo28280@outlook.com,"[""necessitatibus""]",Molestiae maiores cum nemo facere perspiciatis.,Pendiente evaluación,80%,Otros,26,Sí,Sí,Chilena,$400.000 - $600.000,$2.000.000
CONV-10635,2025-05-13,Tempore blanditiis adipisci tempore accusamus corrupti dolorem.,19,jaime.toro.demo28280@outlook.com,"[""ducimus"", ""voluptas"", ""illo"", ""sint""]",Eaque neque mollitia optio.,DS49,60%,Familia,68,Sí,Sí,Chilena,$400.000 - $600.000,$1.000.000
CONV-10636,2025-07-03,Atque nobis nam doloribus distinctio esse.,8,monserrat.bustamante.demo18245@outlook.com,"[""quaerat"", ""similique""]",Corrupti nam dolor non sint fuga.,Pendiente evaluación,40%,Otros,66,No,Sí,Colombiana,$400.000 - $600.000,$2.000.000
CONV-10637,2025-11-17,Magni mollitia expedita vel et excepturi ipsum.,5,monserrat.bustamante.demo18245@outlook.com,"[""sequi"", ""quod"", ""amet"", ""ducimus""]",Nisi eligendi sit aspernatur.,DS49,60%,Familia,51,No,No,Chilena,$900.001 - $1.200.000,$1.000.000
CONV-10638,2024-07-22,Deleniti deserunt minus asperiores modi eveniet amet eius. Quae cum repellendus.,19,monserrat.bustamante.demo18245@outlook.com,"[""nemo"", ""iste"", ""ut""]",Pariatur occaecati nam natus iure saepe harum.,DS1,80%,Cónyuge,35,Sí,Sí,Chilena,$600.001 - $900.000,$2.000.000
CONV-10639,2025-10-10,Consectetur molestiae qui occaecati.,15,ruben.lopez.demo11753@outlook.com,"[""earum"", ""maiores"", ""aperiam""]",Libero quisquam consequatur nemo fugiat hic.,DS49,40%,Solo,36,No,No,Chilena,Más de $1.200.000,$500.000
CONV-10640,2025-01-30,Suscipit iusto neque voluptate placeat.,23,ruben.lopez.demo11753@outlook.com,"[""optio"", ""exercitationem""]",Facilis voluptates dolores.,Ninguno,40%,Otros,21,No,Sí,Chilena,$400.000 - $600.000,Sin ahorro formal
CONV-10641,2025-12-19,Quibusdam exercitationem quia vel.,18,ruben.lopez.demo11753@outlook.com,"[""esse"", ""architecto""]",Voluptatem voluptatem incidunt exercitationem delectus.,DS19,80%,Familia,60,Sí,Sí,Chilena,$900.001 - $1.200.000,$2.000.000
CONV-10642,2025-11-19,A fugiat tenetur perferendis necessitatibus reiciendis necessitatibus maiores.,19,juana.marquez.demo17579@outlook.com,"[""dicta"", ""alias"", ""quas"", ""explicabo""]",Sit magni delectus provident temporibus voluptatum libero.,DS49,40%,Solo,18,No,Sí,Chilena,$400.000 - $600.000,$2.000.000
CONV-10643,2024-11-17,Quibusdam nobis eos reprehenderit. Dolorum suscipit fugit quibusdam voluptatem.,18,juana.marquez.demo17579@outlook.com,"[""maiores""]",Odit natus sunt dicta tempore architecto.,DS49,60%,Familia,42,No,Sí,Venezolana,$900.001 - $1.200.000,$1.000.000
CONV-10644,2025-02-17,Quod hic saepe eius totam vero optio.,11,francisco.sanchez.demo26934@yahoo.com,"[""autem"", ""quam"", ""quia""]",Ipsum rerum velit eligendi illum molestiae nostrum.,Ninguno,40%,Cónyuge,37,No,No,Peruana,$900.001 - $1.200.000,Sin ahorro formal
CONV-10645,2025-07-23,Numquam cumque occaecati corrupti tempora.,24,francisco.sanchez.demo26934@yahoo.com,"[""eius""]",Quibusdam recusandae quo voluptas et repudiandae reprehenderit.,DS1,No registra,Cónyuge,37,No,Sí,Chilena,$400.000 - $600.000,$1.000.000
CONV-10646,2026-03-31,Incidunt saepe natus distinctio nulla.,22,carlos.alfaro.demo27971@gmail.com,"[""magni"", ""quae""]",Repellendus impedit iste architecto laudantium deserunt maxime corrupti.,DS1,80%,Cónyuge,69,Sí,Sí,Chilena,$900.001 - $1.200.000,$1.000.000
CONV-10647,2024-09-23,Veniam maiores reprehenderit autem non. Error odio nisi.,7,hilda.saavedra.demo28444@gmail.com,"[""nisi"", ""eius"", ""modi""]",Quo dolores laudantium nemo.,Ninguno,No registra,Cónyuge,60,Sí,Sí,Chilena,$400.000 - $600.000,$2.000.000
CONV-10648,2024-09-18,Atque non id iusto corrupti harum laborum.,5,iris.ruiz.demo38774@gmail.com,"[""distinctio""]",Dignissimos vel minima debitis quaerat provident temporibus.,DS49,80%,Solo,62,No,No,Chilena,$400.000 - $600.000,$2.000.000
CONV-10649,2026-01-04,Commodi maiores ipsam ad. Voluptatibus rerum temporibus cumque maiores doloribus a.,13,iris.ruiz.demo38774@gmail.com,"[""nemo"", ""in""]",Consequuntur aliquam ex illum placeat.,DS19,80%,Otros,55,No,Sí,Chilena,$600.001 - $900.000,$500.000
CONV-10650,2025-03-24,Nesciunt quisquam eos. Reprehenderit ea officia fugit est et.,12,iris.ruiz.demo38774@gmail.com,"[""excepturi"", ""assumenda"", ""omnis""]",Quisquam molestias cum quaerat itaque porro dolorem.,Pendiente evaluación,40%,Cónyuge,47,No,No,Chilena,$900.001 - $1.200.000,$500.000
CONV-10651,2024-08-12,Doloribus numquam sint illum.,13,jonathan.ramos.demo29583@hotmail.com,"[""officiis""]",Molestias maxime odio vero veniam provident.,DS49,40%,Solo,62,No,No,Chilena,Más de $1.200.000,$2.000.000
CONV-10652,2025-07-17,Cumque fuga perspiciatis sed accusamus qui. Iusto nobis atque aliquam.,9,iris.sepulveda.demo49156@hotmail.com,"[""a"", ""quo"", ""repellendus"", ""quia""]",Quo quisquam repellendus.,DS1,60%,Familia,59,No,Sí,Chilena,$400.000 - $600.000,Sin ahorro formal
CONV-10653,2025-12-23,Temporibus minima illum consectetur optio odit.,7,maria.arias.demo38052@hotmail.com,"[""facere"", ""cumque""]",Fugiat non quod voluptatem qui tempore est quas.,DS19,80%,Solo,22,No,Sí,Chilena,$400.000 - $600.000,$2.000.000
CONV-10654,2024-06-25,Harum excepturi corporis fuga beatae maiores molestiae.,3,maria.arias.demo38052@hotmail.com,"[""tempore"", ""modi"", ""vero"", ""reprehenderit""]",Architecto quibusdam autem quasi vitae totam.,DS19,60%,Cónyuge,41,No,Sí,Venezolana,Más de $1.200.000,$500.000
CONV-10655,2025-06-06,Corporis quos beatae culpa consectetur placeat temporibus maiores.,13,maria.arias.demo38052@hotmail.com,"[""quidem"", ""omnis"", ""necessitatibus""]",Esse laboriosam nihil incidunt.,Pendiente evaluación,No registra,Familia,41,No,No,Chilena,$400.000 - $600.000,Sin ahorro formal
CONV-10656,2025-12-28,Repudiandae ad tempora repellat possimus cupiditate.,22,eduardo.veliz.demo32212@hotmail.com,"[""officiis"", ""nostrum""]",Ab animi laborum error.,DS49,No registra,Otros,47,No,No,Venezolana,$600.001 - $900.000,$2.000.000
CONV-10657,2026-05-03,Asperiores rerum quisquam libero at. Voluptatibus unde cupiditate ratione laborum debitis.,16,eduardo.veliz.demo32212@hotmail.com,"[""odit""]",Doloremque cumque deleniti distinctio at.,Ninguno,No registra,Cónyuge,52,No,Sí,Venezolana,$600.001 - $900.000,$1.000.000
CONV-10658,2026-04-12,Magnam illum ipsum dicta quisquam esse.,5,bernarda.vasquez.demo42780@gmail.com,"[""enim"", ""nisi"", ""beatae""]",At sequi facere quasi at quaerat.,DS49,40%,Familia,33,Sí,Sí,Chilena,Más de $1.200.000,Sin ahorro formal
CONV-10659,2026-01-26,In voluptatibus quasi vitae. Soluta eaque dolore odio natus.,22,bernarda.vasquez.demo42780@gmail.com,"[""recusandae"", ""sit"", ""quaerat""]",Omnis voluptatum architecto blanditiis error incidunt.,Pendiente evaluación,80%,Solo,59,No,No,Chilena,$400.000 - $600.000,$1.000.000
CONV-10660,2025-09-22,Provident officia impedit. Repudiandae amet qui ipsum explicabo.,10,sonia.marquez.demo11939@yahoo.com,"[""dolores"", ""minima"", ""vel"", ""quo""]",Repudiandae provident assumenda quam maxime.,Pendiente evaluación,No registra,Otros,26,Sí,Sí,Chilena,Más de $1.200.000,Sin ahorro formal
CONV-10661,2024-11-13,Vero eaque voluptas labore molestiae aspernatur.,7,sonia.marquez.demo11939@yahoo.com,"[""at"", ""labore""]",Velit accusamus dolorum labore.,DS19,40%,Otros,47,No,Sí,Venezolana,Más de $1.200.000,$500.000
CONV-10662,2025-03-10,Ab at labore enim. Adipisci culpa unde.,12,sonia.marquez.demo11939@yahoo.com,"[""expedita"", ""delectus"", ""culpa""]",Quos corrupti dicta eveniet dicta beatae.,DS49,40%,Otros,65,Sí,Sí,Chilena,Más de $1.200.000,$1.000.000
CONV-10663,2025-12-28,Blanditiis non culpa libero quis hic.,4,marta.ruz.demo23042@outlook.com,"[""iste""]",Omnis asperiores laboriosam ipsum.,Pendiente evaluación,No registra,Solo,41,No,Sí,Venezolana,$600.001 - $900.000,$2.000.000
CONV-10664,2025-02-18,Voluptas voluptate repudiandae aspernatur nihil ut numquam.,7,marta.ruz.demo23042@outlook.com,"[""aliquid"", ""quo""]",Amet quaerat illo voluptate beatae molestias sunt.,DS19,40%,Solo,63,No,Sí,Chilena,$900.001 - $1.200.000,$500.000
CONV-10665,2026-01-11,Rem iusto excepturi ea rem. Quas quia aspernatur.,23,marta.ruz.demo23042@outlook.com,"[""inventore"", ""consectetur""]",Ducimus a itaque reprehenderit nulla vitae.,DS49,80%,Cónyuge,26,Sí,No,Chilena,$600.001 - $900.000,Sin ahorro formal
CONV-10666,2024-12-02,Dolorum dolores amet vel minima quas. Quos quis accusantium nemo eos.,22,alex.arancibia.demo25370@gmail.com,"[""reprehenderit"", ""tempore""]",Recusandae dolorum beatae corporis eveniet amet architecto.,DS49,No registra,Familia,45,Sí,Sí,Chilena,Más de $1.200.000,$500.000
CONV-10667,2024-08-28,Ipsa esse quis tenetur. Error non incidunt. Amet ipsum possimus modi in.,7,alex.arancibia.demo25370@gmail.com,"[""rem""]",Ab facere optio a.,Ninguno,60%,Familia,62,No,Sí,Chilena,Más de $1.200.000,$2.000.000
CONV-10668,2025-01-17,At reprehenderit eum dignissimos nisi illo ab.,23,alex.arancibia.demo25370@gmail.com,"[""repellendus"", ""dolorem"", ""assumenda""]",Quidem hic quae dolor possimus sed.,Pendiente evaluación,60%,Solo,38,Sí,No,Chilena,$600.001 - $900.000,$2.000.000
CONV-10669,2025-07-10,Aliquid minus fugit recusandae veniam impedit praesentium.,15,luis.barrios.demo46244@outlook.com,"[""ullam"", ""repellat""]",Ut molestias autem dolor vero.,DS1,40%,Familia,65,Sí,Sí,Chilena,Más de $1.200.000,$2.000.000
CONV-10670,2026-02-16,Qui dolores optio. Provident earum harum et quae quasi autem.,20,cristian.olmos.demo42036@yahoo.com,"[""nesciunt"", ""distinctio"", ""voluptas""]",Nam alias iusto culpa dolore quidem.,DS1,40%,Cónyuge,32,Sí,No,Chilena,$900.001 - $1.200.000,$1.000.000
CONV-10671,2025-01-19,Natus corrupti consequuntur vitae.,10,alex.vargas.demo21911@gmail.com,"[""nihil"", ""cumque"", ""quos"", ""a""]",Voluptas minima mollitia dolor repellendus quaerat.,DS49,60%,Solo,53,No,No,Colombiana,$600.001 - $900.000,$2.000.000
CONV-10672,2024-06-08,Occaecati ea quasi maxime laboriosam vitae.,17,francisco.jimenez.demo33486@hotmail.com,"[""necessitatibus"", ""quis""]",Saepe necessitatibus sunt eos atque rerum tempore.,DS19,No registra,Cónyuge,57,No,Sí,Chilena,$600.001 - $900.000,Sin ahorro formal
CONV-10673,2025-02-11,Amet provident optio enim architecto. Inventore dolore odio facere qui vel.,8,lucas.mora.demo7402@yahoo.com,"[""architecto""]",Distinctio pariatur sapiente iure illum.,DS1,60%,Otros,59,No,Sí,Chilena,$400.000 - $600.000,$500.000
CONV-10674,2025-01-29,Sint aut a. Veritatis dolor hic harum.,11,lucas.mora.demo7402@yahoo.com,"[""rem"", ""debitis"", ""repellat""]",Nisi corporis quasi distinctio molestiae.,Ninguno,80%,Cónyuge,61,Sí,No,Chilena,$600.001 - $900.000,Sin ahorro formal
CONV-10675,2025-08-01,Veritatis quam fugit aut vero repudiandae voluptas.,20,lucas.mora.demo7402@yahoo.com,"[""odio"", ""nostrum""]",Error architecto voluptatum quidem libero iure eligendi eligendi.,DS19,40%,Familia,45,Sí,No,Chilena,$900.001 - $1.200.000,$2.000.000
CONV-10676,2025-11-03,Quisquam soluta voluptatibus tempore consequuntur.,7,herminia.saez.demo2835@yahoo.com,"[""earum"", ""provident""]",Quae iusto minus aspernatur voluptatum vero atque.,Pendiente evaluación,80%,Familia,26,Sí,Sí,Chilena,$900.001 - $1.200.000,Sin ahorro formal
CONV-10677,2025-05-25,Repellat doloribus sunt molestiae recusandae. Nobis dolore hic.,21,herminia.saez.demo2835@yahoo.com,"[""atque"", ""similique"", ""ducimus"", ""sunt""]",Tenetur mollitia expedita itaque doloribus voluptatum nesciunt.,DS19,60%,Cónyuge,54,Sí,No,Venezolana,$600.001 - $900.000,$500.000
CONV-10678,2024-08-23,Dicta cum aliquam fugit tempora. A adipisci soluta corrupti earum beatae.,14,hernan.briones.demo19242@yahoo.com,"[""dicta"", ""eligendi"", ""labore""]",Eum quae ab eveniet doloremque magnam.,Ninguno,60%,Solo,63,No,Sí,Chilena,$900.001 - $1.200.000,$1.000.000
CONV-10679,2026-04-09,Quos enim tempora quidem natus. Aspernatur fuga vel placeat.,10,eduardo.ramirez.demo11542@gmail.com,"[""odit"", ""ratione""]",Nam ducimus consequuntur velit.,DS19,80%,Otros,25,No,No,Chilena,Más de $1.200.000,Sin ahorro formal
CONV-10680,2026-04-07,Voluptas libero maiores expedita repellendus voluptatibus exercitationem fugiat.,18,eduardo.ramirez.demo11542@gmail.com,"[""amet"", ""reprehenderit""]",Inventore ab voluptate amet.,DS49,No registra,Cónyuge,69,No,Sí,Chilena,$400.000 - $600.000,$500.000
CONV-10681,2025-12-29,Quas incidunt maiores illum adipisci ullam.,19,eduardo.ramirez.demo11542@gmail.com,"[""ipsum"", ""tempora"", ""consequatur""]",Fugit ipsam minima debitis possimus adipisci dolor.,Pendiente evaluación,40%,Solo,51,No,Sí,Chilena,$900.001 - $1.200.000,$1.000.000
CONV-10682,2024-08-12,Cum recusandae error similique est.,17,gustavo.munoz.demo485@hotmail.com,"[""corrupti"", ""fugiat"", ""officiis"", ""sunt""]",Dolor officiis dolore quas occaecati quibusdam adipisci.,DS19,No registra,Cónyuge,47,Sí,Sí,Chilena,$600.001 - $900.000,$1.000.000
CONV-10683,2025-08-10,Ea accusantium necessitatibus magni nemo. Magni quidem saepe ut vel distinctio autem.,5,gustavo.munoz.demo485@hotmail.com,"[""itaque"", ""ipsa"", ""doloribus""]",Rerum reiciendis beatae pariatur excepturi magni ipsa.,Pendiente evaluación,80%,Cónyuge,68,Sí,Sí,Chilena,$600.001 - $900.000,$1.000.000
CONV-10684,2025-01-30,Eum nobis consequatur atque fugiat tempora.,25,gustavo.munoz.demo485@hotmail.com,"[""numquam"", ""ex""]",Architecto quisquam deleniti voluptatibus quis velit.,Pendiente evaluación,80%,Familia,24,No,Sí,Venezolana,$900.001 - $1.200.000,$500.000
CONV-10685,2025-11-19,Enim ipsam deleniti sequi. Earum occaecati voluptas sint.,21,maria.rivera.demo51556@yahoo.com,"[""ipsa"", ""ratione"", ""eveniet"", ""dolore""]",Assumenda sint maiores dolorum labore magnam placeat.,DS19,60%,Familia,60,No,No,Peruana,Más de $1.200.000,$500.000
CONV-10686,2026-03-27,Adipisci animi id placeat. Laboriosam molestias vel officiis dolores.,20,maria.rivera.demo51556@yahoo.com,"[""doloribus"", ""consequuntur"", ""rerum""]",Nihil ratione rem dolores quam doloremque.,DS49,60%,Familia,41,No,Sí,Chilena,$400.000 - $600.000,Sin ahorro formal
CONV-10687,2024-12-24,Voluptates provident dolorum ad. Voluptates eveniet vero atque suscipit.,14,maria.rivera.demo51556@yahoo.com,"[""corporis"", ""commodi"", ""aut""]",Accusamus commodi adipisci repellendus maiores.,DS1,60%,Otros,38,No,No,Chilena,$900.001 - $1.200.000,$2.000.000
CONV-10688,2025-09-24,At nisi praesentium in. Quae eaque nam non.,21,rodrigo.navarrete.demo31389@yahoo.com,"[""saepe"", ""repudiandae""]",Numquam et vel exercitationem itaque.,Ninguno,No registra,Familia,21,No,Sí,Chilena,$600.001 - $900.000,Sin ahorro formal
CONV-10689,2025-07-11,Totam tenetur fugit.,14,rodrigo.navarrete.demo31389@yahoo.com,"[""nulla"", ""sit"", ""ipsa"", ""nemo""]",A molestiae blanditiis voluptates veniam.,Ninguno,60%,Familia,48,Sí,No,Peruana,$400.000 - $600.000,$500.000
CONV-10690,2026-03-30,Voluptatibus enim molestiae unde sit incidunt.,18,ignacio.espinosa.demo26667@outlook.com,"[""fugit"", ""fuga""]",Hic amet quam asperiores.,Pendiente evaluación,60%,Solo,38,Sí,No,Chilena,$600.001 - $900.000,$2.000.000
CONV-10691,2025-09-29,Eum laboriosam neque quas.,5,ignacio.espinosa.demo26667@outlook.com,"[""totam""]",Voluptate blanditiis mollitia qui.,Ninguno,80%,Cónyuge,40,Sí,No,Chilena,$900.001 - $1.200.000,Sin ahorro formal
CONV-10692,2025-06-10,Repudiandae porro fugiat iure optio perspiciatis beatae.,8,ignacio.espinosa.demo26667@outlook.com,"[""voluptatum"", ""labore""]",Temporibus doloribus maiores in rerum.,DS19,40%,Familia,68,No,No,Chilena,$900.001 - $1.200.000,$500.000
CONV-10693,2026-03-06,Alias veritatis corporis voluptatem aperiam. Quis mollitia eos nam iure eum.,8,fernando.borquez.demo30570@yahoo.com,"[""recusandae"", ""optio"", ""in"", ""ipsam""]",Ipsa ducimus nihil expedita minus quod.,DS1,80%,Cónyuge,38,No,No,Chilena,Más de $1.200.000,Sin ahorro formal
CONV-10694,2026-03-07,Nostrum non impedit exercitationem iusto non vel.,16,fernando.borquez.demo30570@yahoo.com,"[""temporibus"", ""culpa""]",Nam iusto nihil ipsam assumenda impedit hic nostrum.,Pendiente evaluación,60%,Otros,53,No,Sí,Colombiana,$900.001 - $1.200.000,$500.000
CONV-10695,2026-04-24,Aliquam dolorem porro laborum.,17,constanza.ramirez.demo50226@outlook.com,"[""delectus"", ""id""]",Inventore adipisci possimus nostrum a cum tempora.,DS1,60%,Otros,40,No,Sí,Chilena,Más de $1.200.000,$1.000.000
CONV-10696,2026-03-15,Tenetur eaque quisquam facilis nisi recusandae id voluptatum.,14,constanza.ramirez.demo50226@outlook.com,"[""placeat"", ""maiores""]",Quas voluptates nam quibusdam dolore non illo et.,DS1,No registra,Otros,21,Sí,Sí,Chilena,$900.001 - $1.200.000,Sin ahorro formal
CONV-10697,2026-03-07,Iure officia optio rem saepe hic eum.,15,constanza.ramirez.demo50226@outlook.com,"[""facilis""]",Hic molestias velit dolor cupiditate.,DS19,80%,Solo,37,No,Sí,Chilena,$400.000 - $600.000,Sin ahorro formal
CONV-10698,2024-11-11,Quisquam nam quam consequuntur soluta.,6,gladys.aguayo.demo38837@outlook.com,"[""architecto"", ""ab"", ""minima""]",Reiciendis praesentium provident vitae inventore eos consectetur.,Pendiente evaluación,No registra,Otros,23,Sí,No,Chilena,$400.000 - $600.000,$500.000
CONV-10699,2025-04-05,Doloribus ex facilis odio harum. Corrupti quo culpa cum.,3,gladys.aguayo.demo38837@outlook.com,"[""nulla""]",Quae minima suscipit excepturi ut.,DS19,60%,Solo,32,Sí,Sí,Chilena,$600.001 - $900.000,$500.000
CONV-10700,2025-04-10,Iure sint accusamus beatae officia expedita.,6,alejandro.trujillo.demo6548@yahoo.com,"[""provident"", ""minus"", ""facere""]",Ratione natus nobis commodi vero.,DS49,80%,Otros,31,Sí,Sí,Chilena,$900.001 - $1.200.000,$2.000.000
CONV-10701,2025-01-28,Praesentium quae cupiditate est ullam tenetur.,13,alejandro.trujillo.demo6548@yahoo.com,"[""repellendus"", ""voluptas"", ""numquam"", ""deserunt""]",Neque quisquam inventore cupiditate hic architecto facere.,DS49,40%,Familia,38,Sí,No,Chilena,$400.000 - $600.000,Sin ahorro formal
CONV-10702,2025-11-18,Reiciendis delectus laboriosam iusto.,20,alejandro.trujillo.demo6548@yahoo.com,"[""debitis"", ""eligendi"", ""ipsa"", ""natus""]",Occaecati magnam doloremque aliquam nesciunt magnam.,Ninguno,80%,Otros,40,No,Sí,Chilena,$900.001 - $1.200.000,$1.000.000
CONV-10703,2025-05-05,Rem molestias nihil consectetur.,20,bastian.caceres.demo39335@outlook.com,"[""asperiores"", ""dolorem"", ""tenetur"", ""aliquid""]",Doloribus ex architecto quasi doloremque nisi nostrum.,DS49,40%,Solo,36,No,Sí,Chilena,$600.001 - $900.000,$2.000.000
CONV-10704,2026-05-04,Suscipit maiores voluptates. Dignissimos quibusdam laborum illo.,18,maritza.mejias.demo47356@outlook.com,"[""debitis"", ""alias"", ""nemo"", ""fugit""]",Hic ex hic.,DS1,No registra,Familia,39,No,No,Chilena,$400.000 - $600.000,Sin ahorro formal
CONV-10705,2024-10-17,Iste dolores nostrum sunt pariatur aperiam aliquam.,17,elena.campos.demo41573@gmail.com,"[""veniam""]",Voluptates velit illo eius.,DS49,40%,Otros,36,No,Sí,Chilena,Más de $1.200.000,$1.000.000
CONV-10706,2025-10-08,Earum voluptatibus dolorum deleniti.,17,elena.campos.demo41573@gmail.com,"[""architecto"", ""perferendis"", ""earum"", ""iure""]",Optio corporis possimus tempora.,DS49,No registra,Familia,64,Sí,Sí,Chilena,Más de $1.200.000,$1.000.000
CONV-10707,2024-11-20,Officia eius optio sed. Minus autem amet repellat.,5,elena.campos.demo41573@gmail.com,"[""iste"", ""quod""]",Reprehenderit blanditiis quis natus deserunt totam illum.,DS19,80%,Otros,23,No,Sí,Chilena,$900.001 - $1.200.000,$1.000.000
CONV-10708,2024-07-06,Illum ut sunt. Eveniet optio deleniti ipsam.,3,flor.guerrero.demo1851@hotmail.com,"[""placeat"", ""qui""]",Ea aliquam modi velit fuga illum.,Pendiente evaluación,80%,Familia,51,No,No,Peruana,$900.001 - $1.200.000,$2.000.000
CONV-10709,2025-01-23,Ratione veritatis in velit. Quae beatae nemo fugit.,6,flor.guerrero.demo1851@hotmail.com,"[""inventore"", ""omnis"", ""nulla""]",Aliquam dolorem itaque adipisci officia sunt amet eum.,Pendiente evaluación,60%,Familia,40,No,Sí,Chilena,$900.001 - $1.200.000,$1.000.000
CONV-10710,2024-12-29,Beatae quidem sit eligendi.,23,luciano.perez.demo22358@hotmail.com,"[""quae"", ""quisquam"", ""hic"", ""corrupti""]",Omnis aperiam fugiat facere corporis.,DS1,No registra,Familia,23,Sí,Sí,Chilena,$600.001 - $900.000,$1.000.000
CONV-10711,2024-10-20,Provident molestiae facilis nesciunt.,6,sandra.munoz.demo24342@yahoo.com,"[""minima"", ""modi""]",Harum eveniet architecto pariatur quaerat possimus.,DS49,60%,Otros,70,Sí,No,Chilena,$400.000 - $600.000,$1.000.000
CONV-10712,2025-05-09,Eos laborum laborum optio eum distinctio tempore.,12,sandra.munoz.demo24342@yahoo.com,"[""provident"", ""sunt"", ""possimus"", ""fuga""]",Ut asperiores recusandae dicta omnis tempora reiciendis.,DS19,No registra,Otros,66,No,No,Chilena,$400.000 - $600.000,Sin ahorro formal
CONV-10713,2025-07-08,Consequatur iusto esse modi suscipit natus distinctio.,23,hector.leiva.demo26724@gmail.com,"[""aliquid"", ""quas""]",Itaque suscipit alias quidem quo.,Ninguno,80%,Solo,39,Sí,No,Chilena,$900.001 - $1.200.000,$2.000.000
CONV-10714,2025-08-04,Voluptatum porro beatae doloribus.,18,hector.leiva.demo26724@gmail.com,"[""totam"", ""ea""]",Iure ad dignissimos cumque doloribus culpa dolor.,Pendiente evaluación,No registra,Familia,22,Sí,No,Chilena,$900.001 - $1.200.000,Sin ahorro formal
CONV-10715,2024-12-12,Corporis quibusdam ipsa.,3,clodomiro.munoz.demo4927@outlook.com,"[""ratione"", ""illo"", ""ipsum""]",Nisi labore quae rerum possimus.,DS49,60%,Familia,51,No,No,Chilena,$600.001 - $900.000,$1.000.000
CONV-10716,2024-06-24,Cum amet ipsa eius pariatur officia quisquam.,14,clodomiro.munoz.demo4927@outlook.com,"[""illo""]",Magni facilis harum nemo autem dolorum quod.,Ninguno,40%,Familia,19,Sí,Sí,Chilena,$900.001 - $1.200.000,$2.000.000
CONV-10717,2025-08-08,Perspiciatis laboriosam suscipit porro illum est minus vel.,19,rene.avila.demo23941@gmail.com,"[""similique"", ""deserunt""]",Beatae a dolore quia voluptatum exercitationem exercitationem ipsam.,DS49,60%,Solo,24,Sí,Sí,Chilena,Más de $1.200.000,$2.000.000
CONV-10718,2025-12-07,Asperiores culpa assumenda harum dicta libero inventore necessitatibus.,5,ana.naranjo.demo13578@gmail.com,"[""facilis"", ""dolorum"", ""autem"", ""velit""]",Quis voluptatum optio eos.,Pendiente evaluación,40%,Otros,69,No,Sí,Chilena,$600.001 - $900.000,$1.000.000
CONV-10719,2024-10-11,In iusto eaque amet deserunt rerum possimus. Asperiores nam debitis aliquid.,11,vicente.alvarez.demo22985@yahoo.com,"[""dolorem"", ""suscipit"", ""nam"", ""veritatis""]",Distinctio asperiores aut dolores vitae doloremque.,Ninguno,40%,Solo,55,No,No,Chilena,Más de $1.200.000,Sin ahorro formal
CONV-10720,2025-12-24,Exercitationem fuga dolorem. Dolorem dolor consequatur ad ipsum.,7,luz.gonzalez.demo10875@gmail.com,"[""eum"", ""similique""]",Incidunt quasi aperiam aperiam porro facere.,DS19,80%,Otros,54,No,Sí,Chilena,$600.001 - $900.000,$2.000.000
CONV-10721,2025-12-20,Sint voluptas iste sapiente perspiciatis voluptatum veritatis sunt.,4,catalina.almonacid.demo23794@hotmail.com,"[""exercitationem""]",Commodi deleniti expedita ex saepe vel dolorem deleniti.,DS1,60%,Familia,55,No,Sí,Chilena,Más de $1.200.000,Sin ahorro formal
CONV-10722,2026-01-11,Laudantium ipsum asperiores porro et illum.,11,catalina.almonacid.demo23794@hotmail.com,"[""quod"", ""doloribus""]",In minima nesciunt quam assumenda recusandae quae.,Ninguno,60%,Otros,33,No,No,Venezolana,Más de $1.200.000,$1.000.000
CONV-10723,2025-01-07,Autem in suscipit fugiat corrupti rerum at.,10,daniel.machuca.demo38610@hotmail.com,"[""consequuntur"", ""odio"", ""error"", ""quos""]",Reiciendis quas labore laudantium consequuntur repellat fuga.,DS49,80%,Cónyuge,41,No,Sí,Peruana,$400.000 - $600.000,$500.000
CONV-10724,2024-08-06,Tenetur modi dolore atque.,10,daniel.machuca.demo38610@hotmail.com,"[""eos"", ""est"", ""non"", ""iure""]",Neque assumenda odio voluptatibus maiores.,Ninguno,80%,Cónyuge,57,No,No,Chilena,$900.001 - $1.200.000,$500.000
CONV-10725,2024-08-09,Quam voluptate tenetur enim dolor. Tempore rerum cumque doloribus ut.,15,jaime.vasquez.demo1267@gmail.com,"[""corrupti"", ""iure""]",In quas recusandae hic dignissimos libero consequuntur.,DS49,No registra,Cónyuge,65,No,No,Chilena,Más de $1.200.000,Sin ahorro formal
CONV-10726,2025-09-03,Saepe tempora modi quaerat non ab. Rerum nam fugit.,21,jaime.vasquez.demo1267@gmail.com,"[""necessitatibus"", ""vel""]",Harum deserunt architecto doloremque omnis ipsa maiores.,Pendiente evaluación,40%,Familia,25,No,No,Peruana,Más de $1.200.000,Sin ahorro formal
CONV-10727,2025-12-28,Consequuntur quam quod natus tenetur praesentium commodi.,16,jaime.vasquez.demo1267@gmail.com,"[""velit""]",Minus vel saepe sapiente sapiente.,Ninguno,80%,Familia,44,No,Sí,Chilena,$900.001 - $1.200.000,$500.000
CONV-10728,2026-04-26,Odio qui mollitia iusto veniam.,14,karina.leal.demo35395@gmail.com,"[""distinctio""]",Cumque sit dolorum deserunt voluptatum dolor libero hic.,DS19,No registra,Solo,55,No,No,Chilena,Más de $1.200.000,$2.000.000
CONV-10729,2025-04-18,Qui adipisci esse vero iusto officia.,16,luis.gutierrez.demo18345@gmail.com,"[""natus"", ""aperiam"", ""quidem"", ""labore""]",Et sunt unde alias veritatis.,DS19,60%,Cónyuge,59,Sí,No,Chilena,Más de $1.200.000,$1.000.000
CONV-10730,2025-11-04,Labore dolor unde quia harum inventore. Maiores ex veniam ad. Sed sed voluptas.,8,luis.gutierrez.demo18345@gmail.com,"[""dolore"", ""velit""]",Autem sint omnis accusantium.,Ninguno,No registra,Familia,23,No,Sí,Chilena,$600.001 - $900.000,Sin ahorro formal
CONV-10731,2025-10-29,Asperiores tempora odit error et voluptas.,19,maria.fuenzalida.demo47013@yahoo.com,"[""aliquid"", ""sed"", ""voluptatem""]",Nihil vero debitis impedit provident ipsum.,Ninguno,No registra,Solo,21,No,No,Chilena,$900.001 - $1.200.000,$500.000
CONV-10732,2025-06-28,Reprehenderit magnam voluptatibus.,3,constanza.contreras.demo9818@hotmail.com,"[""cupiditate""]",Accusantium qui cum suscipit natus officia deleniti.,Pendiente evaluación,60%,Cónyuge,57,Sí,Sí,Chilena,$900.001 - $1.200.000,Sin ahorro formal
CONV-10733,2024-08-04,Itaque veniam ut quis officia ratione. Aspernatur error ipsam.,6,constanza.contreras.demo9818@hotmail.com,"[""nemo"", ""laudantium"", ""corporis""]",Minima maiores molestias.,Ninguno,40%,Otros,19,No,Sí,Venezolana,$600.001 - $900.000,$500.000
CONV-10734,2025-09-11,Minus sint perspiciatis porro totam quo architecto amet.,12,constanza.contreras.demo9818@hotmail.com,"[""autem""]",Veritatis nihil incidunt minima iste maiores optio.,DS1,60%,Cónyuge,42,No,Sí,Peruana,Más de $1.200.000,$2.000.000
CONV-10735,2025-08-14,Pariatur mollitia quam maiores dolore. Veritatis error voluptatum saepe odio.,25,javier.alvarado.demo38206@yahoo.com,"[""accusantium"", ""suscipit"", ""qui""]",Quibusdam provident deleniti voluptates vero.,Pendiente evaluación,40%,Familia,60,Sí,No,Colombiana,Más de $1.200.000,$2.000.000
CONV-10736,2025-01-28,Accusantium dolore doloribus ullam eaque ipsum.,23,christopher.molina.demo51031@yahoo.com,"[""sit"", ""doloribus""]",Facilis officiis reiciendis voluptatem.,DS1,40%,Otros,57,No,Sí,Chilena,$400.000 - $600.000,$2.000.000
CONV-10737,2025-03-28,Odio deleniti at occaecati. Eos est voluptatum.,8,christopher.molina.demo51031@yahoo.com,"[""architecto""]",Autem quis corporis nostrum est facilis vitae.,Ninguno,40%,Familia,53,Sí,Sí,Chilena,Más de $1.200.000,Sin ahorro formal
CONV-10738,2025-01-07,Incidunt expedita nobis error. Iusto excepturi dolores amet quam odit commodi ratione.,4,david.barria.demo9546@hotmail.com,"[""animi"", ""neque""]",Dicta enim nostrum eius occaecati delectus exercitationem.,DS49,40%,Cónyuge,55,No,No,Chilena,$400.000 - $600.000,$500.000
CONV-10739,2024-11-12,Reiciendis vero ipsam. Sequi aut quasi. Dolorum modi error veritatis.,6,david.barria.demo9546@hotmail.com,"[""odit"", ""ut""]",Necessitatibus quos nisi nesciunt veniam accusamus.,DS1,No registra,Familia,23,No,No,Chilena,$900.001 - $1.200.000,Sin ahorro formal
CONV-10740,2025-01-10,Qui libero cum in alias. Soluta sapiente totam numquam.,21,david.barria.demo9546@hotmail.com,"[""est"", ""facere"", ""iusto"", ""at""]",Non consequatur animi voluptatem ad.,DS1,No registra,Cónyuge,53,No,Sí,Chilena,Más de $1.200.000,Sin ahorro formal
CONV-10741,2025-02-22,Ut eveniet repellat iure.,23,jaime.lagos.demo30796@hotmail.com,"[""quos""]",Ipsum consectetur mollitia consectetur amet.,DS19,80%,Otros,44,Sí,Sí,Chilena,$400.000 - $600.000,Sin ahorro formal
CONV-10742,2024-08-31,Libero doloremque placeat praesentium harum voluptatem assumenda.,12,jaime.lagos.demo30796@hotmail.com,"[""omnis"", ""molestiae"", ""ipsum""]",Maiores dicta praesentium quod nulla aspernatur aut.,DS49,40%,Solo,41,No,No,Chilena,$400.000 - $600.000,$1.000.000
CONV-10743,2024-06-08,Temporibus ipsam reprehenderit accusamus illum totam libero. In quas omnis quasi explicabo.,25,jaime.lagos.demo30796@hotmail.com,"[""quisquam""]",Labore aperiam officiis harum ullam ipsam.,Ninguno,40%,Familia,33,Sí,No,Chilena,$400.000 - $600.000,$500.000
CONV-10744,2025-11-25,Non nihil nulla accusamus quasi nobis modi.,22,sandra.morales.demo20324@gmail.com,"[""facilis""]",Recusandae aliquid architecto eos atque.,DS19,80%,Cónyuge,24,Sí,No,Chilena,Más de $1.200.000,$2.000.000
CONV-10745,2025-08-02,Nobis ratione error labore et. Reiciendis nulla facere quaerat incidunt vitae.,23,sandra.morales.demo20324@gmail.com,"[""earum"", ""beatae"", ""sit""]",Blanditiis quis corrupti cupiditate exercitationem vero numquam.,DS49,No registra,Familia,46,Sí,No,Chilena,$900.001 - $1.200.000,Sin ahorro formal
CONV-10746,2025-04-14,Modi consequuntur saepe aliquid. Corrupti voluptas dicta officia molestias vero.,10,adelina.diaz.demo8436@gmail.com,"[""temporibus"", ""eaque"", ""dignissimos""]",Odit ex temporibus quis ad.,Pendiente evaluación,40%,Cónyuge,22,Sí,Sí,Chilena,$600.001 - $900.000,$2.000.000
CONV-10747,2024-07-12,Ipsum accusamus placeat rerum earum ullam suscipit iusto.,21,josefa.gomez.demo4203@yahoo.com,"[""quasi"", ""cum"", ""velit"", ""magni""]",Accusamus quas corporis accusamus.,DS1,60%,Solo,22,No,No,Chilena,Más de $1.200.000,Sin ahorro formal
CONV-10748,2025-05-17,Aliquid ad delectus cupiditate quidem.,4,josefa.gomez.demo4203@yahoo.com,"[""odio"", ""aspernatur"", ""magnam"", ""alias""]",Illo tempora pariatur id.,DS1,40%,Familia,56,Sí,Sí,Peruana,Más de $1.200.000,$2.000.000
CONV-10749,2024-08-07,Iure culpa non a maxime vero consectetur quia. Ipsam officiis quia veniam.,20,paola.bravo.demo25615@outlook.com,"[""rem"", ""nulla"", ""molestias"", ""rerum""]",Aliquam sapiente omnis quod amet quo totam.,Pendiente evaluación,60%,Familia,64,No,No,Chilena,Más de $1.200.000,$2.000.000
CONV-10750,2026-03-20,Aperiam provident esse suscipit labore.,13,nelson.escobar.demo39907@gmail.com,"[""vel"", ""tempore"", ""explicabo""]",Adipisci reprehenderit sapiente sed suscipit ullam quasi.,DS19,60%,Solo,21,No,No,Chilena,Más de $1.200.000,$2.000.000
CONV-10751,2026-01-03,Nobis cupiditate illo sequi quam voluptatibus culpa.,8,nelson.escobar.demo39907@gmail.com,"[""nam"", ""dolorum""]",Tenetur consequatur deleniti perferendis occaecati eos.,Pendiente evaluación,80%,Familia,64,No,No,Chilena,Más de $1.200.000,Sin ahorro formal
CONV-10752,2026-02-08,Atque sint natus tempore. Laborum tempore officia temporibus aliquid.,22,maria.villalobos.demo23015@outlook.com,"[""laborum"", ""odit""]",Expedita in doloribus asperiores nostrum.,DS49,40%,Cónyuge,20,Sí,Sí,Chilena,$400.000 - $600.000,Sin ahorro formal
CONV-10753,2025-05-04,Itaque vitae culpa fugiat. Voluptate sit ab ipsam doloribus molestias.,14,maria.villalobos.demo23015@outlook.com,"[""quo"", ""tempore"", ""ea""]",Harum quae consequatur non dolorum.,DS49,No registra,Solo,50,No,Sí,Chilena,$400.000 - $600.000,$500.000
CONV-10754,2024-12-27,Possimus dolores ab illum praesentium. Quam cumque labore dolorem magni dolore at.,8,maria.villalobos.demo23015@outlook.com,"[""quo"", ""minus""]",Delectus odit quae non.,DS19,60%,Cónyuge,66,No,No,Chilena,$600.001 - $900.000,$1.000.000
CONV-10755,2024-09-09,Repellat rem quisquam delectus doloribus veniam.,8,victor.molina.demo14048@gmail.com,"[""neque"", ""impedit"", ""tempore"", ""nostrum""]",Consequuntur commodi et itaque.,DS49,60%,Cónyuge,64,Sí,No,Chilena,$900.001 - $1.200.000,$1.000.000
CONV-10756,2025-12-12,Ipsa porro mollitia delectus fugit. Laborum soluta quis iusto.,17,victor.molina.demo14048@gmail.com,"[""voluptatem"", ""sed""]",Qui amet numquam rerum earum.,Pendiente evaluación,60%,Otros,64,No,Sí,Chilena,$900.001 - $1.200.000,$500.000
CONV-10757,2025-04-27,Quam nihil amet error. Saepe ut eveniet est nisi. Tenetur sit in unde qui.,25,victor.molina.demo14048@gmail.com,"[""vero"", ""unde"", ""perspiciatis"", ""doloribus""]",Veniam animi reiciendis laborum.,Ninguno,60%,Familia,25,No,Sí,Chilena,Más de $1.200.000,Sin ahorro formal
CONV-10758,2026-03-28,Officia illum est dolorem perferendis.,17,dario.gaete.demo3101@gmail.com,"[""velit"", ""odio"", ""ex""]",Officia cumque unde autem non blanditiis.,Ninguno,80%,Cónyuge,22,Sí,No,Chilena,Más de $1.200.000,$500.000
CONV-10759,2025-02-24,Nemo occaecati cumque adipisci nemo. Beatae saepe temporibus assumenda numquam voluptate.,16,dario.gaete.demo3101@gmail.com,"[""ea"", ""natus"", ""deserunt"", ""error""]",Distinctio incidunt temporibus eligendi cumque cumque.,DS19,No registra,Familia,44,Sí,Sí,Colombiana,$400.000 - $600.000,Sin ahorro formal
CONV-10760,2024-07-31,Temporibus ad rerum sunt. Libero temporibus quis nemo assumenda placeat.,6,dario.gaete.demo3101@gmail.com,"[""magnam"", ""illum"", ""quaerat"", ""inventore""]",Aut labore distinctio consequuntur dolor ea itaque.,DS19,80%,Familia,62,No,No,Chilena,$400.000 - $600.000,$1.000.000
CONV-10761,2025-04-12,Reprehenderit soluta dicta unde quaerat veritatis.,12,melissa.castillo.demo27691@hotmail.com,"[""dignissimos"", ""ipsam"", ""a""]",Porro culpa quibusdam.,Ninguno,60%,Solo,45,Sí,Sí,Chilena,Más de $1.200.000,$500.000
CONV-10762,2024-09-30,Recusandae exercitationem delectus velit quod asperiores. Repudiandae impedit tempore neque.,9,jennifer.arancibia.demo11772@gmail.com,"[""excepturi"", ""neque""]",Ab animi amet soluta quam.,DS49,40%,Solo,26,Sí,Sí,Chilena,$900.001 - $1.200.000,$500.000
CONV-10763,2025-02-02,Architecto assumenda eius.,22,jennifer.arancibia.demo11772@gmail.com,"[""et"", ""tempora"", ""nihil""]",Unde impedit ducimus minima.,DS49,No registra,Familia,56,Sí,Sí,Chilena,Más de $1.200.000,Sin ahorro formal
CONV-10764,2024-07-28,Commodi neque eaque at. Sunt totam aut itaque itaque.,15,luis.ordenes.demo31856@hotmail.com,"[""cupiditate"", ""eius""]",Nulla quibusdam beatae cupiditate totam impedit rem excepturi.,DS1,80%,Cónyuge,26,No,Sí,Venezolana,Más de $1.200.000,$1.000.000
CONV-10765,2024-07-02,Cum occaecati tenetur ipsam eveniet nihil officia. Iusto error odit facere nobis.,23,silvia.gutierrez.demo12793@gmail.com,"[""aliquam"", ""veritatis""]",Magnam fugit enim consectetur veritatis.,DS1,60%,Familia,67,Sí,Sí,Colombiana,$600.001 - $900.000,$1.000.000
CONV-10766,2026-03-13,Veritatis nostrum alias. Cumque id repellat nemo ullam. Quos itaque accusantium aliquid.,7,silvia.gutierrez.demo12793@gmail.com,"[""magnam""]",Suscipit sunt ipsam repellendus odio.,DS19,40%,Familia,68,Sí,Sí,Chilena,$900.001 - $1.200.000,Sin ahorro formal
CONV-10767,2024-09-11,Voluptatibus cupiditate in ea necessitatibus dolor quo recusandae.,20,silvia.gutierrez.demo12793@gmail.com,"[""atque"", ""nostrum""]",Blanditiis ipsam sint corporis.,DS49,60%,Solo,26,No,Sí,Chilena,$900.001 - $1.200.000,Sin ahorro formal
CONV-10768,2025-04-20,Assumenda eligendi optio magnam nesciunt a neque.,23,uberlinda.angulo.demo41959@hotmail.com,"[""qui"", ""nesciunt"", ""quas"", ""iure""]",Recusandae earum voluptas ex dolor perspiciatis soluta alias.,DS1,60%,Cónyuge,69,Sí,Sí,Venezolana,$400.000 - $600.000,$2.000.000
CONV-10769,2025-03-22,Porro enim vero praesentium eveniet expedita quo.,5,mirtha.rojas.demo44881@yahoo.com,"[""minima""]",Dignissimos maiores error eveniet.,Pendiente evaluación,60%,Cónyuge,22,No,No,Chilena,Más de $1.200.000,$500.000
CONV-10770,2026-01-07,Alias repellat quaerat aut culpa harum soluta. Ab optio pariatur quasi accusantium.,23,fabiana.leal.demo33255@hotmail.com,"[""sunt"", ""sed""]",Vero sit dolorem.,DS49,No registra,Otros,30,No,Sí,Chilena,$900.001 - $1.200.000,$1.000.000
CONV-10771,2024-09-06,Necessitatibus aperiam dignissimos explicabo quis.,25,fabiana.leal.demo33255@hotmail.com,"[""unde"", ""mollitia""]",Amet quasi soluta error voluptatibus.,DS19,40%,Cónyuge,21,Sí,No,Colombiana,$600.001 - $900.000,$500.000
CONV-10772,2025-11-25,Quia sed tempora laborum fuga perferendis molestiae.,15,fabiana.leal.demo33255@hotmail.com,"[""accusamus"", ""perspiciatis""]",Id asperiores sunt est odio.,DS1,No registra,Familia,59,No,Sí,Chilena,$400.000 - $600.000,Sin ahorro formal
CONV-10773,2025-01-29,Minima dolorem nisi numquam.,23,francis.jerez.demo31875@yahoo.com,"[""dicta"", ""et"", ""odio"", ""quam""]",Placeat molestias nesciunt enim distinctio.,DS49,No registra,Otros,47,Sí,Sí,Chilena,$600.001 - $900.000,$500.000
CONV-10774,2025-09-11,Deserunt quia mollitia pariatur.,13,francis.jerez.demo31875@yahoo.com,"[""aspernatur"", ""tempore"", ""vero""]",Quas quas aperiam maiores eius fugit.,Pendiente evaluación,80%,Solo,21,Sí,No,Chilena,Más de $1.200.000,Sin ahorro formal
CONV-10775,2025-06-30,Nisi soluta laborum.,13,francis.jerez.demo31875@yahoo.com,"[""aliquid"", ""occaecati"", ""iure""]",Ipsa maxime labore nobis.,Ninguno,No registra,Solo,66,No,No,Chilena,Más de $1.200.000,Sin ahorro formal
CONV-10776,2025-02-12,Eum suscipit cumque. Magnam inventore laborum libero quam veritatis mollitia.,17,jesus.salgado.demo37011@hotmail.com,"[""impedit"", ""vel"", ""similique""]",Modi sit est reprehenderit ipsum.,DS19,40%,Otros,58,Sí,No,Chilena,$400.000 - $600.000,$500.000
CONV-10777,2025-11-25,Consectetur nihil consequatur minus nam non.,12,marcelina.badilla.demo28655@hotmail.com,"[""voluptatibus"", ""dolore""]",Illum voluptate unde nam impedit.,Ninguno,80%,Familia,42,No,No,Chilena,$600.001 - $900.000,$1.000.000
CONV-10778,2025-04-07,Necessitatibus reiciendis maiores repellat maxime.,14,marcelina.badilla.demo28655@hotmail.com,"[""laboriosam"", ""fuga""]",Quod dolor quo excepturi.,DS49,80%,Solo,55,Sí,No,Peruana,$900.001 - $1.200.000,Sin ahorro formal
CONV-10779,2024-08-09,Corrupti delectus temporibus. Dolore libero ex iusto assumenda.,21,marcelina.badilla.demo28655@hotmail.com,"[""aspernatur""]",Laboriosam corrupti perferendis dolore quo at eveniet.,DS19,40%,Familia,38,No,Sí,Chilena,Más de $1.200.000,$500.000
CONV-10780,2025-04-17,Rem mollitia iusto ipsum nulla. Necessitatibus illo commodi hic maiores accusamus.,12,daniel.jerez.demo43879@hotmail.com,"[""excepturi"", ""magni"", ""quisquam""]",Nam error adipisci est autem illum doloremque non.,Ninguno,60%,Familia,27,Sí,No,Chilena,$600.001 - $900.000,$500.000
CONV-10781,2026-03-30,Dolore dolorum eos. Molestias minus ad repellendus impedit.,25,daniel.jerez.demo43879@hotmail.com,"[""asperiores"", ""recusandae"", ""iusto""]",Dolores veniam perspiciatis placeat perferendis.,DS49,60%,Solo,44,No,Sí,Chilena,$900.001 - $1.200.000,$2.000.000
CONV-10782,2024-07-28,Quas aperiam officiis ea quaerat. Esse omnis consectetur earum.,13,jose.carvajal.demo19855@outlook.com,"[""accusantium""]",Fuga eius deleniti veritatis veritatis in debitis praesentium.,DS49,40%,Solo,55,Sí,No,Chilena,$900.001 - $1.200.000,$2.000.000
CONV-10783,2025-03-04,Ducimus quae nesciunt nobis. Ipsam exercitationem quae facere aliquam.,15,jose.carvajal.demo19855@outlook.com,"[""error"", ""eveniet"", ""voluptatem"", ""fugit""]",Asperiores fuga dolorem dolor.,DS1,No registra,Solo,65,No,No,Chilena,$400.000 - $600.000,$1.000.000
CONV-10784,2025-04-16,Sunt inventore doloribus repudiandae laboriosam cum.,21,jose.carvajal.demo19855@outlook.com,"[""temporibus"", ""doloribus"", ""exercitationem"", ""fuga""]",Architecto quis minus laborum.,DS19,80%,Cónyuge,68,Sí,Sí,Chilena,$400.000 - $600.000,$1.000.000
CONV-10785,2024-11-03,Laborum ab quidem aut. Placeat itaque fuga. Eveniet sed recusandae praesentium quaerat vero.,23,javiera.catalan.demo37457@yahoo.com,"[""consequuntur"", ""id""]",Voluptate sunt vero corrupti amet cupiditate esse.,Ninguno,40%,Familia,30,No,Sí,Chilena,$600.001 - $900.000,$1.000.000
CONV-10786,2025-02-11,Libero eveniet illum quae dolorem assumenda animi aperiam.,10,mauricio.vasquez.demo34771@outlook.com,"[""tempora"", ""maiores"", ""maiores"", ""deserunt""]",Similique atque alias id nam incidunt cupiditate.,Pendiente evaluación,40%,Familia,48,No,No,Chilena,$900.001 - $1.200.000,$1.000.000
CONV-10787,2025-05-15,Dolor quasi dolorum deserunt laborum.,12,mauricio.vasquez.demo34771@outlook.com,"[""maiores"", ""veniam"", ""quod"", ""officiis""]",Quasi temporibus veritatis.,DS1,60%,Cónyuge,39,Sí,No,Venezolana,$600.001 - $900.000,$2.000.000
CONV-10788,2024-11-24,Consequuntur nisi explicabo magni. Quia eos laboriosam vitae. Velit natus ea omnis quam fugiat.,10,mauricio.vasquez.demo34771@outlook.com,"[""laboriosam"", ""neque"", ""dolorum"", ""quod""]",Possimus iste labore occaecati nam.,DS19,40%,Otros,26,No,Sí,Chilena,$900.001 - $1.200.000,$1.000.000
CONV-10789,2025-08-15,Culpa voluptate ad veritatis incidunt quae nemo.,17,osvaldo.galaz.demo25389@yahoo.com,"[""accusantium"", ""sunt"", ""harum"", ""quo""]",Nulla inventore ipsam fugiat voluptas placeat assumenda.,Ninguno,60%,Cónyuge,41,Sí,No,Chilena,$600.001 - $900.000,$500.000
CONV-10790,2024-12-02,Id error dignissimos commodi quae. Fugit repellat cum.,16,paola.toledo.demo35889@gmail.com,"[""aliquid"", ""dicta""]",Consectetur saepe quae dolore veritatis amet.,Ninguno,60%,Solo,34,No,Sí,Chilena,$600.001 - $900.000,$500.000
CONV-10791,2025-01-30,Hic ipsa quisquam fugiat. Quidem dicta dicta laborum velit vel culpa dignissimos.,8,maria.campos.demo20855@yahoo.com,"[""ullam"", ""cum"", ""praesentium"", ""eius""]",Odit nisi rem optio.,Ninguno,80%,Cónyuge,18,Sí,No,Venezolana,$900.001 - $1.200.000,Sin ahorro formal
CONV-10792,2024-12-18,Quibusdam iusto hic molestias recusandae.,19,maria.campos.demo20855@yahoo.com,"[""sed""]",Quaerat assumenda minus illo blanditiis rerum debitis.,Ninguno,60%,Familia,36,No,Sí,Chilena,$900.001 - $1.200.000,$2.000.000
CONV-10793,2025-01-06,Ullam aspernatur provident magnam.,15,maria.campos.demo20855@yahoo.com,"[""itaque""]",Eaque delectus dolores soluta rerum quam.,DS49,No registra,Solo,38,Sí,No,Chilena,$900.001 - $1.200.000,$500.000
CONV-10794,2024-06-13,Nulla corrupti architecto.,17,gladys.mella.demo11897@yahoo.com,"[""aliquid"", ""dicta""]",Reiciendis architecto harum maiores dolor.,Pendiente evaluación,80%,Cónyuge,37,Sí,No,Chilena,$600.001 - $900.000,Sin ahorro formal
CONV-10795,2026-05-03,At deleniti praesentium sapiente dolores saepe nisi.,9,gladys.mella.demo11897@yahoo.com,"[""amet"", ""ducimus"", ""accusantium""]",Rem illo cum.,Pendiente evaluación,40%,Cónyuge,51,No,Sí,Chilena,Más de $1.200.000,$500.000
CONV-10796,2025-09-11,Eum libero eum doloremque nemo quam magni blanditiis.,21,gladys.mella.demo11897@yahoo.com,"[""nulla"", ""dicta""]",Explicabo quidem magnam fugiat aut facilis consequuntur.,DS1,No registra,Solo,36,Sí,Sí,Chilena,$900.001 - $1.200.000,$2.000.000
CONV-10797,2025-12-22,Nihil nulla facilis.,14,rose.sepulveda.demo22933@yahoo.com,"[""architecto"", ""rerum"", ""distinctio"", ""consectetur""]",Ducimus odio inventore maiores at.,DS19,80%,Familia,32,Sí,Sí,Chilena,Más de $1.200.000,$2.000.000
CONV-10798,2024-09-16,Consequatur et ea optio corporis. Dicta dolores odit.,20,emanuel.villegas.demo6871@outlook.com,"[""accusantium"", ""hic""]",Nulla quia similique voluptatum ipsa nesciunt.,Ninguno,60%,Cónyuge,63,No,Sí,Chilena,$600.001 - $900.000,Sin ahorro formal
CONV-10799,2024-08-01,Cumque dolore architecto consectetur. Est perferendis officia veniam ratione.,11,emanuel.villegas.demo6871@outlook.com,"[""error""]",Dolorem veniam corporis quasi pariatur totam perspiciatis.,Pendiente evaluación,40%,Otros,21,No,Sí,Chilena,$600.001 - $900.000,Sin ahorro formal
CONV-10800,2025-11-12,Labore ducimus veritatis praesentium. Odio consequatur impedit explicabo.,11,juan.ibacache.demo50502@outlook.com,"[""a""]",Accusantium et incidunt commodi nihil nesciunt aperiam.,DS19,60%,Cónyuge,59,Sí,No,Chilena,$900.001 - $1.200.000,Sin ahorro formal
CONV-10801,2026-01-12,Nihil harum voluptate optio velit beatae.,4,genesis.calderon.demo34288@gmail.com,"[""minima"", ""voluptatem"", ""dolores""]",Quae distinctio ullam dolores.,DS1,40%,Cónyuge,42,No,No,Chilena,Más de $1.200.000,$1.000.000
CONV-10802,2026-05-18,Recusandae porro beatae corrupti praesentium quia.,7,genesis.calderon.demo34288@gmail.com,"[""error"", ""aperiam"", ""ipsum""]",Perspiciatis explicabo hic eligendi voluptatibus perferendis alias.,DS49,60%,Otros,31,Sí,No,Venezolana,Más de $1.200.000,$2.000.000
CONV-10803,2025-08-29,Saepe nam explicabo occaecati deleniti.,17,genesis.calderon.demo34288@gmail.com,"[""inventore"", ""deleniti"", ""ab""]",Exercitationem similique maxime blanditiis beatae itaque.,DS1,40%,Familia,53,Sí,Sí,Chilena,$900.001 - $1.200.000,Sin ahorro formal
CONV-10804,2025-02-21,Excepturi omnis asperiores eos eligendi.,20,alicia.rodriguez.demo30029@hotmail.com,"[""asperiores"", ""aliquam"", ""modi""]",Facere tenetur doloremque sed.,Pendiente evaluación,No registra,Otros,68,No,Sí,Chilena,Más de $1.200.000,$1.000.000
CONV-10805,2024-08-04,Dolorum maxime dicta ducimus.,24,alicia.rodriguez.demo30029@hotmail.com,"[""praesentium"", ""eveniet"", ""sequi"", ""ipsam""]",Minima quis veritatis cumque.,DS49,40%,Cónyuge,63,No,No,Chilena,$400.000 - $600.000,$2.000.000
CONV-10806,2025-06-18,Repellendus quae doloribus eligendi.,23,alicia.rodriguez.demo30029@hotmail.com,"[""minima""]",Et tenetur minus quaerat eveniet.,Pendiente evaluación,80%,Otros,43,No,No,Chilena,$400.000 - $600.000,$500.000
CONV-10807,2025-06-24,Molestiae magnam sequi alias architecto ab voluptate. Nulla repellendus non.,18,constanza.morales.demo12939@yahoo.com,"[""accusamus""]",Accusantium cumque quisquam blanditiis fugit dicta consequuntur.,DS49,80%,Cónyuge,44,Sí,No,Chilena,$900.001 - $1.200.000,$2.000.000
CONV-10808,2025-06-05,Sint deleniti earum neque enim.,18,constanza.morales.demo12939@yahoo.com,"[""maxime""]",Nostrum impedit dolores expedita quae at reiciendis.,DS49,60%,Familia,28,No,Sí,Chilena,Más de $1.200.000,Sin ahorro formal
CONV-10809,2026-04-27,Illum eum labore id maxime debitis sapiente.,24,pamela.olivares.demo45430@hotmail.com,"[""enim"", ""officia"", ""veritatis"", ""hic""]",Fugit odit reprehenderit minus corporis nemo.,DS1,60%,Otros,43,Sí,No,Chilena,Más de $1.200.000,$2.000.000
CONV-10810,2025-12-19,Eum sit voluptatem corrupti.,22,angelina.ulloa.demo20592@yahoo.com,"[""totam"", ""quia"", ""quaerat"", ""illo""]",Nam explicabo libero debitis fugiat tenetur.,DS49,80%,Otros,38,Sí,No,Chilena,$600.001 - $900.000,Sin ahorro formal
CONV-10811,2024-07-18,Quod unde quod quaerat alias quas. Nihil nulla ipsa adipisci et nostrum.,12,joel.pino.demo10027@outlook.com,"[""neque"", ""nobis"", ""fuga"", ""doloremque""]",Sed suscipit commodi dolorum.,Ninguno,40%,Otros,59,Sí,No,Chilena,$400.000 - $600.000,Sin ahorro formal
CONV-10812,2024-10-05,Quasi est eveniet eaque explicabo debitis doloribus accusamus. Harum voluptas ducimus ullam.,19,joel.pino.demo10027@outlook.com,"[""et""]",Aspernatur vitae repellat beatae.,DS1,40%,Otros,23,No,No,Chilena,$900.001 - $1.200.000,$1.000.000
CONV-10813,2026-05-16,Nesciunt sequi rerum. Expedita at ex recusandae ullam excepturi.,7,felipe.pozo.demo49612@hotmail.com,"[""iure""]",Atque sit reprehenderit autem deserunt occaecati.,DS19,80%,Cónyuge,40,Sí,No,Colombiana,Más de $1.200.000,$2.000.000
CONV-10814,2026-03-16,Pariatur soluta atque culpa. Ut nam nihil. Repudiandae ipsum hic.,9,felipe.pozo.demo49612@hotmail.com,"[""eius""]",Accusamus delectus vel neque dolorum nesciunt.,DS49,40%,Otros,60,No,Sí,Peruana,Más de $1.200.000,$500.000
CONV-10815,2025-01-04,Dicta itaque enim id tempora alias optio. Quis saepe repudiandae ab.,4,felipe.pozo.demo49612@hotmail.com,"[""ea"", ""ipsum"", ""voluptates""]",Magni ipsum aspernatur nesciunt saepe accusantium placeat repellendus.,DS1,60%,Cónyuge,58,No,Sí,Chilena,$900.001 - $1.200.000,$2.000.000
CONV-10816,2024-09-23,Fuga omnis non nihil nulla deserunt corrupti.,19,matias.andrade.demo33863@yahoo.com,"[""et""]",Atque deleniti nesciunt officia.,DS19,60%,Otros,67,No,No,Chilena,$400.000 - $600.000,$1.000.000
CONV-10817,2025-07-26,Tempora quis enim impedit recusandae soluta.,20,violeta.aguirre.demo50653@gmail.com,"[""fugiat"", ""magnam""]",Alias blanditiis ea odio sit cupiditate occaecati explicabo.,DS19,60%,Otros,22,No,Sí,Chilena,$600.001 - $900.000,$1.000.000
CONV-10818,2024-09-28,Optio error quos.,19,violeta.aguirre.demo50653@gmail.com,"[""distinctio"", ""cumque"", ""veritatis"", ""explicabo""]",Beatae nobis amet aliquam magnam.,DS19,60%,Otros,25,No,No,Chilena,$400.000 - $600.000,$2.000.000
CONV-10819,2025-01-02,Explicabo quos sit sapiente iusto quo modi. Commodi odio beatae aspernatur.,15,violeta.aguirre.demo50653@gmail.com,"[""et"", ""velit""]",Perspiciatis expedita corrupti quis libero similique deserunt saepe.,DS19,80%,Familia,32,No,No,Chilena,$600.001 - $900.000,$1.000.000
CONV-10820,2025-05-04,Assumenda alias voluptate reprehenderit aliquam ad nihil.,22,luis.mondaca.demo45444@yahoo.com,"[""vero""]",Distinctio quam cum nesciunt.,Ninguno,60%,Cónyuge,31,Sí,No,Chilena,$600.001 - $900.000,Sin ahorro formal
CONV-10821,2025-12-24,Cum dicta vel. Qui voluptatum nostrum omnis corporis corporis.,3,benjamin.castro.demo35774@gmail.com,"[""officia""]",Laudantium debitis assumenda in nemo.,DS1,60%,Solo,52,Sí,Sí,Colombiana,$400.000 - $600.000,$1.000.000
CONV-10822,2024-07-12,Ipsum nobis libero iusto dolorem in enim. Aspernatur iste quisquam pariatur.,10,benjamin.castro.demo35774@gmail.com,"[""necessitatibus"", ""repellat"", ""neque""]",Animi doloremque iusto est.,DS49,40%,Familia,52,No,No,Chilena,$600.001 - $900.000,Sin ahorro formal
CONV-10823,2025-07-27,Praesentium porro maxime fuga quaerat incidunt.,7,jose.rojas.demo17934@hotmail.com,"[""architecto""]",Nam ullam rerum est eos odit error.,Ninguno,80%,Familia,19,No,No,Chilena,Más de $1.200.000,$500.000
CONV-10824,2026-05-07,Atque laboriosam minus. Dolor blanditiis minus repellendus.,22,jose.rojas.demo17934@hotmail.com,"[""veniam"", ""repellendus"", ""unde"", ""mollitia""]",Dolor iusto asperiores doloremque accusantium magni.,Pendiente evaluación,40%,Solo,49,No,Sí,Venezolana,$600.001 - $900.000,Sin ahorro formal
CONV-10825,2025-12-23,Libero mollitia fugiat ratione.,5,karina.hidalgo.demo30380@gmail.com,"[""dignissimos"", ""vitae"", ""sit""]",Libero quidem quos nam impedit aperiam fugit.,DS19,60%,Solo,24,Sí,No,Chilena,Más de $1.200.000,$1.000.000
CONV-10826,2024-07-26,Ab hic excepturi at facere suscipit.,12,karina.hidalgo.demo30380@gmail.com,"[""et"", ""officia"", ""quas""]",Ducimus id placeat eveniet.,DS1,80%,Familia,61,Sí,Sí,Chilena,$400.000 - $600.000,$2.000.000
CONV-10827,2025-08-05,Quod nemo modi possimus voluptate doloribus. Ratione harum quia repudiandae sed.,20,jose.salazar.demo30803@outlook.com,"[""tempore"", ""totam"", ""laboriosam""]",Beatae iure esse eos debitis.,DS1,No registra,Familia,41,No,No,Chilena,$900.001 - $1.200.000,$2.000.000
CONV-10828,2025-03-21,Facilis voluptas velit voluptates quidem.,23,jose.salazar.demo30803@outlook.com,"[""occaecati"", ""officiis"", ""deleniti"", ""molestias""]",Corporis architecto quam cumque.,DS49,60%,Cónyuge,32,Sí,Sí,Chilena,$900.001 - $1.200.000,Sin ahorro formal
CONV-10829,2025-10-02,Est quos laborum veritatis aperiam.,22,jose.salazar.demo30803@outlook.com,"[""quis"", ""quibusdam""]",Vel tenetur dolore doloribus.,Ninguno,80%,Familia,29,Sí,No,Venezolana,$900.001 - $1.200.000,$2.000.000
CONV-10830,2025-05-26,Nihil facere temporibus quaerat. Soluta error ad enim.,8,valeska.bravo.demo43498@hotmail.com,"[""nesciunt"", ""in"", ""perferendis""]",Dolor nostrum sint odio.,DS19,80%,Otros,54,Sí,No,Peruana,Más de $1.200.000,$2.000.000
CONV-10831,2024-08-29,Dicta id esse accusantium ad reprehenderit.,10,olivia.ramirez.demo11178@gmail.com,"[""expedita"", ""deserunt"", ""sint"", ""iste""]",At expedita aperiam maiores.,DS19,60%,Otros,55,Sí,Sí,Chilena,$400.000 - $600.000,Sin ahorro formal
CONV-10832,2025-04-17,Voluptas nihil iste ut repellendus consequuntur ullam.,18,olivia.ramirez.demo11178@gmail.com,"[""provident"", ""dicta"", ""mollitia"", ""quo""]",Est dolore autem occaecati hic dolore soluta.,DS19,60%,Otros,56,Sí,No,Chilena,$900.001 - $1.200.000,$500.000
CONV-10833,2026-03-25,Repellat accusamus nisi voluptatum reprehenderit. Repudiandae deserunt rerum consequatur.,12,julia.lazcano.demo44247@yahoo.com,"[""nobis"", ""molestiae""]",Eaque dolores ipsum laboriosam aspernatur tenetur assumenda vero.,Ninguno,60%,Cónyuge,57,No,Sí,Chilena,$600.001 - $900.000,$500.000
CONV-10834,2024-06-24,Nesciunt eos nisi quo cum. Fugiat non error.,7,susana.vega.demo15421@hotmail.com,"[""debitis"", ""minus"", ""veritatis""]",Rem quod vero cum reiciendis.,DS49,No registra,Solo,32,Sí,No,Chilena,Más de $1.200.000,$500.000
CONV-10835,2025-06-05,Quae aut voluptatum libero nihil numquam ipsam.,19,cristian.diaz.demo1626@outlook.com,"[""distinctio"", ""minima"", ""numquam""]",Hic veritatis illum veniam alias excepturi omnis.,Ninguno,No registra,Solo,45,No,Sí,Chilena,$400.000 - $600.000,$500.000
CONV-10836,2025-06-08,Voluptatum doloribus sed officia. Sequi error pariatur.,21,maria.gonzalez.demo36461@yahoo.com,"[""officiis"", ""deleniti"", ""praesentium"", ""ut""]",Quia aliquid beatae sint dicta.,Pendiente evaluación,80%,Familia,19,Sí,Sí,Chilena,Más de $1.200.000,$1.000.000
CONV-10837,2025-04-29,Quo facilis nisi est. Dignissimos ducimus voluptates aliquam.,7,maria.gonzalez.demo36461@yahoo.com,"[""ipsa"", ""totam""]",Ab autem sit fuga aspernatur quis.,DS19,40%,Solo,39,Sí,No,Chilena,$600.001 - $900.000,$500.000
CONV-10838,2025-12-07,Ad eum assumenda pariatur commodi.,3,maria.gonzalez.demo36461@yahoo.com,"[""quibusdam""]",Debitis consequuntur perspiciatis dicta.,DS49,No registra,Familia,58,No,Sí,Colombiana,$900.001 - $1.200.000,$2.000.000
CONV-10839,2025-11-13,Facere harum odio nemo quisquam. Sequi sapiente maiores debitis esse aliquid fugiat.,20,catalina.moya.demo24260@hotmail.com,"[""eveniet"", ""repellendus"", ""amet"", ""tempore""]",Quod facere incidunt optio ad pariatur.,DS49,40%,Familia,55,No,No,Chilena,$400.000 - $600.000,$500.000
CONV-10840,2026-01-28,Illum quia sit fugiat consequatur nam.,4,juana.olave.demo5193@yahoo.com,"[""natus"", ""illo""]",Iste tempora sunt provident.,DS49,60%,Familia,70,No,No,Venezolana,$900.001 - $1.200.000,$2.000.000
CONV-10841,2025-10-05,Explicabo vitae occaecati odio quo dolor repellat.,3,alex.fuentes.demo51564@hotmail.com,"[""maxime"", ""qui"", ""accusamus"", ""neque""]",Dolores accusantium enim possimus iste dolores fuga.,Ninguno,80%,Otros,30,Sí,No,Chilena,$900.001 - $1.200.000,$1.000.000
CONV-10842,2025-08-04,Recusandae beatae dolorum autem atque expedita.,12,alex.fuentes.demo51564@hotmail.com,"[""facere"", ""consequatur""]",Optio unde iusto accusantium odit quibusdam nisi quam.,DS1,40%,Familia,43,No,No,Chilena,$900.001 - $1.200.000,$2.000.000
CONV-10843,2025-07-22,Fugit similique odit.,13,nahuel.pizarro.demo4505@yahoo.com,"[""illum"", ""veritatis"", ""doloribus""]",Laudantium delectus sequi repudiandae pariatur accusamus sunt.,Pendiente evaluación,80%,Familia,50,No,Sí,Chilena,$900.001 - $1.200.000,$500.000
CONV-10844,2025-01-18,Labore beatae quod quae omnis. Qui ea minus.,17,karen.molina.demo38934@outlook.com,"[""facere"", ""voluptatum"", ""consequuntur"", ""et""]",Ipsum odio eaque nam.,DS49,No registra,Cónyuge,23,No,No,Chilena,$600.001 - $900.000,$2.000.000
CONV-10845,2025-12-15,Facilis repellendus tempore illum enim numquam molestiae.,22,karen.molina.demo38934@outlook.com,"[""labore"", ""provident"", ""ipsum""]",Beatae tempora in debitis nulla omnis alias iure.,DS49,80%,Otros,61,Sí,No,Colombiana,Más de $1.200.000,$500.000
CONV-10846,2025-10-21,Sit nihil minima aliquam non atque quod.,15,karen.molina.demo38934@outlook.com,"[""earum"", ""ipsum"", ""dolores"", ""rerum""]",Quis eaque dolor quae.,Pendiente evaluación,No registra,Cónyuge,22,Sí,No,Chilena,$400.000 - $600.000,$2.000.000
CONV-10847,2024-12-24,Quasi cupiditate delectus quaerat autem ratione aliquid.,22,marina.perez.demo17751@gmail.com,"[""fuga"", ""dolor""]",Nesciunt voluptatibus non quia maxime repellat explicabo nemo.,DS19,80%,Otros,38,Sí,No,Chilena,$900.001 - $1.200.000,$2.000.000
CONV-10848,2026-05-10,Nostrum porro quod dolorem dignissimos veritatis tempore.,15,marina.perez.demo17751@gmail.com,"[""consectetur"", ""laudantium"", ""fugiat""]",Adipisci culpa assumenda nihil sed.,Ninguno,No registra,Familia,48,Sí,No,Chilena,$600.001 - $900.000,$1.000.000
CONV-10849,2026-05-29,Iste voluptas unde nesciunt illum nemo.,12,omar.soto.demo17980@gmail.com,"[""assumenda""]",Placeat amet aut nemo sit.,DS19,40%,Cónyuge,37,Sí,Sí,Chilena,Más de $1.200.000,$2.000.000
CONV-10850,2024-12-08,Consequuntur corporis reiciendis modi eum architecto laboriosam.,22,antonio.ramirez.demo38833@outlook.com,"[""sed"", ""atque"", ""doloremque"", ""sapiente""]",Quaerat aliquam aliquid iste aliquid porro.,DS19,40%,Otros,24,Sí,Sí,Chilena,$600.001 - $900.000,$2.000.000
CONV-10851,2025-11-08,Iusto ut quo aspernatur. Labore et vero. Vel fuga iusto sint dignissimos esse dolor.,9,antonio.ramirez.demo38833@outlook.com,"[""minima"", ""earum"", ""officia""]",Et rerum occaecati ex.,Ninguno,80%,Otros,20,Sí,Sí,Chilena,Más de $1.200.000,Sin ahorro formal
CONV-10852,2025-09-20,Velit velit voluptatem sapiente eius provident. Ab est neque illum voluptas quo.,17,eduardo.zamora.demo6358@outlook.com,"[""tempora"", ""sequi"", ""expedita"", ""natus""]",Minus qui totam sunt.,DS19,80%,Solo,48,Sí,No,Chilena,$900.001 - $1.200.000,$2.000.000
CONV-10853,2026-05-23,Iure dignissimos adipisci at nobis libero animi. Perferendis dolores assumenda sunt quo eaque.,14,jennifer.aedo.demo5513@hotmail.com,"[""ad"", ""cumque""]",Deleniti architecto consequatur amet.,DS49,80%,Solo,23,Sí,No,Chilena,$400.000 - $600.000,$1.000.000
CONV-10854,2024-10-30,Tempore quod esse nobis est sapiente.,3,jennifer.aedo.demo5513@hotmail.com,"[""quibusdam""]",Quidem consectetur similique ab.,DS49,40%,Cónyuge,53,No,No,Colombiana,Más de $1.200.000,$500.000
CONV-10855,2024-08-07,Accusamus ad blanditiis modi.,22,jose.bustamante.demo262@outlook.com,"[""quas"", ""odio""]",Similique consectetur est nihil laboriosam nobis nesciunt.,DS19,40%,Otros,22,No,No,Chilena,$400.000 - $600.000,$1.000.000
CONV-10856,2025-01-01,Aliquid ullam dolorem dolores provident. Nihil animi dignissimos id fugit.,18,jose.bustamante.demo262@outlook.com,"[""dolores"", ""hic""]",Deleniti asperiores officia.,DS1,40%,Otros,19,Sí,No,Chilena,$600.001 - $900.000,$1.000.000
CONV-10857,2024-11-06,Nam maiores dolorum minima. Corrupti sequi minus voluptatum. Eaque illum voluptates neque quam.,18,luis.valencia.demo32024@outlook.com,"[""recusandae""]",Necessitatibus cupiditate libero nostrum.,Ninguno,60%,Otros,60,No,No,Chilena,$900.001 - $1.200.000,$1.000.000
CONV-10858,2024-07-12,Recusandae molestiae molestias aut impedit perspiciatis quos.,10,luis.valencia.demo32024@outlook.com,"[""sed"", ""odio"", ""cumque"", ""ducimus""]",Temporibus tempore eos consequatur.,DS1,60%,Familia,54,No,Sí,Chilena,$400.000 - $600.000,Sin ahorro formal
CONV-10859,2025-02-23,Ducimus rerum nihil doloribus animi fuga.,6,luis.valencia.demo32024@outlook.com,"[""excepturi"", ""saepe""]",Ut ex nihil molestiae ab dolor deserunt.,DS49,80%,Otros,61,Sí,No,Chilena,Más de $1.200.000,$2.000.000
CONV-10860,2024-09-07,Debitis corporis odio totam. Illum quaerat quo fuga.,4,david.martinez.demo38791@outlook.com,"[""inventore"", ""molestias"", ""sed""]",Tempora quae illo velit mollitia.,DS19,40%,Familia,39,No,Sí,Chilena,Más de $1.200.000,$1.000.000
CONV-10861,2024-10-12,Nesciunt suscipit hic deleniti tenetur.,13,joaquin.veliz.demo42842@yahoo.com,"[""fugiat"", ""nihil""]",Autem delectus voluptas qui ad sed asperiores.,Ninguno,40%,Solo,56,No,No,Chilena,$400.000 - $600.000,Sin ahorro formal
CONV-10862,2024-08-25,Non corporis blanditiis rerum. Sint saepe culpa totam aliquam.,16,joaquin.veliz.demo42842@yahoo.com,"[""illo"", ""quo"", ""odit"", ""tenetur""]",Repudiandae tempora officiis incidunt nulla consequatur exercitationem.,DS19,40%,Solo,33,Sí,Sí,Chilena,$900.001 - $1.200.000,$1.000.000
CONV-10863,2024-10-09,Inventore odio soluta. Velit animi impedit.,12,benjamin.gonzalez.demo47485@gmail.com,"[""sapiente""]",Sit vitae quam ut soluta.,Pendiente evaluación,40%,Solo,46,Sí,Sí,Chilena,Más de $1.200.000,$500.000
CONV-10864,2024-10-25,Illum aspernatur nihil veniam iste ipsam ullam. Cum molestias itaque quaerat.,18,benjamin.gonzalez.demo47485@gmail.com,"[""reiciendis"", ""aliquid"", ""iste"", ""tenetur""]",Blanditiis dolor minima impedit.,DS19,60%,Cónyuge,61,No,No,Chilena,$600.001 - $900.000,Sin ahorro formal
CONV-10865,2025-07-24,Iusto est ab rem. Repudiandae quas voluptatum dicta.,22,david.cuevas.demo13140@hotmail.com,"[""excepturi"", ""reprehenderit"", ""fugit"", ""mollitia""]",Reprehenderit pariatur magni occaecati cum vitae voluptatibus.,DS19,60%,Otros,32,Sí,No,Chilena,$400.000 - $600.000,$500.000
CONV-10866,2025-09-06,Expedita nulla architecto culpa doloremque.,4,david.cuevas.demo13140@hotmail.com,"[""optio"", ""voluptates"", ""possimus""]",In quis consequatur adipisci esse.,DS49,No registra,Otros,43,Sí,Sí,Chilena,$600.001 - $900.000,Sin ahorro formal
CONV-10867,2025-04-18,Earum alias eum. Assumenda corrupti perspiciatis.,17,david.cuevas.demo13140@hotmail.com,"[""distinctio"", ""temporibus""]",Ipsum aperiam iure natus hic ullam ex.,DS1,80%,Cónyuge,60,No,Sí,Chilena,$400.000 - $600.000,$2.000.000
CONV-10868,2024-11-22,Soluta aspernatur consectetur inventore.,17,maria.rojas.demo45356@outlook.com,"[""aliquam"", ""occaecati"", ""asperiores"", ""iusto""]",Inventore aut ex soluta incidunt.,Ninguno,80%,Solo,18,Sí,No,Chilena,$900.001 - $1.200.000,$500.000
CONV-10869,2026-04-06,Ipsa ratione aliquid rerum. Itaque praesentium vero quidem. Atque facilis dolore.,3,miguel.soto.demo28780@yahoo.com,"[""hic"", ""itaque"", ""rem"", ""necessitatibus""]",Expedita nihil consequuntur voluptatem doloremque atque.,Ninguno,80%,Solo,54,Sí,Sí,Chilena,$600.001 - $900.000,Sin ahorro formal
CONV-10870,2024-07-19,Beatae aliquid sint necessitatibus fugiat harum porro.,25,miguel.soto.demo28780@yahoo.com,"[""aut"", ""officia"", ""quos"", ""in""]",Nulla quos unde ut.,Ninguno,80%,Solo,62,Sí,No,Chilena,$600.001 - $900.000,$1.000.000
CONV-10871,2025-02-28,Facilis atque repudiandae itaque minima optio. Nihil eius quisquam hic.,19,miguel.soto.demo28780@yahoo.com,"[""et"", ""quibusdam"", ""quo""]",Deserunt iure eum hic velit neque dolor.,DS19,60%,Otros,32,No,No,Chilena,$900.001 - $1.200.000,Sin ahorro formal
CONV-10872,2024-06-10,Amet laborum voluptate praesentium aperiam dolorum ducimus corrupti.,4,maria.zuniga.demo40329@gmail.com,"[""voluptate"", ""dicta""]",Adipisci saepe inventore laborum alias eligendi ipsa.,Pendiente evaluación,No registra,Cónyuge,42,Sí,Sí,Chilena,$600.001 - $900.000,Sin ahorro formal
CONV-10873,2026-04-13,Officia non expedita perspiciatis.,24,maria.zuniga.demo40329@gmail.com,"[""odit""]",Sunt illum similique sapiente assumenda.,DS1,40%,Familia,69,No,No,Chilena,$900.001 - $1.200.000,$2.000.000
CONV-10874,2024-11-14,Vero ea blanditiis hic numquam corrupti veniam. Illo repellendus architecto.,20,matias.carrasco.demo13061@outlook.com,"[""explicabo"", ""voluptatibus"", ""ipsa""]",Optio tempore voluptatum nemo eius eius.,DS19,80%,Cónyuge,69,No,No,Chilena,$600.001 - $900.000,Sin ahorro formal
CONV-10875,2026-01-31,Illum quia quam explicabo. Animi eaque reprehenderit illo.,23,matias.carrasco.demo13061@outlook.com,"[""incidunt""]",Nobis ab voluptatibus quidem non.,Pendiente evaluación,40%,Familia,20,Sí,Sí,Chilena,$600.001 - $900.000,$2.000.000
CONV-10876,2026-04-07,Debitis quisquam porro facilis.,10,matias.carrasco.demo13061@outlook.com,"[""nihil""]",Sit omnis ab inventore tenetur non.,DS19,40%,Familia,63,No,Sí,Chilena,$400.000 - $600.000,$1.000.000
CONV-10877,2025-07-07,Non sunt adipisci explicabo vel placeat nemo. Temporibus illum earum maxime qui.,24,gustavo.morales.demo37033@gmail.com,"[""reprehenderit""]",Non repudiandae sequi maiores doloribus.,Pendiente evaluación,80%,Cónyuge,43,Sí,Sí,Venezolana,$400.000 - $600.000,$500.000
CONV-10878,2025-06-16,Similique magnam a mollitia nobis.,11,gustavo.morales.demo37033@gmail.com,"[""magni""]",Eum consectetur quo.,Ninguno,60%,Solo,28,No,No,Chilena,$400.000 - $600.000,$2.000.000
CONV-10879,2025-04-23,Adipisci atque dolor iure itaque nesciunt.,11,gustavo.morales.demo37033@gmail.com,"[""doloribus"", ""commodi""]",Enim eveniet ipsum ratione labore laboriosam cupiditate perspiciatis.,DS1,60%,Cónyuge,24,Sí,Sí,Chilena,$400.000 - $600.000,$1.000.000
CONV-10880,2026-04-18,Facere consequuntur itaque.,11,abraham.maldonado.demo21000@yahoo.com,"[""enim""]",Cumque autem animi dicta sunt.,DS19,40%,Solo,28,Sí,Sí,Chilena,$400.000 - $600.000,$2.000.000
CONV-10881,2025-08-29,Quia minus cum nam. Quibusdam molestias aspernatur fugit. Iure vero sunt veniam.,23,abraham.maldonado.demo21000@yahoo.com,"[""explicabo"", ""fuga""]",Omnis voluptate repellat repudiandae iste repellat.,DS1,No registra,Otros,60,Sí,No,Chilena,Más de $1.200.000,$1.000.000
CONV-10882,2026-03-29,Possimus saepe aliquam sint totam beatae repellat culpa.,6,fernando.manriquez.demo3019@outlook.com,"[""hic"", ""consectetur""]",Sequi quos accusantium facilis provident.,DS19,80%,Otros,43,Sí,Sí,Chilena,$900.001 - $1.200.000,$2.000.000
CONV-10883,2025-12-18,Harum consectetur optio voluptatum.,10,carolina.nunez.demo29168@outlook.com,"[""expedita""]",Inventore sapiente eaque et libero cumque facere.,DS1,40%,Familia,44,No,No,Chilena,Más de $1.200.000,$2.000.000
CONV-10884,2025-08-30,Nobis nihil totam suscipit ipsa veniam.,11,carolina.nunez.demo29168@outlook.com,"[""accusamus"", ""sapiente"", ""autem"", ""voluptates""]",Mollitia aut non dignissimos autem quasi exercitationem.,Pendiente evaluación,No registra,Solo,55,Sí,No,Chilena,$400.000 - $600.000,$500.000
CONV-10885,2025-06-11,Eligendi corrupti autem non. Ab magnam iste veniam odio.,10,carolina.nunez.demo29168@outlook.com,"[""distinctio"", ""fuga""]",Recusandae provident deleniti saepe libero.,Pendiente evaluación,60%,Otros,62,Sí,No,Chilena,$400.000 - $600.000,Sin ahorro formal
CONV-10886,2024-10-02,Impedit fugit at ullam delectus blanditiis repudiandae.,19,monica.cisternas.demo33623@hotmail.com,"[""tenetur"", ""repellat"", ""repellat"", ""tenetur""]",Quo dignissimos ab.,DS1,40%,Familia,34,Sí,No,Chilena,$400.000 - $600.000,$2.000.000
CONV-10887,2025-08-17,Fugiat illum fugiat quasi eligendi.,16,monica.cisternas.demo33623@hotmail.com,"[""beatae"", ""vero"", ""harum""]",Perspiciatis iste praesentium rem dolore incidunt.,Ninguno,No registra,Cónyuge,26,No,Sí,Chilena,$600.001 - $900.000,$2.000.000
CONV-10888,2025-12-03,Molestias veniam pariatur. In commodi impedit cumque. Voluptatibus quasi assumenda.,5,nadia.maturana.demo40258@yahoo.com,"[""modi"", ""ullam"", ""voluptas"", ""recusandae""]",Corrupti quo cupiditate nemo ab.,DS19,60%,Otros,28,Sí,Sí,Chilena,$600.001 - $900.000,$2.000.000
CONV-10889,2026-04-11,Perspiciatis dignissimos fugiat possimus quasi.,17,nadia.maturana.demo40258@yahoo.com,"[""dolorum"", ""quae""]",Nesciunt quam qui eum.,DS19,No registra,Solo,29,No,No,Chilena,$600.001 - $900.000,$2.000.000
CONV-10890,2025-09-14,Quaerat amet repudiandae doloribus et sunt unde. Vero quasi corrupti odio.,9,evaristo.romero.demo32896@yahoo.com,"[""corrupti""]",Numquam commodi nesciunt.,Ninguno,40%,Familia,26,Sí,No,Chilena,$400.000 - $600.000,$1.000.000
CONV-10891,2025-12-08,Molestiae facilis quaerat aspernatur. Praesentium nostrum hic numquam rerum ut quia.,17,evaristo.romero.demo32896@yahoo.com,"[""tempore"", ""animi""]",Natus fugit ab dolorum ad neque quos.,Pendiente evaluación,No registra,Familia,29,No,No,Chilena,Más de $1.200.000,$2.000.000
CONV-10892,2024-12-29,Expedita error unde aspernatur earum sequi natus.,20,abigail.pineda.demo17184@yahoo.com,"[""odit""]",Beatae quas inventore deleniti.,DS19,No registra,Cónyuge,66,No,Sí,Colombiana,$900.001 - $1.200.000,$500.000
CONV-10893,2026-03-22,Amet magni officiis corporis minima.,17,abigail.pineda.demo17184@yahoo.com,"[""libero"", ""earum"", ""fuga"", ""facilis""]",Dolorem deleniti id eum doloremque atque provident.,DS1,60%,Cónyuge,32,Sí,Sí,Venezolana,$600.001 - $900.000,Sin ahorro formal
CONV-10894,2024-10-23,Fuga illum quibusdam laudantium quibusdam. Ipsum nobis nam nulla neque rem.,16,abigail.pineda.demo17184@yahoo.com,"[""maxime"", ""velit"", ""consequuntur""]",Labore dolor molestias quasi officiis.,DS49,80%,Familia,22,Sí,No,Chilena,Más de $1.200.000,$500.000
CONV-10895,2024-06-12,Minima at tempore laudantium minima.,10,nelida.araya.demo46224@yahoo.com,"[""aliquid"", ""eos"", ""voluptas""]",Odit distinctio delectus nam enim atque.,DS1,80%,Solo,49,No,Sí,Chilena,$600.001 - $900.000,$500.000
CONV-10896,2024-06-30,Quis illo fugit error odit repudiandae. Facilis sapiente molestias odio culpa.,15,nelida.araya.demo46224@yahoo.com,"[""possimus"", ""ipsam"", ""consectetur""]",Veniam qui excepturi placeat eveniet.,DS49,No registra,Otros,39,No,No,Chilena,$900.001 - $1.200.000,Sin ahorro formal
CONV-10897,2025-12-28,Officiis dolores adipisci alias laborum consequatur.,24,nelida.araya.demo46224@yahoo.com,"[""nam"", ""inventore"", ""quasi""]",Totam ullam tempora sunt recusandae voluptatibus.,Ninguno,40%,Otros,59,No,No,Chilena,$600.001 - $900.000,$2.000.000
CONV-10898,2025-05-27,Iusto voluptates officiis facilis beatae occaecati.,23,gloria.lara.demo40489@hotmail.com,"[""ex"", ""ratione"", ""dolor"", ""impedit""]",A magnam repudiandae modi.,DS49,40%,Solo,32,Sí,Sí,Chilena,$600.001 - $900.000,$2.000.000
CONV-10899,2025-06-28,Quibusdam assumenda alias eveniet sed ex.,13,gloria.lara.demo40489@hotmail.com,"[""voluptas"", ""fugit""]",Aperiam voluptate eveniet pariatur.,DS49,60%,Familia,33,Sí,Sí,Chilena,$600.001 - $900.000,$2.000.000
CONV-10900,2024-10-21,Consequatur reprehenderit quae totam harum.,17,gloria.lara.demo40489@hotmail.com,"[""dolorum""]",Facere ipsam sint soluta nesciunt.,DS49,80%,Otros,43,Sí,No,Chilena,$900.001 - $1.200.000,$500.000
CONV-10901,2025-04-02,Officiis quas quod ducimus libero.,7,vicente.silva.demo10545@gmail.com,"[""tempore""]",Nostrum corrupti similique ut eveniet.,Ninguno,60%,Solo,50,No,No,Chilena,$600.001 - $900.000,$500.000
CONV-10902,2024-06-26,Praesentium voluptatem quia cupiditate. Sunt tenetur optio quod quos corporis sit.,17,vicente.silva.demo10545@gmail.com,"[""ducimus"", ""dicta""]",Iusto alias ea necessitatibus.,Ninguno,80%,Cónyuge,70,No,No,Peruana,$400.000 - $600.000,Sin ahorro formal
CONV-10903,2024-09-17,Molestiae aut error expedita excepturi.,20,vicente.silva.demo10545@gmail.com,"[""ut"", ""officiis"", ""blanditiis"", ""dolor""]",Harum reprehenderit a expedita.,DS49,60%,Familia,43,No,No,Chilena,$600.001 - $900.000,Sin ahorro formal
CONV-10904,2026-01-30,In nostrum nemo. Officia veritatis sint illum aperiam ipsum.,22,francisco.gomez.demo4583@gmail.com,"[""dolor"", ""vel""]",Dolor labore optio tenetur odio reiciendis.,Pendiente evaluación,40%,Solo,42,No,Sí,Chilena,$400.000 - $600.000,Sin ahorro formal
CONV-10905,2025-06-10,Occaecati porro ea. Eligendi explicabo quisquam dolores. Commodi esse perferendis ab ipsa.,12,francisco.gomez.demo4583@gmail.com,"[""corrupti"", ""eligendi"", ""beatae"", ""accusamus""]",Consequatur maxime est inventore maiores placeat.,DS19,60%,Otros,63,Sí,Sí,Chilena,$600.001 - $900.000,$1.000.000
CONV-10906,2025-05-07,Fuga hic vitae cupiditate. Blanditiis animi corrupti magnam.,7,francisco.gomez.demo4583@gmail.com,"[""veniam"", ""voluptatem""]",Maiores ipsum nostrum ipsa ut dolorum nemo.,Ninguno,40%,Solo,53,No,Sí,Chilena,$600.001 - $900.000,$500.000
CONV-10907,2024-07-15,Et aspernatur tempore architecto sint quis tenetur nulla.,25,abelardo.fuentes.demo24865@yahoo.com,"[""assumenda"", ""magni""]",Quod voluptatibus possimus rem fugiat.,DS49,80%,Cónyuge,58,Sí,Sí,Venezolana,Más de $1.200.000,$1.000.000
CONV-10908,2025-09-12,Eos minus maiores. Et tempore similique facere voluptatum facilis.,5,alejandro.ulloa.demo10994@yahoo.com,"[""expedita"", ""officia""]",Tempora architecto dolorum quae distinctio consectetur repudiandae.,DS19,60%,Solo,39,No,No,Venezolana,Más de $1.200.000,$2.000.000
CONV-10909,2024-08-24,Reprehenderit accusantium sapiente. Eos et magnam illo vitae quae.,14,alejandro.ulloa.demo10994@yahoo.com,"[""praesentium"", ""possimus"", ""perferendis"", ""dolore""]",Sed nihil nulla.,Pendiente evaluación,80%,Cónyuge,38,No,Sí,Chilena,$600.001 - $900.000,Sin ahorro formal
CONV-10910,2025-06-21,Natus aperiam et architecto sint aperiam odit illo.,4,esteban.maldonado.demo36103@yahoo.com,"[""ut"", ""adipisci"", ""cum""]",Vel ipsum vero odio.,DS19,80%,Familia,36,No,No,Chilena,$600.001 - $900.000,$500.000
CONV-10911,2025-02-07,Iusto non blanditiis voluptas voluptate quas optio facere.,22,valentina.villalobos.demo42045@outlook.com,"[""rerum""]",Quasi temporibus recusandae amet.,Ninguno,60%,Familia,29,Sí,No,Colombiana,Más de $1.200.000,$1.000.000
CONV-10912,2025-09-20,Perspiciatis provident sapiente impedit reiciendis minima.,9,valentina.villalobos.demo42045@outlook.com,"[""officiis"", ""consequatur""]",Quos dolor explicabo alias.,Ninguno,60%,Familia,63,No,No,Venezolana,$600.001 - $900.000,$2.000.000
CONV-10913,2025-04-09,Maiores officia fuga veritatis magnam molestiae. Quia animi minus.,8,valentina.villalobos.demo42045@outlook.com,"[""provident"", ""nulla""]",Sequi qui autem iusto quod suscipit nemo.,DS49,60%,Cónyuge,42,Sí,No,Chilena,$400.000 - $600.000,$500.000
CONV-10914,2026-02-18,Ab debitis dicta asperiores error tempora.,6,viviana.campos.demo16287@yahoo.com,"[""sequi""]",Odit similique magnam repellat nesciunt velit est quasi.,DS19,80%,Otros,55,No,No,Chilena,$400.000 - $600.000,$2.000.000
CONV-10915,2026-03-02,Cum sint velit laborum enim libero earum harum. Laborum nemo voluptate.,6,viviana.campos.demo16287@yahoo.com,"[""voluptate"", ""laudantium"", ""quibusdam"", ""sapiente""]",At unde iusto officiis repellat.,DS19,60%,Solo,20,Sí,No,Chilena,$600.001 - $900.000,$1.000.000
CONV-10916,2025-05-03,Voluptatibus nihil sequi voluptates. Reprehenderit magnam doloremque pariatur id.,23,viviana.campos.demo16287@yahoo.com,"[""in"", ""unde"", ""vitae"", ""distinctio""]",Iusto possimus laborum similique qui placeat.,Pendiente evaluación,No registra,Familia,26,No,No,Chilena,$400.000 - $600.000,Sin ahorro formal
CONV-10917,2024-09-29,Amet animi id illum doloribus commodi.,19,luis.galvez.demo39273@hotmail.com,"[""nemo"", ""quis"", ""quas"", ""quae""]",Numquam aut repellendus reiciendis cumque.,DS1,No registra,Solo,57,No,Sí,Chilena,Más de $1.200.000,$500.000
CONV-10918,2024-11-26,Esse reiciendis iure. Beatae id architecto excepturi repellendus.,7,daniel.gutierrez.demo36378@outlook.com,"[""molestiae"", ""corporis"", ""minima""]",Perferendis veniam voluptates reiciendis dolore.,Ninguno,No registra,Familia,44,Sí,Sí,Chilena,Más de $1.200.000,Sin ahorro formal
CONV-10919,2025-05-22,Explicabo optio eligendi suscipit ullam sed quas.,12,daniel.gutierrez.demo36378@outlook.com,"[""molestias"", ""doloribus""]",Sed corporis eveniet nulla cupiditate modi.,DS49,80%,Familia,55,Sí,No,Venezolana,$400.000 - $600.000,$500.000
CONV-10920,2025-05-25,Reiciendis quia dicta perspiciatis ab. Blanditiis eius unde. Maiores deleniti explicabo.,5,daniel.gutierrez.demo36378@outlook.com,"[""temporibus"", ""non"", ""possimus"", ""vel""]",Soluta minus quam facere cum error.,DS19,80%,Cónyuge,56,Sí,No,Chilena,Más de $1.200.000,$1.000.000
CONV-10921,2025-04-16,Aut provident necessitatibus deserunt cupiditate recusandae sapiente.,14,soledad.vergara.demo19289@hotmail.com,"[""nihil"", ""ut""]",Dicta assumenda odit nostrum illo consequuntur.,DS49,80%,Familia,45,No,No,Chilena,$600.001 - $900.000,$500.000
CONV-10922,2025-11-18,Veritatis sequi odit doloribus totam corporis.,24,soledad.vergara.demo19289@hotmail.com,"[""fugit"", ""laudantium"", ""assumenda""]",Odio quidem nesciunt eveniet ipsam saepe sed.,Ninguno,40%,Otros,39,No,No,Chilena,$600.001 - $900.000,Sin ahorro formal
CONV-10923,2025-12-25,Fuga aperiam commodi magni possimus.,17,santiago.olave.demo199@yahoo.com,"[""soluta""]",Ad ex aspernatur nobis.,Ninguno,40%,Cónyuge,70,No,Sí,Chilena,$900.001 - $1.200.000,Sin ahorro formal
CONV-10924,2024-07-04,Eveniet maiores ex numquam facere. Perspiciatis sapiente magnam enim rerum.,9,santiago.olave.demo199@yahoo.com,"[""beatae""]",At itaque alias reprehenderit facilis eum nam.,Ninguno,60%,Familia,27,Sí,No,Chilena,Más de $1.200.000,$500.000
CONV-10925,2025-01-03,Distinctio fuga ad voluptate optio dicta sequi.,22,santiago.olave.demo199@yahoo.com,"[""officiis"", ""laborum""]",Ducimus illum repudiandae in corporis cumque quod.,DS49,80%,Familia,70,No,No,Chilena,Más de $1.200.000,$2.000.000
CONV-10926,2024-11-28,Autem quisquam velit dolore in laboriosam. Rem minus unde quae sapiente.,19,daniela.sanchez.demo13343@hotmail.com,"[""maiores""]",Exercitationem dolorum rem aspernatur vero deleniti unde laudantium.,Pendiente evaluación,80%,Otros,51,Sí,No,Chilena,$600.001 - $900.000,$500.000
CONV-10927,2026-04-07,Placeat id velit praesentium eveniet.,25,alberto.pinto.demo46009@gmail.com,"[""dolores"", ""est"", ""voluptatibus""]",Repellat beatae pariatur error consequuntur a nihil deserunt.,DS49,No registra,Otros,34,No,No,Chilena,$400.000 - $600.000,$2.000.000
CONV-10928,2024-12-10,Quos minus repellat illum.,19,alberto.pinto.demo46009@gmail.com,"[""doloribus""]",Reprehenderit quae consequatur consequuntur repellat porro voluptas.,DS19,40%,Familia,34,No,No,Chilena,Más de $1.200.000,$500.000
CONV-10929,2025-07-13,In alias perferendis quo maiores.,23,alberto.pinto.demo46009@gmail.com,"[""culpa"", ""officiis"", ""adipisci""]",Dolores rem doloribus quia.,DS49,40%,Cónyuge,37,Sí,No,Chilena,Más de $1.200.000,$500.000
CONV-10930,2026-01-22,Voluptates nihil perferendis totam non quos.,20,ana.olivares.demo27120@gmail.com,"[""repellat""]",Laboriosam rem vitae ut tenetur fuga.,DS19,80%,Solo,55,No,No,Chilena,$900.001 - $1.200.000,$1.000.000
CONV-10931,2025-05-15,Est deserunt consequatur laboriosam iste natus sit. Fuga aperiam sequi.,13,ana.olivares.demo27120@gmail.com,"[""et""]",Ea repellendus delectus fugit odio culpa.,Pendiente evaluación,No registra,Otros,50,Sí,No,Chilena,Más de $1.200.000,$500.000
CONV-10932,2024-11-06,Quo minima accusamus illum. Accusantium nam molestiae nisi et.,3,ana.olivares.demo27120@gmail.com,"[""repellendus""]",Rem ipsum ratione reiciendis eum doloribus.,DS1,60%,Cónyuge,65,Sí,No,Chilena,$900.001 - $1.200.000,$2.000.000
CONV-10933,2026-05-21,Dolores possimus itaque.,22,valeska.zuniga.demo46910@hotmail.com,"[""atque"", ""repellendus""]",Facilis ab ea totam labore accusamus dicta ratione.,Pendiente evaluación,80%,Familia,41,No,No,Chilena,Más de $1.200.000,Sin ahorro formal
CONV-10934,2024-07-29,Ad enim minima rem aperiam. Doloremque dicta dolore magnam velit natus aliquam.,11,valeska.zuniga.demo46910@hotmail.com,"[""blanditiis""]",Ipsa deleniti deleniti cupiditate.,Ninguno,60%,Solo,28,No,Sí,Chilena,$900.001 - $1.200.000,$500.000
CONV-10935,2025-11-16,Quaerat quibusdam asperiores commodi ut perferendis.,5,scarleth.sandoval.demo42004@outlook.com,"[""animi"", ""sed"", ""temporibus""]",Dolore sunt et architecto voluptates cupiditate vel.,DS49,80%,Solo,53,Sí,Sí,Chilena,$400.000 - $600.000,$1.000.000
CONV-10936,2025-03-07,Quae minus necessitatibus quaerat at nam.,17,scarleth.sandoval.demo42004@outlook.com,"[""dolorem"", ""ab"", ""delectus""]",Dolores aspernatur provident placeat rerum dolorem repellendus.,DS1,80%,Solo,33,No,No,Chilena,$600.001 - $900.000,Sin ahorro formal
CONV-10937,2025-12-21,Incidunt hic eius nam fugit.,17,scarleth.sandoval.demo42004@outlook.com,"[""provident"", ""possimus"", ""tenetur""]",Ut aliquid accusamus non.,DS49,40%,Solo,48,Sí,Sí,Peruana,Más de $1.200.000,Sin ahorro formal
CONV-10938,2026-01-21,Nostrum repudiandae asperiores quae. Perferendis odit nam harum.,25,erika.valenzuela.demo217@hotmail.com,"[""itaque"", ""earum"", ""nobis"", ""maxime""]",Corporis sint doloribus enim voluptatibus.,DS19,No registra,Solo,24,Sí,No,Chilena,$400.000 - $600.000,$1.000.000
CONV-10939,2026-02-28,Ratione dolorem voluptate veritatis neque quod.,7,oscar.concha.demo15071@gmail.com,"[""sint"", ""natus""]",Eveniet est quae repellendus inventore impedit sit facere.,DS19,40%,Familia,58,No,No,Chilena,$600.001 - $900.000,$2.000.000
CONV-10940,2026-01-28,Reiciendis suscipit voluptatibus voluptatem accusamus minima officia.,25,oscar.concha.demo15071@gmail.com,"[""asperiores"", ""quis"", ""voluptatum"", ""eius""]",Laborum minima perspiciatis aspernatur repellendus qui enim.,Ninguno,80%,Cónyuge,44,Sí,No,Chilena,Más de $1.200.000,$500.000
CONV-10941,2024-10-01,Repellendus magnam impedit temporibus.,4,nelson.salas.demo39041@hotmail.com,"[""totam""]",Laborum officiis itaque.,DS1,80%,Solo,70,No,Sí,Chilena,Más de $1.200.000,Sin ahorro formal
CONV-10942,2025-06-30,Ut architecto facilis corporis.,5,nelson.salas.demo39041@hotmail.com,"[""odio"", ""quam""]",Minus dolor tempore saepe in.,Ninguno,60%,Familia,46,No,Sí,Chilena,$900.001 - $1.200.000,$2.000.000
CONV-10943,2026-02-04,Soluta soluta dolores explicabo asperiores quia quaerat.,23,yasna.mardones.demo42490@outlook.com,"[""voluptatibus""]",Sit labore accusantium dolor dolorum totam cupiditate.,DS19,No registra,Familia,41,No,No,Chilena,Más de $1.200.000,$1.000.000
CONV-10944,2025-10-15,Quibusdam eligendi dolorum minima.,10,daniel.espinoza.demo30697@gmail.com,"[""illum"", ""impedit"", ""corporis""]",Hic tempora ipsam corporis.,DS1,80%,Cónyuge,46,No,No,Chilena,$400.000 - $600.000,$500.000
CONV-10945,2025-05-08,Eos ducimus aperiam et accusantium nostrum molestias quos.,9,daniel.espinoza.demo30697@gmail.com,"[""iusto"", ""perferendis"", ""nostrum""]",Dolor nulla quae vero numquam temporibus.,Pendiente evaluación,40%,Familia,59,Sí,No,Chilena,$900.001 - $1.200.000,$500.000
CONV-10946,2026-03-17,Libero provident alias et.,14,cristian.carrasco.demo36892@outlook.com,"[""tenetur""]",Nostrum possimus odio esse assumenda facere voluptas.,DS49,40%,Otros,48,No,Sí,Chilena,$400.000 - $600.000,$1.000.000
CONV-10947,2025-06-16,Repellat id architecto odit perspiciatis consectetur sint. Non nulla nobis.,10,maria.castillo.demo47887@yahoo.com,"[""distinctio"", ""nisi""]",Fugiat minima suscipit cum sint iste culpa.,Ninguno,60%,Solo,48,Sí,Sí,Chilena,$400.000 - $600.000,$2.000.000
CONV-10948,2026-02-23,Voluptas quod incidunt vitae labore quibusdam.,23,maria.castillo.demo47887@yahoo.com,"[""totam"", ""temporibus""]",Qui sed error quas temporibus.,DS49,60%,Familia,56,Sí,No,Chilena,$400.000 - $600.000,Sin ahorro formal
CONV-10949,2024-11-15,Quibusdam pariatur quia nulla tempore nulla.,21,benjamin.duarte.demo44145@yahoo.com,"[""laborum"", ""eveniet"", ""adipisci""]",Magni ratione temporibus aliquid vitae quae inventore.,Ninguno,No registra,Otros,60,No,Sí,Chilena,$600.001 - $900.000,$2.000.000
CONV-10950,2025-08-19,Odit quos nostrum temporibus. Perferendis harum numquam deserunt ullam magnam quae.,9,jose.nunez.demo49967@gmail.com,"[""asperiores"", ""aliquid"", ""voluptatibus"", ""excepturi""]",Placeat unde explicabo ipsa.,Pendiente evaluación,No registra,Solo,68,Sí,No,Venezolana,$400.000 - $600.000,$500.000
CONV-10951,2025-03-05,Eligendi possimus impedit ipsa minima earum.,24,jose.nunez.demo49967@gmail.com,"[""sapiente"", ""deserunt""]",Praesentium dicta velit.,Ninguno,80%,Cónyuge,21,No,Sí,Chilena,$900.001 - $1.200.000,$1.000.000
CONV-10952,2025-04-04,Vero corporis corporis ab ducimus consequatur tempore.,16,jose.nunez.demo49967@gmail.com,"[""sed"", ""enim"", ""exercitationem""]",Unde eos earum.,Ninguno,No registra,Familia,52,Sí,Sí,Chilena,$900.001 - $1.200.000,$2.000.000
CONV-10953,2025-10-06,Culpa quas aliquid tempora. Voluptatibus quisquam ipsa maxime ipsa praesentium culpa.,16,lilian.inostroza.demo46205@outlook.com,"[""eligendi"", ""debitis"", ""eaque"", ""dolores""]",Sequi quibusdam consequuntur.,DS19,80%,Otros,34,No,Sí,Chilena,$400.000 - $600.000,$2.000.000
CONV-10954,2026-04-02,Ullam debitis odio sequi.,23,lilian.inostroza.demo46205@outlook.com,"[""esse""]",Fugiat officia quas qui.,DS49,80%,Cónyuge,53,No,No,Peruana,$600.001 - $900.000,$2.000.000
CONV-10955,2025-11-07,Quod ducimus nisi laboriosam enim doloremque.,25,lilian.inostroza.demo46205@outlook.com,"[""non"", ""officia"", ""tempore""]",Excepturi nesciunt quisquam magnam rerum.,Pendiente evaluación,80%,Otros,58,Sí,No,Chilena,$900.001 - $1.200.000,$2.000.000
CONV-10956,2025-08-27,Vitae earum explicabo iure. Iste atque enim aperiam nostrum.,9,carla.catalan.demo4131@hotmail.com,"[""consequuntur"", ""cupiditate""]",Perspiciatis cupiditate maiores dolor.,DS1,60%,Cónyuge,67,No,Sí,Chilena,$900.001 - $1.200.000,$1.000.000
CONV-10957,2025-07-12,Aliquam ratione officiis ab officia labore illum sed.,14,maria.ruiz.demo4549@hotmail.com,"[""non""]",Non vitae ab placeat atque quo.,Pendiente evaluación,80%,Solo,49,Sí,Sí,Chilena,$400.000 - $600.000,Sin ahorro formal
CONV-10958,2025-05-20,Quia voluptates possimus animi nihil error.,12,maria.ruiz.demo4549@hotmail.com,"[""tenetur"", ""dignissimos"", ""vitae"", ""mollitia""]",Minima itaque laboriosam ut soluta necessitatibus.,Ninguno,No registra,Cónyuge,63,No,No,Chilena,$400.000 - $600.000,$500.000
CONV-10959,2025-07-01,Saepe necessitatibus repudiandae accusantium est amet.,13,maria.ruiz.demo4549@hotmail.com,"[""excepturi""]",Reprehenderit error natus ex libero.,DS49,80%,Familia,67,No,Sí,Chilena,Más de $1.200.000,$500.000
CONV-10960,2025-12-30,Ratione perspiciatis sit quaerat. Quibusdam ratione labore aspernatur alias blanditiis.,14,jorge.leiva.demo33807@gmail.com,"[""aliquam"", ""nesciunt""]",Impedit inventore eaque odio accusantium doloribus aliquam.,DS49,No registra,Familia,64,No,No,Chilena,$900.001 - $1.200.000,Sin ahorro formal
CONV-10961,2024-07-26,Natus sunt ipsa debitis labore quaerat dignissimos.,3,jorge.leiva.demo33807@gmail.com,"[""corrupti"", ""optio"", ""molestiae"", ""voluptatibus""]",Temporibus quis perferendis corrupti dignissimos temporibus.,DS1,40%,Cónyuge,37,Sí,Sí,Chilena,$400.000 - $600.000,Sin ahorro formal
CONV-10962,2025-08-12,Nulla ex deleniti fugit occaecati.,9,julia.gonzalez.demo23054@yahoo.com,"[""explicabo""]",Iste magnam repellat deserunt.,DS1,40%,Familia,42,No,Sí,Chilena,$600.001 - $900.000,$1.000.000
CONV-10963,2026-02-03,Assumenda dolorum animi alias dolorem enim ex. Facilis similique libero hic culpa.,25,julia.gonzalez.demo23054@yahoo.com,"[""magni"", ""magnam"", ""dignissimos"", ""tempora""]",Tempore laboriosam rerum magnam atque blanditiis eligendi pariatur.,Ninguno,80%,Cónyuge,69,Sí,No,Chilena,$900.001 - $1.200.000,$1.000.000
CONV-10964,2026-01-20,Odit quibusdam laborum dignissimos natus ullam.,6,julia.gonzalez.demo23054@yahoo.com,"[""nostrum"", ""repudiandae"", ""est""]",Accusamus numquam omnis in ipsa alias.,DS49,80%,Cónyuge,40,Sí,Sí,Chilena,$400.000 - $600.000,Sin ahorro formal
CONV-10965,2025-06-08,At officia repudiandae. Explicabo sint magni minus non quo.,15,flora.varela.demo49436@yahoo.com,"[""rerum"", ""earum"", ""eos""]",Facere illum delectus harum incidunt.,Ninguno,No registra,Cónyuge,20,Sí,Sí,Chilena,$400.000 - $600.000,$2.000.000
CONV-10966,2025-05-10,Incidunt eaque tempore. Dolores deserunt cumque ducimus facilis.,8,flora.varela.demo49436@yahoo.com,"[""in"", ""est"", ""quis"", ""mollitia""]",Natus sit suscipit dicta.,DS49,60%,Familia,58,Sí,No,Colombiana,$600.001 - $900.000,$500.000
CONV-10967,2025-08-03,Sequi asperiores laborum aut provident quis quidem.,16,flora.varela.demo49436@yahoo.com,"[""distinctio""]",Nesciunt quod eaque.,DS1,40%,Familia,48,No,No,Chilena,$400.000 - $600.000,$1.000.000
CONV-10968,2025-05-10,Occaecati nobis corrupti harum.,6,cristian.catalan.demo30079@yahoo.com,"[""accusamus"", ""esse"", ""quasi"", ""repudiandae""]",Fugit numquam dolore architecto corporis.,DS1,80%,Familia,50,Sí,Sí,Chilena,Más de $1.200.000,Sin ahorro formal
CONV-10969,2024-12-05,Excepturi tenetur velit sit. Sed repudiandae aperiam eligendi fugiat.,17,cristian.catalan.demo30079@yahoo.com,"[""laudantium"", ""quas""]",Fugiat dignissimos quibusdam fuga amet aperiam.,DS49,No registra,Solo,51,No,Sí,Chilena,$600.001 - $900.000,$500.000
CONV-10970,2026-03-01,Inventore voluptatum aperiam adipisci eum eaque.,16,cristian.catalan.demo30079@yahoo.com,"[""eligendi"", ""ducimus"", ""deleniti"", ""officiis""]",Magnam sunt eum necessitatibus aliquam voluptatem voluptatum.,Ninguno,60%,Solo,21,No,Sí,Chilena,$600.001 - $900.000,$1.000.000
CONV-10971,2025-11-11,Facere ab ullam. Praesentium sint commodi nemo voluptatem et.,7,daniel.tapia.demo37022@hotmail.com,"[""ullam"", ""mollitia""]",Repudiandae similique recusandae officiis.,Ninguno,80%,Otros,29,Sí,No,Colombiana,$900.001 - $1.200.000,$1.000.000
CONV-10972,2025-10-07,Alias vel quasi aspernatur. Labore quo temporibus odit quaerat voluptates quidem.,3,yessica.miranda.demo23539@outlook.com,"[""sit"", ""sapiente""]",Odit perferendis nam nihil.,DS49,80%,Cónyuge,61,No,Sí,Chilena,$400.000 - $600.000,$500.000
CONV-10973,2025-05-05,Molestiae labore quaerat quae. Perferendis at pariatur error sed.,13,yessica.miranda.demo23539@outlook.com,"[""quidem""]",Placeat sapiente in laboriosam beatae iusto.,DS49,60%,Cónyuge,44,No,Sí,Colombiana,$600.001 - $900.000,Sin ahorro formal
CONV-10974,2025-11-29,Iste aperiam doloremque officia modi et et sit. Molestiae aut corporis velit.,16,yessica.miranda.demo23539@outlook.com,"[""ab"", ""aut"", ""quia""]",Officia voluptatibus eos recusandae aliquid quidem labore.,Pendiente evaluación,40%,Familia,51,No,No,Chilena,$600.001 - $900.000,$2.000.000
CONV-10975,2024-10-27,Harum natus eligendi accusantium tempora sit sequi optio.,4,emily.valderrama.demo10406@gmail.com,"[""odio""]",Magnam eaque doloribus veritatis est.,Pendiente evaluación,40%,Cónyuge,52,No,No,Chilena,$600.001 - $900.000,Sin ahorro formal
CONV-10976,2024-07-22,Provident a totam veritatis nulla dolore culpa minima.,15,emily.valderrama.demo10406@gmail.com,"[""accusantium""]",Saepe labore mollitia facere consectetur quibusdam corporis cum.,Ninguno,40%,Otros,33,Sí,No,Chilena,$600.001 - $900.000,Sin ahorro formal
CONV-10977,2024-11-20,Corrupti sit cum maxime quis facere temporibus.,15,amanda.vera.demo31332@gmail.com,"[""dolorem"", ""quidem"", ""nulla""]",Voluptatum quasi asperiores similique maxime.,Pendiente evaluación,80%,Cónyuge,43,Sí,No,Chilena,$400.000 - $600.000,$1.000.000
CONV-10978,2025-11-11,Harum illo quisquam expedita ea dolor. Suscipit aperiam iure voluptas alias.,15,amanda.vera.demo31332@gmail.com,"[""optio"", ""impedit""]",Nobis exercitationem vero adipisci maiores molestias nostrum iusto.,DS19,40%,Familia,46,Sí,Sí,Chilena,$600.001 - $900.000,$500.000
CONV-10979,2024-12-11,Necessitatibus eligendi reprehenderit dolorum.,21,julio.vergara.demo7537@gmail.com,"[""eum"", ""esse"", ""temporibus""]",Repudiandae beatae facilis laborum veniam eligendi deserunt velit.,DS49,80%,Familia,52,No,Sí,Chilena,$900.001 - $1.200.000,$500.000
CONV-10980,2026-01-29,Incidunt fuga dolorum optio officia esse dicta.,18,oscar.flores.demo23537@gmail.com,"[""dolorum""]",Ad velit aliquam totam officiis enim rerum eligendi.,DS1,80%,Solo,70,Sí,Sí,Peruana,Más de $1.200.000,$1.000.000
CONV-10981,2025-10-26,Illo laboriosam neque quis praesentium et iure dignissimos.,25,daniel.venegas.demo12888@gmail.com,"[""ipsam"", ""dolor""]",Iusto error fuga dignissimos neque mollitia natus.,DS1,80%,Otros,58,Sí,No,Chilena,$400.000 - $600.000,$2.000.000
CONV-10982,2026-05-05,Error illum reprehenderit et fugiat distinctio.,9,daniel.venegas.demo12888@gmail.com,"[""repellat""]",Alias fugiat cumque vero eum.,Pendiente evaluación,60%,Familia,59,No,No,Chilena,Más de $1.200.000,$1.000.000
CONV-10983,2024-07-04,Asperiores explicabo et minus rem. Incidunt eius ex veniam doloribus at a.,12,daniel.venegas.demo12888@gmail.com,"[""ut"", ""repellendus""]",Ex ipsa fuga perspiciatis.,DS19,40%,Otros,41,No,Sí,Colombiana,$400.000 - $600.000,$500.000
CONV-10984,2024-11-02,Iste deserunt deleniti deserunt.,25,veronica.perez.demo17362@hotmail.com,"[""alias"", ""dolores"", ""dolorem""]",Placeat laborum amet dolores nostrum tempore impedit commodi.,DS49,No registra,Cónyuge,40,Sí,Sí,Venezolana,$900.001 - $1.200.000,$500.000
CONV-10985,2026-04-27,Nulla et facere illum non blanditiis.,12,veronica.perez.demo17362@hotmail.com,"[""iusto""]",Facere fuga similique culpa doloribus eaque culpa.,DS49,40%,Cónyuge,47,No,No,Chilena,$900.001 - $1.200.000,$1.000.000
CONV-10986,2024-08-31,Harum quas quaerat ipsa iure accusamus totam. Quibusdam eveniet quibusdam.,15,veronica.perez.demo17362@hotmail.com,"[""suscipit"", ""impedit"", ""cupiditate""]",Accusamus error nihil aspernatur rerum architecto aperiam quis.,DS49,40%,Cónyuge,54,No,No,Chilena,Más de $1.200.000,$500.000
CONV-10987,2026-01-13,Velit totam molestias ex.,6,gaspar.munoz.demo10269@outlook.com,"[""nam"", ""occaecati""]",Sint earum facere.,DS49,No registra,Otros,30,No,Sí,Chilena,$600.001 - $900.000,Sin ahorro formal
CONV-10988,2024-06-07,Mollitia in labore distinctio labore debitis. Rerum totam illum praesentium.,4,susana.lazcano.demo4708@yahoo.com,"[""eius"", ""officia"", ""eius"", ""tempora""]",Illo facilis error asperiores expedita minima impedit.,DS49,80%,Solo,65,Sí,Sí,Chilena,$600.001 - $900.000,Sin ahorro formal
CONV-10989,2026-03-21,Cupiditate est minus fuga voluptates repellendus quas.,25,manuel.campos.demo34218@gmail.com,"[""numquam"", ""sunt"", ""explicabo"", ""architecto""]",Dolorum nostrum deserunt culpa fugit.,Ninguno,80%,Cónyuge,39,No,No,Venezolana,$600.001 - $900.000,Sin ahorro formal
CONV-10990,2024-07-24,Facere animi eius perspiciatis provident placeat commodi consectetur.,20,manuel.campos.demo34218@gmail.com,"[""impedit"", ""repellat"", ""velit""]",Dicta sequi officia recusandae deleniti.,DS1,80%,Cónyuge,51,No,No,Chilena,$400.000 - $600.000,Sin ahorro formal
CONV-10991,2024-11-05,Ipsum est earum nam eum quasi numquam.,8,manuel.campos.demo34218@gmail.com,"[""enim"", ""pariatur"", ""similique"", ""necessitatibus""]",Officia officia quibusdam omnis voluptatem.,DS1,No registra,Familia,43,No,Sí,Chilena,$900.001 - $1.200.000,Sin ahorro formal
CONV-10992,2025-12-01,Magnam soluta adipisci atque sapiente. Reiciendis magnam nihil.,13,pia.fuentes.demo30672@outlook.com,"[""minus"", ""sed"", ""optio""]",Necessitatibus eaque corporis iure.,DS19,No registra,Solo,26,No,Sí,Venezolana,$400.000 - $600.000,$1.000.000
CONV-10993,2024-07-30,Vel fugiat saepe et. Earum aperiam suscipit suscipit illum quasi.,11,pia.fuentes.demo30672@outlook.com,"[""dignissimos""]",Nihil hic voluptatum earum.,DS1,80%,Otros,56,No,No,Chilena,$600.001 - $900.000,$2.000.000
CONV-10994,2025-08-30,Soluta iste laudantium reprehenderit.,16,sara.contreras.demo15894@outlook.com,"[""explicabo"", ""quod"", ""inventore"", ""sequi""]",Cumque iste totam.,DS49,60%,Solo,20,No,Sí,Chilena,$400.000 - $600.000,$1.000.000
CONV-10995,2026-01-09,Voluptates dignissimos facere neque voluptatibus.,13,sara.contreras.demo15894@outlook.com,"[""illo"", ""et"", ""aspernatur"", ""non""]",Dolorem culpa facilis eum.,DS19,60%,Otros,24,Sí,Sí,Chilena,$900.001 - $1.200.000,$2.000.000
CONV-10996,2025-01-20,Qui deserunt vitae totam.,9,sara.contreras.demo15894@outlook.com,"[""eos"", ""molestias"", ""nostrum""]",Sunt explicabo delectus repellendus odit adipisci.,DS49,40%,Solo,61,No,Sí,Chilena,$900.001 - $1.200.000,Sin ahorro formal
CONV-10997,2026-03-13,Voluptate ad dignissimos eaque voluptatem consectetur voluptate.,10,marianela.salas.demo12596@outlook.com,"[""quisquam"", ""hic"", ""harum""]",Nostrum officiis dicta nobis fugiat officia.,Ninguno,80%,Cónyuge,24,No,No,Chilena,$400.000 - $600.000,Sin ahorro formal
CONV-10998,2025-10-24,Deserunt quod expedita reiciendis mollitia earum.,5,marcela.urzua.demo35392@hotmail.com,"[""ad""]",Qui enim id maxime reiciendis eligendi sint.,DS49,60%,Familia,19,No,No,Colombiana,$400.000 - $600.000,Sin ahorro formal
CONV-10999,2024-09-02,Magnam velit cum incidunt sequi sunt delectus.,16,marcela.urzua.demo35392@hotmail.com,"[""nostrum"", ""dicta""]",Id cumque repellat adipisci.,DS19,60%,Solo,40,No,Sí,Venezolana,Más de $1.200.000,Sin ahorro formal
CONV-11000,2025-04-22,Hic quibusdam voluptatem quasi et.,21,marcela.urzua.demo35392@hotmail.com,"[""quae"", ""aperiam""]",Necessitatibus tenetur ad illo nulla sunt sed.,DS1,No registra,Solo,59,No,Sí,Chilena,$900.001 - $1.200.000,$2.000.000
CONV-11001,2025-11-12,Ad quod amet magni aut doloribus consectetur.,5,martin.angulo.demo26253@gmail.com,"[""voluptas""]",Debitis dolore provident.,Pendiente evaluación,80%,Cónyuge,70,No,No,Chilena,$900.001 - $1.200.000,$2.000.000
CONV-11002,2026-05-20,Nihil doloremque repellendus vitae dolore optio.,20,diego.parra.demo48974@yahoo.com,"[""aliquid"", ""sed"", ""aliquid""]",Possimus vel perferendis.,Ninguno,No registra,Otros,22,No,Sí,Chilena,Más de $1.200.000,$500.000
CONV-11003,2026-02-20,Voluptatum saepe aperiam eius repudiandae.,25,raul.delgado.demo33460@outlook.com,"[""ea"", ""autem"", ""vel"", ""dolore""]",Labore accusamus quos praesentium necessitatibus amet ex.,DS1,No registra,Solo,60,Sí,No,Chilena,Más de $1.200.000,Sin ahorro formal
CONV-11004,2025-01-31,Voluptates dolorem minima labore doloremque.,15,camila.zuniga.demo31177@hotmail.com,"[""consequuntur"", ""temporibus"", ""eveniet"", ""ab""]",Fugiat nulla doloribus laborum expedita ad.,DS49,60%,Solo,20,Sí,Sí,Chilena,$600.001 - $900.000,Sin ahorro formal
CONV-11005,2024-11-26,Ab aut fugiat.,6,armando.cid.demo30989@outlook.com,"[""doloremque"", ""blanditiis""]",Qui temporibus neque cum iste sunt.,DS19,60%,Solo,19,No,Sí,Chilena,Más de $1.200.000,Sin ahorro formal
CONV-11006,2026-01-31,Optio cumque rem impedit. Odit magni inventore quis occaecati voluptatem.,15,ramon.herrera.demo49332@yahoo.com,"[""facere"", ""perspiciatis""]",Fugiat occaecati neque autem culpa quas.,DS19,40%,Cónyuge,32,No,No,Chilena,Más de $1.200.000,Sin ahorro formal
CONV-11007,2025-02-01,Alias cumque tempora neque ipsa. Quo cupiditate atque.,21,joaquin.reyes.demo41616@hotmail.com,"[""dolor"", ""iusto""]",Hic totam fugiat animi vitae asperiores.,DS19,80%,Familia,35,No,No,Chilena,$600.001 - $900.000,$2.000.000
CONV-11008,2024-06-30,Voluptates animi possimus expedita.,4,joaquin.reyes.demo41616@hotmail.com,"[""mollitia"", ""aperiam"", ""voluptates""]",Architecto assumenda in.,DS19,40%,Familia,24,Sí,Sí,Chilena,$400.000 - $600.000,$1.000.000
CONV-11009,2024-11-03,Deleniti laboriosam libero illo expedita nobis.,19,joaquin.reyes.demo41616@hotmail.com,"[""alias""]",Debitis tempore nihil illo.,DS19,40%,Cónyuge,49,No,Sí,Chilena,$900.001 - $1.200.000,$1.000.000
CONV-11010,2026-03-19,Nihil velit nulla unde quasi.,23,ivan.bustamante.demo11589@outlook.com,"[""voluptates""]",Atque esse aliquid explicabo esse.,Ninguno,60%,Solo,69,Sí,No,Chilena,Más de $1.200.000,$2.000.000
CONV-11011,2025-07-09,Perspiciatis eius est officia accusantium consequuntur. Ex tenetur possimus nobis.,9,ivan.bustamante.demo11589@outlook.com,"[""maxime""]",Nihil harum laudantium eius consequuntur atque ipsum.,DS1,60%,Cónyuge,47,No,Sí,Chilena,$400.000 - $600.000,$1.000.000
CONV-11012,2025-07-22,Quam porro laborum tempora beatae mollitia nesciunt.,13,anahi.figueroa.demo28803@yahoo.com,"[""vitae""]",Ipsam quo expedita modi delectus.,DS19,60%,Solo,51,Sí,No,Chilena,Más de $1.200.000,Sin ahorro formal
CONV-11013,2025-10-18,Saepe ipsam commodi exercitationem.,25,anahi.figueroa.demo28803@yahoo.com,"[""iure""]",Officia ullam dolore facilis debitis sit eveniet.,Ninguno,40%,Cónyuge,56,Sí,Sí,Chilena,$900.001 - $1.200.000,Sin ahorro formal
CONV-11014,2025-05-05,Voluptatibus animi culpa omnis. Id facilis modi.,25,erica.san martin.demo50746@yahoo.com,"[""exercitationem"", ""labore"", ""dolorum""]",Nam quibusdam ex fugiat laboriosam nostrum quisquam est.,Ninguno,No registra,Familia,63,No,Sí,Chilena,$900.001 - $1.200.000,$500.000
CONV-11015,2025-09-02,Ratione fuga dolore aliquam quidem animi dolore. Aliquam officiis occaecati aliquam tempora.,9,erica.san martin.demo50746@yahoo.com,"[""porro"", ""qui"", ""facilis""]",Non sapiente tenetur officiis.,Pendiente evaluación,40%,Familia,65,Sí,No,Chilena,$900.001 - $1.200.000,Sin ahorro formal
CONV-11016,2025-06-17,Unde dolore ea odio sint distinctio veritatis. Modi quidem sequi illo.,19,maria.navarrete.demo49460@gmail.com,"[""cumque"", ""et"", ""officia"", ""dolorum""]",Mollitia tempore soluta.,DS1,40%,Solo,54,Sí,Sí,Venezolana,$600.001 - $900.000,$2.000.000
CONV-11017,2026-02-21,Corporis laborum delectus nesciunt quaerat at recusandae. Id repellat harum.,5,maria.navarrete.demo49460@gmail.com,"[""nemo"", ""inventore"", ""iure""]",Qui quaerat in voluptas.,DS1,40%,Solo,21,Sí,No,Chilena,Más de $1.200.000,$2.000.000
CONV-11018,2026-03-13,Molestias ab tempora vitae vero veniam saepe.,9,vanessa.sepulveda.demo24447@yahoo.com,"[""quibusdam""]",Qui odio suscipit labore necessitatibus ab nesciunt.,DS19,No registra,Otros,20,No,No,Chilena,$600.001 - $900.000,$2.000.000
CONV-11019,2024-07-12,Commodi nam vitae quaerat enim.,7,vanessa.sepulveda.demo24447@yahoo.com,"[""libero"", ""tempora"", ""cumque"", ""culpa""]",Eveniet animi veritatis.,Pendiente evaluación,80%,Solo,27,Sí,Sí,Colombiana,$400.000 - $600.000,$1.000.000
CONV-11020,2026-05-19,Quisquam ut doloremque nisi saepe. Natus sunt similique id eaque eligendi.,13,juan.gonzalez.demo20208@outlook.com,"[""veniam"", ""facilis"", ""consequatur""]",Vero tempora debitis neque numquam.,DS1,80%,Cónyuge,61,No,Sí,Chilena,$600.001 - $900.000,Sin ahorro formal
CONV-11021,2025-10-23,Ipsa praesentium autem dolore ex fugit facere.,18,dominga.zapata.demo27246@hotmail.com,"[""dolorum"", ""deserunt"", ""debitis"", ""omnis""]",Excepturi libero exercitationem aut.,DS49,40%,Familia,62,Sí,No,Chilena,$600.001 - $900.000,Sin ahorro formal
CONV-11022,2025-01-04,Laudantium aliquam iste iusto. Id minima at aut blanditiis eos.,14,juan.munoz.demo22964@gmail.com,"[""voluptas""]",Repudiandae sunt temporibus ducimus ut cum.,Ninguno,80%,Familia,56,Sí,Sí,Chilena,$900.001 - $1.200.000,Sin ahorro formal
CONV-11023,2024-08-10,Adipisci nihil eius minima nihil quasi.,20,juan.munoz.demo22964@gmail.com,"[""quas"", ""placeat"", ""iure""]",Ex at laudantium saepe sapiente vitae ex.,DS1,No registra,Familia,21,Sí,Sí,Chilena,$400.000 - $600.000,$2.000.000
CONV-11024,2025-11-23,Nostrum a repudiandae unde. Optio numquam voluptates sapiente molestias tempora.,5,juan.munoz.demo22964@gmail.com,"[""magni""]",Vero earum dignissimos nulla harum debitis aut.,Pendiente evaluación,60%,Otros,48,Sí,No,Chilena,Más de $1.200.000,$1.000.000
CONV-11025,2025-08-28,Pariatur tempora officiis maxime.,8,ernestina.leiva.demo15512@hotmail.com,"[""laborum""]",Animi sint modi corrupti autem commodi iure enim.,DS19,No registra,Familia,67,No,Sí,Chilena,$900.001 - $1.200.000,$1.000.000
CONV-11026,2024-10-11,Facere natus quo doloribus. Sunt reprehenderit minima autem minima.,3,alex.guerrero.demo38302@outlook.com,"[""magni"", ""dignissimos"", ""beatae""]",Natus debitis tempora itaque.,DS49,No registra,Familia,67,No,Sí,Colombiana,Más de $1.200.000,$500.000
CONV-11027,2024-12-09,Architecto saepe quas. Fuga ex animi.,22,alex.guerrero.demo38302@outlook.com,"[""fugit"", ""totam""]",Dignissimos cum laudantium quasi enim.,DS19,No registra,Cónyuge,62,No,No,Chilena,$900.001 - $1.200.000,$1.000.000
CONV-11028,2024-12-07,Molestias impedit rerum tempore. Reiciendis exercitationem quasi.,8,alex.guerrero.demo38302@outlook.com,"[""beatae""]",Libero velit facere veniam error rerum illo aperiam.,Pendiente evaluación,No registra,Solo,32,No,No,Chilena,$900.001 - $1.200.000,$2.000.000
CONV-11029,2025-10-29,Cum voluptates sequi nemo vel totam.,22,luz.cares.demo43590@outlook.com,"[""voluptates"", ""porro""]",At eos culpa nisi praesentium itaque totam.,DS1,80%,Familia,19,Sí,Sí,Venezolana,$900.001 - $1.200.000,Sin ahorro formal
CONV-11030,2025-02-21,Fugit aliquid adipisci porro.,24,luz.cares.demo43590@outlook.com,"[""quia"", ""pariatur"", ""praesentium""]",Corporis necessitatibus illum optio.,Pendiente evaluación,40%,Solo,20,Sí,No,Chilena,$600.001 - $900.000,$2.000.000
CONV-11031,2024-09-12,Facilis rem voluptatibus dolores sit incidunt excepturi.,15,julian.abarca.demo14685@yahoo.com,"[""tempore"", ""quos"", ""magni"", ""ratione""]",Atque blanditiis dolorum eos ea dolores autem.,Pendiente evaluación,80%,Cónyuge,41,No,Sí,Colombiana,$900.001 - $1.200.000,Sin ahorro formal
CONV-11032,2024-09-12,Provident culpa eligendi fugit saepe ipsum.,13,julian.abarca.demo14685@yahoo.com,"[""iste"", ""quibusdam""]",Consectetur autem esse.,DS19,60%,Cónyuge,55,No,No,Chilena,$400.000 - $600.000,$2.000.000
CONV-11033,2026-01-18,Dignissimos doloribus fugit debitis laborum.,8,maritza.marquez.demo49046@gmail.com,"[""non""]",Voluptate hic ratione ut fuga aspernatur quo.,DS1,80%,Otros,30,Sí,No,Chilena,Más de $1.200.000,$500.000
CONV-11034,2025-05-09,Magni odit assumenda reprehenderit dolorum modi rerum.,7,maritza.marquez.demo49046@gmail.com,"[""architecto"", ""voluptate"", ""est"", ""nostrum""]",Dolore eius eveniet soluta minima.,Ninguno,80%,Familia,51,No,No,Chilena,Más de $1.200.000,$1.000.000
CONV-11035,2026-04-12,Deserunt animi sapiente veniam.,5,melanie.munoz.demo51283@outlook.com,"[""laboriosam"", ""reiciendis""]",Nostrum illum eveniet perspiciatis omnis nisi nisi.,Ninguno,80%,Familia,66,Sí,No,Venezolana,$600.001 - $900.000,$500.000
CONV-11036,2025-10-03,Libero quo autem.,16,melanie.munoz.demo51283@outlook.com,"[""minima"", ""in"", ""esse"", ""unde""]",Maiores voluptatibus eveniet reprehenderit.,DS1,60%,Familia,18,Sí,No,Venezolana,$400.000 - $600.000,Sin ahorro formal
CONV-11037,2024-06-21,Commodi occaecati vel doloribus.,20,francesca.gonzalez.demo38115@outlook.com,"[""delectus""]",Minima asperiores consectetur vitae quisquam numquam.,DS1,40%,Cónyuge,43,No,No,Chilena,$600.001 - $900.000,$1.000.000
CONV-11038,2024-08-08,Velit recusandae sit iusto.,11,jorge.nunez.demo46249@yahoo.com,"[""illum""]",Laborum vero cupiditate.,Pendiente evaluación,60%,Otros,66,Sí,Sí,Venezolana,$600.001 - $900.000,$1.000.000
CONV-11039,2025-02-24,Fugit expedita totam molestias sint adipisci facilis. Dolore quasi accusamus.,22,franco.urrutia.demo32372@gmail.com,"[""aspernatur"", ""architecto"", ""eos""]",Consequuntur nobis dolorem eveniet modi veniam corporis omnis.,DS49,No registra,Otros,38,No,No,Chilena,$600.001 - $900.000,$1.000.000
CONV-11040,2024-07-15,Rem magnam ea architecto cumque quidem.,7,franco.urrutia.demo32372@gmail.com,"[""corporis"", ""provident"", ""ipsa""]",Provident quia reprehenderit perspiciatis maiores aliquid dolorem blanditiis.,DS49,40%,Cónyuge,57,No,Sí,Chilena,$400.000 - $600.000,$1.000.000
CONV-11041,2025-05-06,Iure eligendi sequi perspiciatis placeat quas cupiditate. Fuga atque debitis ex velit.,13,franco.urrutia.demo32372@gmail.com,"[""itaque""]",Doloribus temporibus labore quibusdam officia tenetur.,Pendiente evaluación,60%,Cónyuge,48,Sí,No,Chilena,$400.000 - $600.000,$1.000.000
CONV-11042,2026-05-27,Vero adipisci nesciunt doloribus sequi vero. Non dolorum corporis aspernatur.,5,julio.vera.demo677@hotmail.com,"[""quidem"", ""alias""]",Atque incidunt et rerum laudantium.,DS49,60%,Otros,57,Sí,No,Chilena,$900.001 - $1.200.000,$2.000.000
CONV-11043,2024-08-26,Deserunt nostrum minus minima corrupti. Fuga sunt ipsa repudiandae.,23,eduardo.cortes.demo30328@hotmail.com,"[""ex"", ""dolorum""]",Neque ea non dicta odit dolorum doloremque.,Pendiente evaluación,80%,Cónyuge,58,Sí,No,Chilena,$600.001 - $900.000,$2.000.000
CONV-11044,2024-06-15,Et neque excepturi esse.,9,eduardo.cortes.demo30328@hotmail.com,"[""ullam"", ""nisi"", ""dolorum""]",Soluta natus nesciunt dolores.,DS1,60%,Otros,28,Sí,Sí,Chilena,Más de $1.200.000,$2.000.000
CONV-11045,2024-09-21,Reprehenderit adipisci suscipit quasi.,10,sonia.maturana.demo41592@gmail.com,"[""cum"", ""rem"", ""illum""]",Distinctio laborum aliquid nulla.,DS19,60%,Otros,21,No,No,Chilena,$400.000 - $600.000,$500.000
CONV-11046,2025-05-09,Recusandae sequi reiciendis expedita. Dolor maxime sit porro recusandae.,24,javier.navarrete.demo8674@yahoo.com,"[""impedit"", ""placeat"", ""ea""]",Qui eaque cum laboriosam aliquid neque.,DS49,No registra,Familia,70,Sí,No,Chilena,$600.001 - $900.000,$500.000
CONV-11047,2025-02-04,Officia reprehenderit consequuntur eaque ex.,12,javier.navarrete.demo8674@yahoo.com,"[""animi"", ""reiciendis""]",Nostrum officiis natus blanditiis autem modi architecto.,DS49,40%,Solo,35,Sí,Sí,Chilena,$400.000 - $600.000,Sin ahorro formal
CONV-11048,2024-10-19,Sed quaerat unde.,4,samuel.gutierrez.demo4088@hotmail.com,"[""suscipit""]",Quia numquam impedit nisi fuga.,DS19,80%,Familia,51,Sí,Sí,Venezolana,$600.001 - $900.000,$500.000
CONV-11049,2025-05-12,Omnis odio ipsam officiis sunt harum.,10,samuel.gutierrez.demo4088@hotmail.com,"[""quo"", ""doloremque"", ""accusamus"", ""nobis""]",Dicta dolorum dicta exercitationem.,DS19,40%,Otros,25,Sí,No,Colombiana,$900.001 - $1.200.000,$2.000.000
CONV-11050,2025-05-18,Eaque officia dolorem. Illo enim quia beatae officia quisquam soluta.,21,miguel.diaz.demo28875@yahoo.com,"[""non"", ""itaque"", ""recusandae""]",Possimus odio dolorum cupiditate rerum.,DS49,No registra,Cónyuge,54,No,No,Chilena,Más de $1.200.000,Sin ahorro formal
CONV-11051,2025-08-15,Doloribus praesentium impedit officiis iure temporibus.,14,pedro.fernandez.demo27257@outlook.com,"[""ipsam""]",Voluptate natus quae fugiat.,DS19,No registra,Cónyuge,25,Sí,Sí,Chilena,$600.001 - $900.000,$2.000.000
CONV-11052,2026-02-28,Maxime qui nulla.,19,pedro.fernandez.demo27257@outlook.com,"[""consequuntur"", ""ea"", ""neque""]",Placeat itaque veritatis sunt sit autem molestias consequatur.,DS19,60%,Familia,54,Sí,Sí,Chilena,$900.001 - $1.200.000,Sin ahorro formal
CONV-11053,2024-12-25,Repellendus dolorum eos error quibusdam sunt.,4,gladys.bravo.demo49090@outlook.com,"[""tempora"", ""nesciunt"", ""optio"", ""voluptate""]",Culpa expedita eligendi doloribus nostrum error magni voluptas.,DS49,40%,Familia,18,Sí,Sí,Chilena,Más de $1.200.000,$500.000
CONV-11054,2025-08-25,Inventore sint sed consequuntur suscipit repellendus hic. Quasi porro amet.,18,dario.delgado.demo27868@outlook.com,"[""quos""]",Quasi facilis culpa adipisci ab eum.,DS19,80%,Cónyuge,31,Sí,Sí,Chilena,$600.001 - $900.000,$2.000.000
CONV-11055,2026-03-30,Sunt tenetur esse occaecati soluta. Minima praesentium neque saepe minima.,20,dario.delgado.demo27868@outlook.com,"[""veritatis""]",Autem eveniet blanditiis eius.,DS1,60%,Otros,18,No,Sí,Colombiana,$900.001 - $1.200.000,$1.000.000
CONV-11056,2024-06-04,Voluptatum sit enim nihil eos. Ad ipsam eum eligendi ab nisi.,9,dario.delgado.demo27868@outlook.com,"[""iusto"", ""aliquid"", ""iure"", ""quibusdam""]",Provident ipsum ullam voluptatibus iure quaerat quasi.,Ninguno,40%,Familia,35,No,No,Venezolana,$900.001 - $1.200.000,$1.000.000
CONV-11057,2024-07-06,Libero beatae praesentium distinctio.,9,roberto.carrasco.demo27561@outlook.com,"[""sequi"", ""reiciendis"", ""ipsum""]",Commodi alias impedit maxime possimus eveniet.,Pendiente evaluación,40%,Cónyuge,47,No,Sí,Chilena,$400.000 - $600.000,$500.000
CONV-11058,2025-10-04,Temporibus fuga ea ipsa impedit eveniet.,13,roberto.carrasco.demo27561@outlook.com,"[""dignissimos"", ""blanditiis"", ""excepturi""]",Est rem non quos commodi harum veniam.,DS1,No registra,Cónyuge,45,Sí,Sí,Chilena,$600.001 - $900.000,$500.000
CONV-11059,2026-03-25,Omnis recusandae sapiente nulla expedita aperiam.,13,daniel.valencia.demo42350@yahoo.com,"[""aspernatur"", ""labore"", ""nulla"", ""nesciunt""]",Reprehenderit ex atque odio enim.,Pendiente evaluación,80%,Cónyuge,67,Sí,No,Chilena,Más de $1.200.000,$1.000.000
CONV-11060,2025-09-05,Quam enim accusantium fuga maiores.,24,daniel.valencia.demo42350@yahoo.com,"[""magnam"", ""rem""]",Molestiae earum culpa.,DS49,80%,Solo,70,Sí,No,Chilena,$600.001 - $900.000,$500.000
CONV-11061,2025-04-30,Culpa expedita quod quis accusamus aspernatur dolores. Quas possimus ut omnis.,9,marjorie.ibarra.demo42673@gmail.com,"[""non""]",Quas aliquam exercitationem nobis eligendi vero corporis.,DS49,60%,Familia,21,Sí,Sí,Chilena,$600.001 - $900.000,Sin ahorro formal
CONV-11062,2024-06-07,Temporibus occaecati eius assumenda qui praesentium.,22,marjorie.ibarra.demo42673@gmail.com,"[""illum""]",Molestiae optio incidunt incidunt maiores beatae inventore.,Ninguno,40%,Cónyuge,24,No,Sí,Chilena,$600.001 - $900.000,Sin ahorro formal
CONV-11063,2025-11-11,Optio nisi aliquid odio molestiae maiores dolorem.,7,laura.zambrano.demo43706@hotmail.com,"[""dolore"", ""inventore""]",Excepturi perspiciatis doloribus asperiores labore minus quasi.,Ninguno,60%,Solo,23,Sí,No,Chilena,$900.001 - $1.200.000,$2.000.000
CONV-11064,2025-10-14,Tempora dicta ex illum corporis.,19,karla.lira.demo15880@hotmail.com,"[""quibusdam""]",Sit a eius nulla temporibus.,DS1,No registra,Familia,19,No,No,Venezolana,Más de $1.200.000,$1.000.000
CONV-11065,2025-06-16,Aperiam tempore harum eaque nam totam.,22,karla.lira.demo15880@hotmail.com,"[""veniam"", ""aperiam"", ""praesentium""]",Dicta repudiandae minus ut a.,DS19,No registra,Solo,43,Sí,No,Chilena,$600.001 - $900.000,$2.000.000
CONV-11066,2025-02-20,Officia nesciunt quasi veniam autem enim.,16,florencia.valenzuela.demo14170@gmail.com,"[""at"", ""quos"", ""quis"", ""rem""]",Doloremque excepturi debitis.,Ninguno,60%,Otros,64,No,No,Chilena,$400.000 - $600.000,$500.000
CONV-11067,2025-02-19,Quod sequi ex culpa.,20,florencia.valenzuela.demo14170@gmail.com,"[""accusamus""]",Ut voluptates ea magni voluptas quis neque aperiam.,DS19,40%,Otros,30,No,Sí,Colombiana,$400.000 - $600.000,$2.000.000
CONV-11068,2025-04-26,Alias provident mollitia tenetur. Non temporibus possimus. Ab quos laborum.,4,florencia.valenzuela.demo14170@gmail.com,"[""doloremque"", ""adipisci"", ""nisi"", ""nihil""]",Ut ex magnam fugiat.,Pendiente evaluación,40%,Otros,30,Sí,Sí,Chilena,$900.001 - $1.200.000,$500.000
CONV-11069,2024-10-18,Quidem omnis rerum quod aperiam distinctio maiores.,13,katherine.vivanco.demo40389@yahoo.com,"[""quisquam"", ""earum""]",Quidem nemo culpa reiciendis tempora.,Ninguno,40%,Familia,49,No,Sí,Chilena,$900.001 - $1.200.000,$2.000.000
CONV-11070,2026-04-18,Nobis quasi facilis omnis tenetur maiores vel. Consequuntur dolore officia officia quae.,7,oscar.gaete.demo4407@outlook.com,"[""asperiores"", ""maxime"", ""repudiandae""]",Cupiditate ad molestiae iure aut laboriosam.,DS19,60%,Otros,18,No,Sí,Chilena,$600.001 - $900.000,$500.000
CONV-11071,2024-08-07,Quo itaque ratione excepturi eligendi. Optio ullam aliquam asperiores.,12,emma.sepulveda.demo31898@outlook.com,"[""dolore"", ""mollitia""]",Eligendi similique tempora quam asperiores excepturi voluptatem.,DS19,60%,Otros,57,Sí,Sí,Chilena,$900.001 - $1.200.000,Sin ahorro formal
CONV-11072,2025-04-21,Amet nemo animi perferendis voluptas optio. Iusto harum totam ut id asperiores.,16,emma.sepulveda.demo31898@outlook.com,"[""soluta"", ""tenetur""]",Hic voluptate ratione mollitia soluta est molestias.,Ninguno,80%,Familia,29,No,No,Colombiana,$900.001 - $1.200.000,$2.000.000
CONV-11073,2025-01-07,Deserunt ipsa laboriosam quibusdam excepturi consequuntur.,19,maria.neira.demo21468@gmail.com,"[""repellendus"", ""maiores""]",Animi voluptatem odio alias consectetur minima.,Pendiente evaluación,No registra,Familia,50,No,Sí,Chilena,Más de $1.200.000,$2.000.000
CONV-11074,2025-04-23,Similique illum magnam est culpa maiores. Et voluptatum dolor porro delectus.,6,maria.neira.demo21468@gmail.com,"[""aut"", ""optio"", ""molestias"", ""quos""]",Molestias repudiandae natus soluta aut.,Pendiente evaluación,80%,Otros,48,No,No,Chilena,Más de $1.200.000,$500.000
CONV-11075,2025-07-24,Inventore aliquid modi ducimus. Expedita nisi quos repellat quam.,13,virginia.paredes.demo24988@yahoo.com,"[""voluptate""]",Corrupti omnis tempora recusandae quasi.,Ninguno,40%,Solo,19,No,Sí,Chilena,$900.001 - $1.200.000,$2.000.000
CONV-11076,2025-12-15,Autem sit repudiandae nisi amet. Inventore sed rerum.,7,maria.ulloa.demo44017@yahoo.com,"[""impedit"", ""deleniti"", ""ab""]",Eaque accusantium inventore omnis molestiae.,DS1,80%,Cónyuge,58,Sí,Sí,Chilena,Más de $1.200.000,$2.000.000
CONV-11077,2024-06-25,Officiis delectus nisi odio porro accusamus minima.,6,maria.ulloa.demo44017@yahoo.com,"[""rerum""]",Quo nihil iure quod asperiores quibusdam alias iusto.,DS1,60%,Otros,21,Sí,Sí,Chilena,$600.001 - $900.000,$1.000.000
CONV-11078,2024-11-30,Quae amet incidunt ipsam.,9,franchesca.contreras.demo12918@hotmail.com,"[""suscipit""]",Enim deserunt voluptate quis.,DS19,60%,Otros,46,No,No,Peruana,$600.001 - $900.000,Sin ahorro formal
CONV-11079,2024-10-05,Ducimus doloremque et nihil incidunt dolore praesentium.,18,franchesca.contreras.demo12918@hotmail.com,"[""tenetur"", ""doloribus"", ""est""]",Omnis dolor ipsam explicabo itaque nihil facilis.,Pendiente evaluación,60%,Familia,26,Sí,No,Chilena,Más de $1.200.000,Sin ahorro formal
CONV-11080,2024-10-01,Ut quibusdam eum voluptates ut repellat repellendus nobis.,21,ismael.duran.demo12558@gmail.com,"[""officiis"", ""maxime"", ""odit""]",Accusamus ipsa nesciunt quo.,DS1,40%,Cónyuge,53,No,No,Chilena,Más de $1.200.000,$2.000.000
CONV-11081,2024-07-21,Libero repudiandae cum quia soluta similique. Ut soluta perspiciatis ipsa quaerat.,13,ismael.duran.demo12558@gmail.com,"[""pariatur"", ""voluptatum"", ""natus""]",Totam deserunt magni nesciunt blanditiis quae.,DS1,40%,Familia,38,Sí,Sí,Chilena,Más de $1.200.000,$500.000
CONV-11082,2024-07-26,Odit tenetur soluta voluptate atque placeat ipsa. Ipsum quae ducimus quibusdam.,15,ismael.duran.demo12558@gmail.com,"[""dignissimos"", ""facere"", ""nesciunt""]",Qui ullam ullam vero.,Ninguno,No registra,Familia,25,Sí,Sí,Chilena,$400.000 - $600.000,$500.000
CONV-11083,2026-03-02,Minus quidem nihil optio quos error facilis.,3,antonio.perez.demo35707@yahoo.com,"[""repellat"", ""cumque""]",Occaecati expedita suscipit vero ad culpa natus.,DS19,80%,Solo,61,No,Sí,Chilena,$900.001 - $1.200.000,$500.000
CONV-11084,2025-04-23,Quia blanditiis deleniti amet. At praesentium dolore.,6,antonio.perez.demo35707@yahoo.com,"[""placeat"", ""quia""]",Similique quae non sunt dolores veritatis saepe.,Ninguno,40%,Cónyuge,26,No,Sí,Chilena,Más de $1.200.000,$500.000
CONV-11085,2025-11-30,Nostrum totam quidem reprehenderit atque saepe adipisci.,17,antonio.perez.demo35707@yahoo.com,"[""dolore"", ""consequatur""]",Aperiam adipisci veniam eos ducimus in.,Pendiente evaluación,40%,Familia,25,No,No,Chilena,$600.001 - $900.000,Sin ahorro formal
CONV-11086,2024-12-27,Facere occaecati officiis amet ab ex vitae.,12,vanessa.cortes.demo39601@hotmail.com,"[""laborum"", ""deserunt""]",Beatae aspernatur odit ducimus.,DS19,80%,Familia,42,No,No,Chilena,$900.001 - $1.200.000,$2.000.000
CONV-11087,2025-06-18,Libero aliquid odio aliquid pariatur quisquam.,20,vanessa.cortes.demo39601@hotmail.com,"[""velit"", ""fugit""]",Nisi optio aliquid.,DS19,60%,Familia,28,No,Sí,Chilena,$400.000 - $600.000,$1.000.000
CONV-11088,2024-11-04,Autem magnam accusantium fuga. Saepe maxime dignissimos.,15,eduardo.leiva.demo14180@yahoo.com,"[""reprehenderit"", ""ullam"", ""inventore""]",Earum molestiae quisquam nesciunt praesentium.,DS19,No registra,Otros,46,No,No,Venezolana,$900.001 - $1.200.000,$500.000
CONV-11089,2026-02-17,Numquam earum ex doloribus quibusdam possimus harum. Tempora sit laudantium dignissimos.,10,eduardo.leiva.demo14180@yahoo.com,"[""occaecati""]",Veniam beatae incidunt voluptatum temporibus eligendi tempora.,DS1,40%,Solo,67,Sí,No,Chilena,$900.001 - $1.200.000,Sin ahorro formal
CONV-11090,2024-09-03,Eligendi dolores voluptatem quam dolorem. Perspiciatis incidunt iusto illo.,20,eduardo.leiva.demo14180@yahoo.com,"[""debitis"", ""eius"", ""eveniet"", ""perspiciatis""]",Nemo eaque corporis voluptatibus incidunt expedita.,DS19,60%,Otros,19,Sí,No,Chilena,Más de $1.200.000,$2.000.000
CONV-11091,2026-01-14,Porro expedita beatae. Commodi ab culpa magni.,8,juan.caro.demo8262@yahoo.com,"[""architecto""]",Saepe saepe hic accusamus neque.,DS19,60%,Familia,20,No,Sí,Colombiana,$400.000 - $600.000,$1.000.000
CONV-11092,2024-08-30,Similique corporis at itaque dolorum.,12,felipe.rojas.demo18205@hotmail.com,"[""alias"", ""fuga"", ""ipsam"", ""fuga""]",Occaecati consequuntur quod veritatis.,DS49,60%,Familia,54,Sí,No,Chilena,$900.001 - $1.200.000,Sin ahorro formal
CONV-11093,2026-02-25,Modi delectus accusantium sit nesciunt laboriosam aliquid.,4,felipe.rojas.demo18205@hotmail.com,"[""delectus"", ""voluptas"", ""nihil""]",Corrupti aliquam porro accusamus assumenda aliquam.,DS19,60%,Otros,70,Sí,Sí,Venezolana,$600.001 - $900.000,$500.000
CONV-11094,2025-12-15,Rerum nostrum recusandae hic incidunt earum.,12,felipe.rojas.demo18205@hotmail.com,"[""dolor""]",Iusto recusandae necessitatibus aspernatur sequi iste.,Pendiente evaluación,80%,Familia,35,No,No,Chilena,Más de $1.200.000,$1.000.000
CONV-11095,2025-04-09,Quos est quasi hic aliquid. Commodi accusantium distinctio perspiciatis consequatur.,17,fabian.cruz.demo36145@gmail.com,"[""quae"", ""unde"", ""laudantium""]",In eveniet animi nisi.,DS1,No registra,Otros,25,No,No,Chilena,$400.000 - $600.000,$2.000.000
CONV-11096,2024-10-14,Necessitatibus deserunt accusamus. Explicabo temporibus nisi repudiandae facere repellat.,11,fabian.cruz.demo36145@gmail.com,"[""asperiores"", ""molestias"", ""vero""]",Fuga temporibus doloribus facere perspiciatis tempora sunt.,Ninguno,40%,Solo,40,Sí,Sí,Chilena,$600.001 - $900.000,Sin ahorro formal
CONV-11097,2024-11-10,Occaecati ipsam perspiciatis beatae. Magnam quidem tempora doloribus.,16,ivonne.barrios.demo5622@yahoo.com,"[""iure"", ""porro""]",Ducimus excepturi nulla reiciendis.,DS1,80%,Cónyuge,49,No,Sí,Venezolana,$900.001 - $1.200.000,$1.000.000
CONV-11098,2026-01-03,Alias unde hic ducimus quo voluptate doloribus quisquam.,13,ivonne.barrios.demo5622@yahoo.com,"[""necessitatibus"", ""deserunt"", ""quos"", ""reprehenderit""]",Eum exercitationem iusto eius maiores.,DS19,80%,Familia,44,Sí,Sí,Chilena,Más de $1.200.000,$2.000.000
CONV-11099,2025-04-29,Doloremque ea aut excepturi suscipit architecto a.,19,emiliano.valenzuela.demo24602@hotmail.com,"[""neque"", ""doloribus"", ""quisquam"", ""modi""]",Perspiciatis qui veniam sed.,Ninguno,80%,Familia,23,No,Sí,Chilena,$600.001 - $900.000,Sin ahorro formal
CONV-11100,2026-01-17,Ab ab cupiditate laborum ad nulla minima. Debitis eveniet architecto hic sint non.,24,emiliano.valenzuela.demo24602@hotmail.com,"[""rem"", ""molestiae"", ""eius""]",Ea ut voluptatibus quis dolore iusto cupiditate.,DS19,No registra,Solo,52,No,Sí,Chilena,$600.001 - $900.000,$2.000.000
CONV-11101,2024-07-08,Natus ea dolorum maxime optio.,18,emiliano.valenzuela.demo24602@hotmail.com,"[""cumque"", ""est"", ""dolore"", ""incidunt""]",Iste eum laudantium magnam accusantium aspernatur totam.,DS49,60%,Otros,40,Sí,Sí,Chilena,Más de $1.200.000,$500.000
CONV-11102,2024-07-17,Quaerat aperiam doloremque dolores.,25,luis.orellana.demo39017@outlook.com,"[""natus""]",Dolorum harum mollitia iste nesciunt.,Ninguno,No registra,Familia,58,No,Sí,Chilena,$900.001 - $1.200.000,$2.000.000
CONV-11103,2025-10-27,Eos quae amet ex recusandae.,13,luis.orellana.demo39017@outlook.com,"[""ea"", ""vel""]",Aut nisi pariatur eos dicta.,Ninguno,40%,Cónyuge,18,Sí,No,Chilena,Más de $1.200.000,$1.000.000
CONV-11104,2026-02-11,Nisi exercitationem quae repudiandae enim eum odio molestiae.,18,rose.gomez.demo19875@yahoo.com,"[""in""]",Veniam molestiae eum excepturi porro.,DS1,60%,Otros,55,Sí,Sí,Colombiana,Más de $1.200.000,$1.000.000
CONV-11105,2025-05-03,Mollitia dolore minus necessitatibus est.,14,fabian.vergara.demo51594@gmail.com,"[""consequuntur"", ""sunt"", ""voluptates"", ""corrupti""]",Voluptates ut quam quisquam similique.,Ninguno,80%,Solo,61,Sí,Sí,Chilena,$900.001 - $1.200.000,$500.000
CONV-11106,2025-11-27,Aut adipisci harum necessitatibus tempore eius nesciunt.,14,fabian.vergara.demo51594@gmail.com,"[""in"", ""sequi""]",Sapiente quisquam aut ipsam.,DS1,80%,Familia,28,Sí,No,Venezolana,$900.001 - $1.200.000,Sin ahorro formal
CONV-11107,2025-07-22,Doloribus doloribus nulla blanditiis. Maxime dignissimos officiis et sint suscipit.,20,fabian.vergara.demo51594@gmail.com,"[""non"", ""aperiam""]",Repellat provident soluta omnis odit fuga exercitationem.,DS1,80%,Cónyuge,26,Sí,Sí,Chilena,$400.000 - $600.000,$2.000.000
CONV-11108,2024-07-23,Animi tempora tempore.,9,jesus.gomez.demo44083@outlook.com,"[""odit""]",A dignissimos totam.,DS1,No registra,Familia,18,No,Sí,Chilena,$400.000 - $600.000,$1.000.000
CONV-11109,2024-08-12,Doloribus quam delectus quaerat cum quia.,13,jesus.gomez.demo44083@outlook.com,"[""ex"", ""aut"", ""sapiente"", ""ullam""]",Beatae repellendus aliquam hic eos tenetur.,DS19,80%,Otros,61,Sí,Sí,Chilena,$400.000 - $600.000,$2.000.000
CONV-11110,2025-08-05,Blanditiis minima quis.,15,jesus.gomez.demo44083@outlook.com,"[""reiciendis"", ""iste""]",Officia illum est.,Ninguno,40%,Otros,56,Sí,Sí,Chilena,Más de $1.200.000,$1.000.000
CONV-11111,2026-03-16,Ratione beatae architecto consectetur dolores accusantium.,10,delfina.burgos.demo28550@yahoo.com,"[""vel"", ""omnis"", ""soluta"", ""iusto""]",Quod aliquid aut magnam suscipit harum voluptatibus.,DS1,60%,Solo,32,Sí,Sí,Chilena,Más de $1.200.000,$500.000
CONV-11112,2024-08-21,At enim asperiores sed iusto reiciendis.,4,delfina.burgos.demo28550@yahoo.com,"[""veritatis"", ""mollitia"", ""temporibus"", ""repellendus""]",Magnam iure laboriosam ipsa facere.,Pendiente evaluación,No registra,Cónyuge,35,Sí,No,Chilena,Más de $1.200.000,$500.000
CONV-11113,2025-09-06,Sequi minus voluptatibus. Labore nam culpa alias vel.,4,juan.reyes.demo26087@yahoo.com,"[""ullam""]",Quam asperiores sit impedit.,DS1,60%,Otros,21,No,Sí,Chilena,$600.001 - $900.000,$500.000
CONV-11114,2024-06-23,Et harum ea eaque aliquam ipsam facere. Aspernatur illo ad aut praesentium rem corporis sunt.,5,juan.reyes.demo26087@yahoo.com,"[""odio""]",Animi amet deserunt delectus iusto a.,Pendiente evaluación,60%,Cónyuge,34,Sí,Sí,Venezolana,Más de $1.200.000,Sin ahorro formal
CONV-11115,2025-05-27,Animi ducimus atque saepe. Deserunt sequi neque placeat sequi assumenda.,13,pablo.san martin.demo8647@yahoo.com,"[""ducimus""]",Aperiam inventore ut temporibus est ipsam aliquam exercitationem.,DS49,60%,Solo,30,No,Sí,Chilena,$600.001 - $900.000,$500.000
CONV-11116,2026-04-11,Natus veritatis veritatis quasi saepe illum error.,11,pablo.san martin.demo8647@yahoo.com,"[""nihil""]",Ullam deserunt laboriosam minima.,Pendiente evaluación,No registra,Otros,47,Sí,No,Venezolana,Más de $1.200.000,$1.000.000
CONV-11117,2025-11-20,Officiis minima quaerat magni voluptatem earum maxime.,5,gonzalo.parra.demo32928@outlook.com,"[""illo"", ""in""]",Voluptates assumenda placeat delectus ad nulla delectus qui.,DS19,40%,Solo,21,No,Sí,Chilena,$900.001 - $1.200.000,$1.000.000
CONV-11118,2025-05-12,Atque quidem beatae dolor praesentium. Vero porro ex delectus harum quaerat.,6,nelly.huerta.demo7871@hotmail.com,"[""saepe"", ""ratione"", ""unde""]",Aliquid ab alias deleniti laboriosam.,Ninguno,60%,Otros,33,No,Sí,Chilena,Más de $1.200.000,Sin ahorro formal
CONV-11119,2025-02-04,Totam eveniet labore aperiam libero sit.,22,juan.guerrero.demo33257@yahoo.com,"[""est""]",Necessitatibus beatae facilis eos.,DS1,40%,Familia,49,No,No,Chilena,$600.001 - $900.000,$1.000.000
CONV-11120,2025-08-09,Provident culpa magnam excepturi vel neque commodi illo.,4,juan.guerrero.demo33257@yahoo.com,"[""voluptates""]",Non officiis vero assumenda.,DS1,60%,Otros,44,No,No,Chilena,$900.001 - $1.200.000,$500.000
CONV-11121,2025-04-30,Culpa earum at voluptatem. Voluptates sunt unde libero placeat in impedit.,11,juan.guerrero.demo33257@yahoo.com,"[""earum"", ""quaerat"", ""soluta"", ""quaerat""]",Nulla eligendi labore nihil deserunt dicta.,DS49,80%,Familia,46,No,Sí,Venezolana,$900.001 - $1.200.000,$2.000.000
CONV-11122,2026-02-15,Quo repellendus molestiae minima vero numquam officiis.,11,cynthia.roman.demo3114@outlook.com,"[""porro"", ""rem""]",Quasi quos quidem debitis magni perspiciatis quidem excepturi.,DS19,80%,Familia,64,No,Sí,Chilena,$900.001 - $1.200.000,$500.000
CONV-11123,2024-08-29,Laboriosam velit nulla quaerat provident molestias. Nam soluta mollitia perspiciatis.,10,cynthia.roman.demo3114@outlook.com,"[""enim"", ""architecto"", ""minima""]",Blanditiis doloribus corporis velit commodi recusandae.,Ninguno,40%,Familia,53,Sí,No,Chilena,$900.001 - $1.200.000,Sin ahorro formal
CONV-11124,2025-01-05,Eum voluptas quo unde beatae ratione soluta.,11,jose.fuentes.demo13782@hotmail.com,"[""incidunt"", ""officia""]",Occaecati soluta maiores aspernatur assumenda amet dolorum neque.,Ninguno,60%,Otros,67,Sí,Sí,Chilena,$400.000 - $600.000,$500.000
CONV-11125,2025-12-09,Rerum impedit debitis veritatis culpa sed ut.,12,jose.fuentes.demo13782@hotmail.com,"[""sint"", ""dolorum"", ""occaecati""]",Officia labore magnam fuga in in.,DS1,80%,Otros,38,No,No,Chilena,$400.000 - $600.000,$500.000
CONV-11126,2025-03-23,Assumenda ut culpa nobis. Eius asperiores porro fugit error perspiciatis dolorem natus.,16,pedro.seguel.demo16225@yahoo.com,"[""quibusdam"", ""dolore"", ""quas"", ""magnam""]",Sequi laudantium rem labore.,DS1,40%,Otros,20,Sí,Sí,Chilena,$600.001 - $900.000,$1.000.000
CONV-11127,2025-06-17,Laborum non nulla pariatur similique.,3,pedro.seguel.demo16225@yahoo.com,"[""dolorem"", ""dolorum"", ""ratione"", ""error""]",Assumenda sequi quod fugit.,DS19,40%,Cónyuge,36,No,Sí,Chilena,$900.001 - $1.200.000,Sin ahorro formal
CONV-11128,2025-09-06,Dolorum voluptas quam accusantium.,5,hector.orellana.demo5751@outlook.com,"[""eveniet"", ""praesentium"", ""voluptates"", ""sit""]",Suscipit accusantium officiis impedit dolores.,DS49,No registra,Familia,64,Sí,No,Chilena,$600.001 - $900.000,$1.000.000
CONV-11129,2025-11-18,Commodi nihil sequi dolore.,12,carlos.barrientos.demo46976@hotmail.com,"[""molestiae""]",Itaque corrupti nesciunt iste.,Ninguno,60%,Familia,53,No,Sí,Chilena,Más de $1.200.000,$1.000.000
CONV-11130,2026-05-17,Doloremque inventore autem ipsam.,25,carlos.barrientos.demo46976@hotmail.com,"[""numquam"", ""blanditiis"", ""asperiores"", ""quis""]",Nostrum similique corrupti fugiat unde.,DS49,80%,Otros,47,No,Sí,Chilena,Más de $1.200.000,$500.000
CONV-11131,2026-01-10,Illum nesciunt ab at numquam nemo vitae.,12,carlos.barrientos.demo46976@hotmail.com,"[""sequi"", ""velit""]",Aspernatur reprehenderit soluta voluptatum nostrum inventore earum.,DS1,60%,Solo,37,Sí,No,Chilena,$600.001 - $900.000,$1.000.000
CONV-11132,2025-09-26,Cum modi corrupti. Harum perspiciatis velit aperiam.,20,sofia.soto.demo50400@hotmail.com,"[""cumque""]",Repellendus dolorum neque.,Pendiente evaluación,40%,Otros,24,Sí,No,Chilena,Más de $1.200.000,$500.000
CONV-11133,2024-12-05,Sunt quod ratione sed eius id omnis. Ipsam id nihil unde quae quos.,21,sofia.soto.demo50400@hotmail.com,"[""dolorem""]",Maxime corrupti nostrum adipisci placeat.,DS1,40%,Otros,57,Sí,Sí,Chilena,$900.001 - $1.200.000,Sin ahorro formal
CONV-11134,2025-02-20,Quam hic eos possimus illum.,25,veronica.garay.demo13978@yahoo.com,"[""cumque"", ""nisi""]",Placeat voluptatum possimus laudantium ipsum.,DS19,40%,Otros,66,No,Sí,Chilena,Más de $1.200.000,$2.000.000
CONV-11135,2026-04-30,Officiis deserunt consequatur.,7,flor.pacheco.demo43840@hotmail.com,"[""hic"", ""repudiandae""]",Fuga natus asperiores voluptatem.,DS49,No registra,Otros,53,Sí,No,Chilena,$900.001 - $1.200.000,$500.000
CONV-11136,2025-05-25,Aut ratione rem eius velit tempore.,20,flor.pacheco.demo43840@hotmail.com,"[""nemo"", ""ducimus"", ""inventore""]",Modi perferendis distinctio nostrum provident quos.,Ninguno,60%,Cónyuge,60,Sí,No,Chilena,$400.000 - $600.000,$500.000
CONV-11137,2025-12-17,Eum delectus illum ad porro.,22,alondra.segovia.demo37932@hotmail.com,"[""placeat"", ""fugit"", ""quidem"", ""magni""]",Quae iusto laudantium assumenda.,DS49,80%,Familia,22,No,Sí,Chilena,$400.000 - $600.000,$2.000.000
CONV-11138,2024-08-09,Possimus eos id tenetur.,18,nicolas.villa.demo37176@outlook.com,"[""sapiente"", ""a""]",Dolore inventore id.,DS1,60%,Familia,58,No,No,Chilena,$900.001 - $1.200.000,Sin ahorro formal
CONV-11139,2025-05-29,Architecto eaque itaque sed repudiandae consequatur.,18,nicolas.villa.demo37176@outlook.com,"[""suscipit"", ""quas"", ""nostrum""]",Voluptatem voluptate maxime sint sapiente.,DS49,40%,Cónyuge,41,Sí,No,Chilena,$600.001 - $900.000,$2.000.000
CONV-11140,2026-05-29,Aperiam ea magnam eligendi.,12,nicolas.villa.demo37176@outlook.com,"[""expedita"", ""deserunt""]",Eaque magnam officiis quos itaque quas.,DS1,No registra,Solo,55,Sí,Sí,Chilena,$600.001 - $900.000,$500.000
CONV-11141,2025-07-25,Magni laborum quaerat possimus. Ea sunt fugit.,10,felipe.marambio.demo39507@outlook.com,"[""commodi"", ""dolores"", ""recusandae"", ""nesciunt""]",Aut ab hic aut est deserunt.,Ninguno,60%,Solo,66,Sí,Sí,Chilena,$400.000 - $600.000,$2.000.000
CONV-11142,2025-08-30,Pariatur itaque modi maiores.,25,felipe.marambio.demo39507@outlook.com,"[""incidunt"", ""suscipit""]",Odit molestias dicta esse temporibus tempora.,DS19,40%,Cónyuge,50,Sí,No,Chilena,Más de $1.200.000,$2.000.000
CONV-11143,2024-10-18,Officia hic molestias est rem a delectus.,4,renato.cuevas.demo49941@hotmail.com,"[""totam"", ""quam""]",Recusandae maiores velit molestias.,DS49,80%,Familia,67,Sí,Sí,Chilena,$600.001 - $900.000,Sin ahorro formal
CONV-11144,2025-12-14,Ipsa illo eos minima. Veritatis similique autem magnam aspernatur.,16,emilia.arellano.demo36299@outlook.com,"[""eius"", ""iusto"", ""tenetur"", ""velit""]",Laborum vitae facilis assumenda quia.,DS49,60%,Solo,30,No,No,Chilena,$600.001 - $900.000,Sin ahorro formal
CONV-11145,2024-08-16,Voluptas cumque odio vero.,12,emilia.arellano.demo36299@outlook.com,"[""commodi"", ""eveniet"", ""sed""]",Deserunt eaque enim velit.,DS1,80%,Familia,64,No,No,Chilena,$400.000 - $600.000,Sin ahorro formal
CONV-11146,2024-10-06,Nostrum nisi cumque. Officia sequi vitae iure odit laboriosam adipisci.,8,emilia.arellano.demo36299@outlook.com,"[""animi"", ""exercitationem""]",Autem excepturi consectetur praesentium.,DS49,60%,Cónyuge,52,Sí,No,Chilena,$400.000 - $600.000,$2.000.000
CONV-11147,2025-04-18,Omnis quibusdam nam atque.,4,constanza.aranda.demo14580@yahoo.com,"[""eum""]",Error quaerat voluptate asperiores.,DS49,60%,Otros,29,No,Sí,Chilena,$600.001 - $900.000,$1.000.000
CONV-11148,2024-10-20,Impedit quidem dolore temporibus.,5,constanza.aranda.demo14580@yahoo.com,"[""placeat"", ""dolore"", ""blanditiis"", ""nulla""]",Excepturi dolore porro laudantium quos laboriosam.,DS49,60%,Otros,69,Sí,Sí,Chilena,$400.000 - $600.000,Sin ahorro formal
CONV-11149,2024-12-14,Voluptatibus neque occaecati porro laborum asperiores eveniet itaque.,20,constanza.aranda.demo14580@yahoo.com,"[""incidunt"", ""rerum""]",Ad optio ea deserunt illo tenetur minima.,DS49,40%,Otros,35,No,No,Chilena,Más de $1.200.000,$2.000.000
CONV-11150,2025-09-19,Natus nesciunt illo quos dolores assumenda. Nihil illo modi at.,3,maria.carrasco.demo31188@outlook.com,"[""at"", ""facere"", ""quisquam"", ""quis""]",Dolor odit vitae fugiat quod provident aliquam.,DS19,No registra,Solo,26,Sí,No,Chilena,Más de $1.200.000,$2.000.000
CONV-11151,2025-06-04,Rerum eligendi voluptas alias provident fugit. Facere qui quibusdam aspernatur aspernatur.,10,maria.carrasco.demo31188@outlook.com,"[""porro"", ""at"", ""tempora""]",Delectus voluptates illum velit praesentium.,DS19,80%,Solo,29,Sí,No,Chilena,$900.001 - $1.200.000,$500.000
CONV-11152,2025-11-23,Facilis ea consectetur perspiciatis dolorum ipsam laborum. Quisquam nobis aspernatur.,9,abraham.araya.demo17914@hotmail.com,"[""culpa"", ""consectetur"", ""eum"", ""iste""]",Nostrum aperiam porro nihil.,Ninguno,40%,Familia,40,No,No,Chilena,$400.000 - $600.000,$1.000.000
CONV-11153,2024-11-23,Nihil dolorem quos dolores consequatur odit maxime vel.,9,gabriela.carmona.demo24693@gmail.com,"[""aut"", ""ipsum""]",Ullam velit eius optio.,DS49,60%,Cónyuge,30,No,Sí,Chilena,$900.001 - $1.200.000,$500.000
CONV-11154,2024-10-14,Distinctio soluta amet sed ipsum suscipit. Amet qui fugit quas eveniet.,8,gabriela.carmona.demo24693@gmail.com,"[""illo""]",Officia libero praesentium temporibus atque animi.,DS1,40%,Cónyuge,39,No,No,Chilena,Más de $1.200.000,$500.000
CONV-11155,2026-05-25,Harum quos ex architecto facilis quaerat in perspiciatis. Nulla nesciunt perspiciatis corporis.,21,pedro.avila.demo51505@outlook.com,"[""distinctio""]",Natus consequatur aliquam enim vel.,Pendiente evaluación,40%,Cónyuge,43,Sí,No,Colombiana,Más de $1.200.000,$500.000
CONV-11156,2024-09-24,Est repellat quod consectetur aliquid dignissimos.,19,pedro.avila.demo51505@outlook.com,"[""laboriosam""]",Aliquid debitis mollitia.,Pendiente evaluación,40%,Solo,39,Sí,Sí,Chilena,$900.001 - $1.200.000,$500.000
CONV-11157,2025-01-04,Tempora quod dolor laborum suscipit recusandae. Est nihil neque sequi delectus.,18,pedro.avila.demo51505@outlook.com,"[""deleniti"", ""eaque"", ""illum"", ""tempore""]",Natus illum illo est eveniet ab a.,DS49,60%,Cónyuge,26,Sí,Sí,Chilena,$400.000 - $600.000,$1.000.000
CONV-11158,2025-08-18,Mollitia quidem doloribus ut eaque nam.,11,aaron.miranda.demo45433@gmail.com,"[""nulla""]",Quos dicta quis quae debitis neque.,DS49,80%,Familia,44,No,No,Chilena,Más de $1.200.000,$2.000.000
CONV-11159,2024-08-29,Necessitatibus debitis voluptas sed. Fugit quod non dolorum repellat eveniet.,13,dolores.venegas.demo19812@gmail.com,"[""facilis"", ""quia""]",Doloremque odio suscipit iste sapiente aspernatur.,Pendiente evaluación,40%,Otros,53,No,Sí,Chilena,Más de $1.200.000,Sin ahorro formal
CONV-11160,2025-05-17,Natus ducimus rerum harum.,15,angela.perez.demo16904@yahoo.com,"[""nam"", ""inventore""]",Veritatis fugiat dolore maxime sit.,DS1,No registra,Familia,19,No,No,Chilena,$600.001 - $900.000,$500.000
CONV-11161,2025-12-31,Sapiente quam quibusdam eligendi inventore.,11,angela.perez.demo16904@yahoo.com,"[""rem"", ""quis"", ""molestias""]",Dolorem amet eaque.,Ninguno,80%,Solo,36,No,Sí,Chilena,$400.000 - $600.000,$500.000
CONV-11162,2026-04-30,Reiciendis aliquid assumenda asperiores.,7,angela.perez.demo16904@yahoo.com,"[""dolor""]",Aliquid alias voluptas dicta ipsam.,Ninguno,40%,Familia,31,Sí,Sí,Chilena,$900.001 - $1.200.000,Sin ahorro formal
CONV-11163,2024-06-14,Quasi quia at distinctio praesentium at reiciendis harum.,7,jonathan.munoz.demo15762@yahoo.com,"[""placeat"", ""debitis""]",Maiores velit ex iusto deleniti architecto.,DS1,80%,Familia,26,No,Sí,Chilena,$900.001 - $1.200.000,$1.000.000
CONV-11164,2024-08-05,Saepe nostrum ut voluptas. Iure excepturi temporibus nisi corrupti.,22,jonathan.munoz.demo15762@yahoo.com,"[""architecto"", ""hic""]",Ea quibusdam quisquam sapiente veritatis nostrum eum voluptas.,DS49,60%,Familia,19,Sí,No,Chilena,$600.001 - $900.000,$2.000.000
CONV-11165,2024-11-27,Voluptatibus sed at numquam dolores. Veniam totam minima.,12,jonathan.munoz.demo15762@yahoo.com,"[""ipsa"", ""dicta""]",Omnis ipsam at explicabo.,DS19,60%,Familia,50,Sí,Sí,Chilena,$400.000 - $600.000,$1.000.000
CONV-11166,2026-05-19,Modi alias consequuntur similique fugit architecto ipsum.,3,sofia.rojas.demo3908@outlook.com,"[""magni""]",Accusantium atque voluptatum eligendi ducimus similique.,DS49,40%,Otros,26,Sí,No,Chilena,$900.001 - $1.200.000,$2.000.000
CONV-11167,2024-06-10,Molestias harum veritatis ex illum laudantium sint sequi.,5,sofia.rojas.demo3908@outlook.com,"[""aliquid""]",Id doloremque nihil.,DS1,No registra,Cónyuge,21,Sí,Sí,Chilena,$400.000 - $600.000,$2.000.000
CONV-11168,2025-06-27,Incidunt culpa quaerat porro impedit.,14,sofia.rojas.demo3908@outlook.com,"[""culpa"", ""beatae"", ""veritatis"", ""quis""]",Distinctio hic quis a.,Ninguno,80%,Familia,43,Sí,No,Chilena,$600.001 - $900.000,$500.000
CONV-11169,2024-11-12,Provident placeat laborum consequatur adipisci saepe pariatur.,6,carla.barrientos.demo49672@hotmail.com,"[""ut"", ""eaque"", ""temporibus"", ""voluptatibus""]",Ipsa neque cumque numquam quidem nulla labore et.,Ninguno,40%,Otros,52,No,Sí,Venezolana,$400.000 - $600.000,$1.000.000
CONV-11170,2024-11-15,Doloremque vel consequuntur velit officia error.,7,carla.barrientos.demo49672@hotmail.com,"[""nostrum""]",Qui sit amet eos vero voluptas dicta.,DS1,No registra,Solo,56,Sí,Sí,Chilena,$600.001 - $900.000,$500.000
CONV-11171,2025-10-24,Aliquam unde quam dolores ipsa suscipit.,19,maria.valdes.demo4170@outlook.com,"[""veritatis"", ""possimus""]",Officia occaecati earum quidem sequi quibusdam.,DS19,40%,Otros,58,Sí,Sí,Venezolana,Más de $1.200.000,$1.000.000
CONV-11172,2026-03-11,Illum voluptate quod reiciendis similique.,8,maria.valdes.demo4170@outlook.com,"[""qui"", ""fuga""]",Veniam quae fugiat nam.,DS19,No registra,Cónyuge,34,No,No,Chilena,Más de $1.200.000,$2.000.000
CONV-11173,2025-04-01,Incidunt autem libero odit reprehenderit in ea.,3,miriam.lopez.demo32694@hotmail.com,"[""occaecati""]",Sunt repellendus quia aliquam.,DS49,No registra,Familia,52,Sí,Sí,Chilena,Más de $1.200.000,$1.000.000
CONV-11174,2025-01-25,Ut vel repellat dolore in consequatur aliquam.,7,miriam.lopez.demo32694@hotmail.com,"[""tenetur"", ""labore"", ""ut""]",Reiciendis aliquid ea odio.,Ninguno,60%,Familia,32,No,Sí,Chilena,$600.001 - $900.000,Sin ahorro formal
CONV-11175,2025-01-12,Ad saepe et quisquam repudiandae molestiae provident.,25,camila.salazar.demo22003@yahoo.com,"[""reprehenderit"", ""quibusdam"", ""numquam"", ""quos""]",Eveniet atque iure deleniti quia expedita.,Ninguno,60%,Cónyuge,32,No,No,Chilena,$900.001 - $1.200.000,$2.000.000
CONV-11176,2024-11-19,Vitae corporis eos ipsa nesciunt. Sapiente corrupti laudantium dolor.,17,camila.salazar.demo22003@yahoo.com,"[""maxime"", ""ratione""]",Ab reiciendis impedit placeat totam.,DS19,40%,Familia,41,No,No,Chilena,$900.001 - $1.200.000,$1.000.000
CONV-11177,2024-12-23,Architecto quam minus reprehenderit.,5,camila.salazar.demo22003@yahoo.com,"[""dolore"", ""alias"", ""fugit""]",Assumenda explicabo nobis facilis qui.,DS1,80%,Familia,19,No,No,Chilena,$900.001 - $1.200.000,$2.000.000
CONV-11178,2026-01-08,Aut eligendi ipsum est placeat soluta ducimus.,9,sebastian.guerrero.demo13614@outlook.com,"[""temporibus""]",Cupiditate possimus non.,DS49,80%,Familia,28,No,Sí,Chilena,Más de $1.200.000,$1.000.000
CONV-11179,2026-01-28,Enim vero exercitationem eius sint. Cum quos corporis dicta repellendus eaque dicta.,7,sebastian.guerrero.demo13614@outlook.com,"[""similique"", ""quis""]",Quis et quis.,DS49,80%,Solo,51,Sí,Sí,Chilena,Más de $1.200.000,$500.000
CONV-11180,2024-10-13,Veritatis quos hic rem magni amet.,22,sebastian.guerrero.demo13614@outlook.com,"[""adipisci""]",Molestiae tenetur voluptatem impedit suscipit repellendus.,Pendiente evaluación,60%,Cónyuge,30,No,No,Chilena,Más de $1.200.000,$2.000.000
CONV-11181,2026-04-17,Minus dignissimos distinctio tempora quos corrupti blanditiis.,17,susana.rojas.demo28337@outlook.com,"[""omnis"", ""deleniti"", ""perferendis""]",Vitae aspernatur ratione sapiente culpa autem magni.,DS1,60%,Familia,53,No,No,Chilena,$900.001 - $1.200.000,$500.000
CONV-11182,2025-06-25,Sint voluptate fugit maxime fuga ullam aliquam.,20,susana.rojas.demo28337@outlook.com,"[""explicabo"", ""quo""]",Porro repellat magni suscipit atque labore.,DS19,40%,Cónyuge,40,No,No,Chilena,$600.001 - $900.000,Sin ahorro formal
CONV-11183,2025-07-02,Minima amet eaque id. Aliquam recusandae asperiores enim fugiat.,9,susana.rojas.demo28337@outlook.com,"[""dignissimos"", ""velit"", ""occaecati"", ""commodi""]",Ipsa excepturi quis natus laborum.,DS1,40%,Familia,51,Sí,No,Chilena,Más de $1.200.000,$2.000.000
CONV-11184,2025-08-06,Similique facere sit ipsum tempore eligendi dolor.,18,nicol.torres.demo24110@outlook.com,"[""repellat"", ""odio""]",Fugit voluptate consequuntur necessitatibus accusantium corporis.,DS1,80%,Cónyuge,20,No,Sí,Chilena,$900.001 - $1.200.000,Sin ahorro formal
CONV-11185,2026-01-19,Impedit cum reiciendis ex iure. Voluptas perspiciatis sed magni.,3,nicol.torres.demo24110@outlook.com,"[""provident"", ""at""]",Autem temporibus nesciunt vero deleniti.,Pendiente evaluación,60%,Solo,69,Sí,Sí,Chilena,Más de $1.200.000,$1.000.000
CONV-11186,2024-06-12,Accusamus voluptatum rem facere veniam blanditiis eligendi commodi.,14,nicol.torres.demo24110@outlook.com,"[""beatae"", ""eligendi""]",Modi nobis unde ullam nobis vitae.,DS1,80%,Familia,43,Sí,No,Chilena,Más de $1.200.000,$1.000.000
CONV-11187,2025-07-02,Voluptatum consequatur voluptas sed. Sed neque asperiores alias ducimus esse.,9,barbara.contreras.demo17511@gmail.com,"[""eveniet"", ""doloribus"", ""numquam""]",Similique facere earum est.,Ninguno,80%,Familia,55,Sí,Sí,Chilena,$900.001 - $1.200.000,$2.000.000
CONV-11188,2024-09-30,Cumque tenetur repellat sint.,6,barbara.contreras.demo17511@gmail.com,"[""deserunt""]",Ad labore itaque deserunt odit.,DS1,40%,Familia,36,No,No,Chilena,$600.001 - $900.000,$2.000.000
CONV-11189,2026-05-16,Reiciendis sed laudantium non possimus.,22,barbara.contreras.demo17511@gmail.com,"[""inventore"", ""quos"", ""officia"", ""voluptatem""]",Natus corrupti dignissimos quod unde atque aut.,DS49,No registra,Otros,52,No,Sí,Chilena,$400.000 - $600.000,$2.000.000
CONV-11190,2025-06-10,Commodi alias neque.,14,enrique.munoz.demo49710@outlook.com,"[""non""]",Sed id beatae saepe aut.,DS49,No registra,Familia,61,No,Sí,Chilena,Más de $1.200.000,$2.000.000
CONV-11191,2024-07-15,Perferendis nam aspernatur temporibus deserunt.,23,perla.nunez.demo26997@yahoo.com,"[""aliquam""]",Rem ea tenetur cum voluptatem consequuntur.,Ninguno,60%,Familia,24,Sí,No,Chilena,$400.000 - $600.000,$2.000.000
CONV-11192,2024-10-14,Minima omnis cum eaque voluptas. Nostrum tenetur commodi porro accusantium dicta.,16,perla.nunez.demo26997@yahoo.com,"[""tenetur"", ""sed"", ""saepe"", ""asperiores""]",Tempore ipsam laborum ex velit aut.,DS49,80%,Otros,32,Sí,No,Chilena,$600.001 - $900.000,Sin ahorro formal
CONV-11193,2025-03-31,Blanditiis minus dolores modi ratione. Quam similique debitis cum vitae delectus.,20,scarlett.escobar.demo39996@yahoo.com,"[""quae"", ""tenetur"", ""mollitia""]",Dicta dolorem enim debitis culpa consequuntur.,Ninguno,60%,Cónyuge,21,No,Sí,Venezolana,$900.001 - $1.200.000,$1.000.000
CONV-11194,2024-07-08,Maiores facilis consectetur quis consectetur ex.,13,franco.leal.demo22096@hotmail.com,"[""illum"", ""saepe"", ""illum"", ""autem""]",Hic ea tenetur nesciunt maxime.,DS19,60%,Otros,61,Sí,Sí,Venezolana,$900.001 - $1.200.000,Sin ahorro formal
CONV-11195,2024-08-22,Cum excepturi perspiciatis unde. Nemo expedita illo enim.,3,franco.leal.demo22096@hotmail.com,"[""magnam"", ""quas"", ""reprehenderit""]",Numquam beatae natus quam.,Ninguno,80%,Cónyuge,21,Sí,No,Chilena,$600.001 - $900.000,$500.000
CONV-11196,2025-01-31,A ab fugit quia sapiente. Suscipit saepe laudantium qui.,19,nelly.urrutia.demo49618@hotmail.com,"[""repellat"", ""illo"", ""saepe"", ""aliquam""]",Suscipit debitis impedit reprehenderit sapiente.,DS1,40%,Otros,49,Sí,No,Chilena,$400.000 - $600.000,$500.000
CONV-11197,2024-06-15,Dolores soluta excepturi dolores eaque alias non similique.,11,nelly.urrutia.demo49618@hotmail.com,"[""veritatis"", ""in"", ""magni""]",Accusantium nemo nostrum velit ratione saepe ipsa.,DS49,60%,Otros,18,Sí,Sí,Chilena,$400.000 - $600.000,$500.000
CONV-11198,2024-08-05,Quos eveniet laborum odio reiciendis.,20,maria.villanueva.demo19824@outlook.com,"[""optio"", ""porro"", ""numquam"", ""eaque""]",Amet sunt voluptas quas mollitia inventore.,Pendiente evaluación,No registra,Solo,33,Sí,Sí,Chilena,Más de $1.200.000,$2.000.000
CONV-11199,2026-01-24,Pariatur id recusandae autem. Est vero alias. Minus adipisci suscipit.,5,maria.villanueva.demo19824@outlook.com,"[""doloribus"", ""animi"", ""velit""]",Incidunt nihil atque aliquid quaerat corrupti nihil.,DS49,40%,Familia,36,Sí,No,Chilena,$600.001 - $900.000,$1.000.000
CONV-11200,2024-08-13,Dolores optio laborum laborum in eum qui.,10,maria.villanueva.demo19824@outlook.com,"[""saepe""]",Recusandae doloribus perspiciatis repellat.,DS49,80%,Familia,27,Sí,No,Venezolana,$400.000 - $600.000,$1.000.000
CONV-11201,2025-05-28,Ipsa animi a dignissimos.,9,macarena.alvarez.demo31080@outlook.com,"[""adipisci""]",Illum eius quaerat nostrum.,Pendiente evaluación,40%,Otros,43,No,Sí,Chilena,$400.000 - $600.000,$2.000.000
CONV-11202,2024-12-27,Maiores expedita debitis natus molestiae. Sit officiis autem atque.,16,jonas.arevalo.demo42705@gmail.com,"[""veniam"", ""voluptatum"", ""fugiat""]",Vel hic delectus nesciunt veritatis.,DS49,80%,Otros,24,No,No,Chilena,$600.001 - $900.000,$500.000
CONV-11203,2024-09-23,Minus suscipit nihil unde sunt consectetur ipsa.,12,norma.rojas.demo14967@gmail.com,"[""magni"", ""ducimus"", ""ratione"", ""autem""]",Facilis deleniti accusamus nulla.,DS19,60%,Solo,45,No,Sí,Chilena,Más de $1.200.000,$500.000
CONV-11204,2025-08-21,Quisquam suscipit quibusdam veniam porro maxime hic.,23,amanda.santana.demo2572@outlook.com,"[""porro""]",Tenetur fuga esse iure.,DS1,40%,Familia,46,Sí,Sí,Chilena,$400.000 - $600.000,Sin ahorro formal
CONV-11205,2025-04-22,Et ut ducimus expedita.,16,amanda.santana.demo2572@outlook.com,"[""molestias""]",Debitis autem iste quo praesentium eligendi minima.,DS49,80%,Cónyuge,43,No,Sí,Chilena,Más de $1.200.000,$1.000.000
CONV-11206,2025-05-24,Vitae consequuntur praesentium quis nulla fugiat vero repellendus.,4,francisco.segura.demo12091@gmail.com,"[""eaque"", ""laudantium"", ""neque"", ""soluta""]",Error sint qui sed.,Pendiente evaluación,No registra,Otros,67,No,No,Chilena,$900.001 - $1.200.000,$500.000
CONV-11207,2025-12-18,Quae odio facilis. Recusandae deleniti natus est minima.,13,francisco.segura.demo12091@gmail.com,"[""sequi"", ""delectus"", ""vero""]",Sequi deleniti vitae quia sapiente perspiciatis excepturi.,DS19,60%,Otros,64,Sí,No,Chilena,$600.001 - $900.000,$500.000
CONV-11208,2025-06-02,Placeat eveniet tempora officiis dicta temporibus.,5,francisco.segura.demo12091@gmail.com,"[""illo"", ""sequi"", ""dolore"", ""rem""]",Numquam accusamus at aperiam.,Ninguno,40%,Cónyuge,45,Sí,No,Chilena,$600.001 - $900.000,$2.000.000
CONV-11209,2026-04-23,Consequatur eius et alias nulla.,15,juan.segovia.demo34464@outlook.com,"[""sequi"", ""fugit""]",Iure culpa veniam sequi rerum possimus ratione.,Ninguno,No registra,Cónyuge,52,No,No,Chilena,$600.001 - $900.000,$500.000
CONV-11210,2025-07-19,In porro asperiores magni suscipit. Dignissimos modi quo quibusdam.,24,juan.segovia.demo34464@outlook.com,"[""hic""]",Veniam quis ratione cum.,DS49,80%,Familia,58,No,No,Chilena,$900.001 - $1.200.000,$500.000
CONV-11211,2025-11-14,Maxime officia dolores porro nulla.,6,marta.canales.demo36972@hotmail.com,"[""repellat"", ""deleniti"", ""consectetur""]",Provident facilis veritatis.,Pendiente evaluación,60%,Solo,33,Sí,No,Chilena,$400.000 - $600.000,Sin ahorro formal
CONV-11212,2026-04-09,Libero repellat consequuntur nobis harum eveniet.,18,raul.bernal.demo49231@outlook.com,"[""maxime""]",Necessitatibus possimus laborum laudantium itaque ex vel.,DS1,60%,Solo,69,No,Sí,Venezolana,$400.000 - $600.000,$2.000.000
CONV-11213,2025-02-14,Ab eum magnam. Molestiae quo quo officiis vitae laboriosam. Officia aliquam quo amet.,18,raul.bernal.demo49231@outlook.com,"[""eum"", ""architecto""]",Deleniti occaecati facere suscipit facilis iusto laborum.,DS19,40%,Solo,34,No,No,Chilena,Más de $1.200.000,Sin ahorro formal
CONV-11214,2026-02-20,Tempora id voluptatum quibusdam repudiandae sed.,23,raul.bernal.demo49231@outlook.com,"[""quae""]",Veniam voluptas velit voluptate repudiandae.,DS19,60%,Otros,43,Sí,Sí,Chilena,Más de $1.200.000,$500.000
CONV-11215,2025-11-05,Inventore neque eligendi odit. Nobis eius neque debitis.,20,oscar.soto.demo30254@outlook.com,"[""quasi"", ""nihil"", ""aliquid""]",Quia necessitatibus molestiae repudiandae officia architecto quod.,Pendiente evaluación,40%,Otros,70,No,No,Chilena,Más de $1.200.000,$2.000.000
CONV-11216,2024-11-28,Nesciunt amet deleniti earum necessitatibus ullam non.,22,oscar.soto.demo30254@outlook.com,"[""qui""]",Quam necessitatibus recusandae a.,DS1,60%,Familia,21,Sí,Sí,Chilena,$600.001 - $900.000,$500.000
CONV-11217,2025-10-26,Ad corporis enim iusto similique nihil deserunt. Iure aut eveniet enim.,5,marcos.molina.demo19735@hotmail.com,"[""libero""]",Quod fugiat odio libero.,DS19,80%,Solo,41,No,Sí,Chilena,$600.001 - $900.000,$500.000
CONV-11218,2026-04-15,Maiores officia quae quo voluptatem quisquam.,9,marcos.molina.demo19735@hotmail.com,"[""iste""]",Quos nobis rem asperiores praesentium ea veritatis.,Pendiente evaluación,60%,Otros,31,No,No,Chilena,$400.000 - $600.000,$2.000.000
CONV-11219,2026-02-12,Qui fugiat tempore cumque unde minima officia.,10,marcos.molina.demo19735@hotmail.com,"[""quod"", ""eaque"", ""quidem""]",Nihil reprehenderit alias natus autem aspernatur.,DS19,60%,Familia,38,Sí,No,Chilena,$900.001 - $1.200.000,Sin ahorro formal
CONV-11220,2025-06-04,Suscipit deserunt dolores ut. Nisi aut omnis dolor eos consequuntur. Quo et itaque ducimus.,15,mauricio.guerrero.demo50953@hotmail.com,"[""perferendis"", ""quaerat""]",Qui excepturi optio assumenda ipsum soluta.,DS1,40%,Cónyuge,45,Sí,Sí,Chilena,$900.001 - $1.200.000,$1.000.000
CONV-11221,2024-10-10,Mollitia quos natus sunt. Dolorum nihil sint veritatis quidem deleniti.,9,mauricio.guerrero.demo50953@hotmail.com,"[""minus"", ""odio""]",Ea dolorem eius dolores maxime unde soluta ab.,Pendiente evaluación,60%,Otros,40,Sí,Sí,Chilena,$900.001 - $1.200.000,$500.000
CONV-11222,2025-09-12,Nobis dicta quia nisi porro praesentium dolorum.,17,mauricio.guerrero.demo50953@hotmail.com,"[""ipsum"", ""error"", ""aut"", ""quis""]",Fugit rerum hic voluptatibus.,Ninguno,80%,Solo,42,Sí,No,Chilena,Más de $1.200.000,$1.000.000
CONV-11223,2025-08-14,Soluta eveniet veritatis eaque ex. Harum dignissimos ipsa nesciunt totam sit enim.,11,christian.briones.demo14627@hotmail.com,"[""sunt"", ""quasi"", ""occaecati""]",Id ut nihil in asperiores.,Pendiente evaluación,60%,Cónyuge,27,No,Sí,Colombiana,$400.000 - $600.000,Sin ahorro formal
CONV-11224,2025-12-31,Fuga esse iure nam.,7,cristian.burgos.demo51839@outlook.com,"[""facere"", ""libero"", ""porro""]",Qui blanditiis facilis.,DS1,No registra,Otros,32,Sí,No,Chilena,$400.000 - $600.000,$500.000
CONV-11225,2024-10-17,Accusamus voluptates facere aliquid error.,16,cristian.burgos.demo51839@outlook.com,"[""reprehenderit""]",In hic consequuntur suscipit tenetur consequuntur et.,DS1,60%,Solo,67,Sí,Sí,Chilena,$900.001 - $1.200.000,$1.000.000
CONV-11226,2025-10-01,Libero ex illum esse sapiente saepe a dicta.,12,samuel.gajardo.demo40959@outlook.com,"[""hic""]",Impedit totam iste molestiae aspernatur culpa magni.,DS1,80%,Cónyuge,65,No,Sí,Chilena,$400.000 - $600.000,Sin ahorro formal
CONV-11227,2024-09-17,Doloribus id asperiores rem ad.,7,samuel.gajardo.demo40959@outlook.com,"[""blanditiis""]",Incidunt veniam eaque vel eligendi magnam occaecati amet.,Ninguno,40%,Solo,20,Sí,No,Peruana,$600.001 - $900.000,Sin ahorro formal
CONV-11228,2025-05-21,Non eveniet recusandae autem odio hic. Iusto nisi laboriosam et animi ex.,9,samuel.gajardo.demo40959@outlook.com,"[""distinctio"", ""rerum"", ""ipsum""]",Repudiandae adipisci voluptatibus.,DS19,40%,Otros,67,Sí,No,Chilena,Más de $1.200.000,$500.000
CONV-11229,2025-05-08,Nemo consequuntur sit autem dolorum error laborum quas. Illo nisi dolores.,20,edward.barahona.demo33812@hotmail.com,"[""autem"", ""odio"", ""eos""]",Reiciendis aut incidunt quisquam aut nihil sequi impedit.,DS49,40%,Cónyuge,58,No,No,Chilena,$400.000 - $600.000,$2.000.000
CONV-11230,2026-01-13,Animi necessitatibus vitae voluptates dignissimos quidem.,4,edward.barahona.demo33812@hotmail.com,"[""ratione"", ""aliquam"", ""sint"", ""sit""]",Explicabo sit reiciendis ullam.,DS19,80%,Solo,53,Sí,No,Chilena,Más de $1.200.000,$2.000.000
CONV-11231,2025-04-09,Sit corporis suscipit amet. Omnis iure ut sunt aperiam.,16,edward.barahona.demo33812@hotmail.com,"[""beatae""]",Quos ad ipsam nesciunt libero.,Ninguno,40%,Solo,26,No,No,Chilena,Más de $1.200.000,$500.000
CONV-11232,2025-05-20,Vel totam rem maxime. Maxime quaerat aliquid iure fuga autem.,22,carla.bobadilla.demo48413@hotmail.com,"[""totam""]",Sint repudiandae dolore praesentium.,DS1,40%,Otros,49,No,No,Chilena,Más de $1.200.000,Sin ahorro formal
CONV-11233,2025-09-12,Ratione molestiae repudiandae. Molestiae ducimus expedita.,10,carla.bobadilla.demo48413@hotmail.com,"[""incidunt""]",Unde beatae quibusdam quam excepturi illum.,Ninguno,No registra,Otros,70,No,Sí,Chilena,$900.001 - $1.200.000,Sin ahorro formal
CONV-11234,2025-12-10,Ducimus dolore fuga. Fugit ratione ullam. Delectus sunt illum maiores ipsum.,9,carla.bobadilla.demo48413@hotmail.com,"[""consectetur"", ""minima"", ""suscipit"", ""sit""]",Similique reiciendis non reprehenderit adipisci.,DS49,No registra,Solo,22,No,No,Chilena,$900.001 - $1.200.000,Sin ahorro formal
CONV-11235,2026-01-05,Pariatur dolore libero a. Molestiae aliquam esse nihil nemo. Aspernatur non rem est.,25,alan.zuniga.demo33464@gmail.com,"[""ad"", ""ad"", ""itaque"", ""incidunt""]",Suscipit quasi doloremque sit.,DS1,80%,Solo,46,No,Sí,Chilena,$600.001 - $900.000,$1.000.000
CONV-11236,2025-12-14,Quasi accusantium vero. Ipsum magni qui quasi.,18,alan.zuniga.demo33464@gmail.com,"[""veniam""]",Quis architecto qui consequuntur provident distinctio deserunt excepturi.,Pendiente evaluación,No registra,Cónyuge,27,No,Sí,Chilena,$900.001 - $1.200.000,$2.000.000
CONV-11237,2024-06-09,Inventore nulla maiores vitae totam quisquam debitis. Eius sint sit nesciunt.,4,vicente.vera.demo17212@yahoo.com,"[""doloribus"", ""suscipit"", ""maxime"", ""aspernatur""]",Iusto possimus eaque illo quibusdam consequatur.,DS1,No registra,Otros,31,Sí,Sí,Colombiana,Más de $1.200.000,$1.000.000
CONV-11238,2024-07-17,Veritatis commodi amet aliquam fuga voluptas eos.,20,doris.espinosa.demo12807@gmail.com,"[""accusamus"", ""amet"", ""vitae""]",Vero laborum quasi saepe possimus.,Pendiente evaluación,40%,Otros,27,No,Sí,Chilena,Más de $1.200.000,$1.000.000
CONV-11239,2025-08-08,Sit quae quaerat fugiat nihil expedita eligendi. Provident quos fuga voluptate.,21,ines.luna.demo41049@gmail.com,"[""ex"", ""perferendis""]",Praesentium qui totam officia.,DS1,40%,Solo,43,Sí,No,Venezolana,Más de $1.200.000,Sin ahorro formal
CONV-11240,2024-06-23,Temporibus cum dolor blanditiis commodi sit.,25,ines.luna.demo41049@gmail.com,"[""esse"", ""explicabo"", ""minus""]",Nulla iste amet voluptate doloremque suscipit.,Ninguno,40%,Solo,33,No,No,Chilena,Más de $1.200.000,$1.000.000
CONV-11241,2025-05-24,At sint placeat error nobis voluptatum.,13,luis.guerrero.demo28638@yahoo.com,"[""quia""]",Molestias tempore illo sequi placeat.,DS49,No registra,Cónyuge,60,Sí,Sí,Chilena,$600.001 - $900.000,$500.000
CONV-11242,2025-12-01,Sapiente dicta sint quasi dignissimos assumenda.,9,pablo.villanueva.demo12269@yahoo.com,"[""odit"", ""consectetur"", ""consequatur""]",Cum praesentium vero eum quaerat.,DS49,No registra,Cónyuge,56,No,No,Chilena,$600.001 - $900.000,$1.000.000
CONV-11243,2024-10-12,Minus earum officia aliquam nobis excepturi. Distinctio odio velit nemo earum accusantium.,22,macarena.lara.demo27764@yahoo.com,"[""iusto""]",Iste sed provident nesciunt nesciunt facere iusto laborum.,Ninguno,40%,Otros,26,No,No,Chilena,Más de $1.200.000,$1.000.000
CONV-11244,2025-09-11,Voluptates facere sapiente excepturi. Illo explicabo unde nobis.,19,macarena.lara.demo27764@yahoo.com,"[""aspernatur"", ""libero"", ""vel"", ""molestias""]",Itaque distinctio quae cumque eos eum.,Ninguno,80%,Solo,63,No,No,Venezolana,$600.001 - $900.000,$2.000.000
CONV-11245,2024-09-23,Minima accusantium eveniet mollitia similique. Sed repellat aut minus.,10,jaime.echeverria.demo19798@gmail.com,"[""repellat"", ""quae""]",Praesentium facilis tenetur suscipit.,Pendiente evaluación,40%,Cónyuge,55,No,Sí,Chilena,$400.000 - $600.000,$1.000.000
CONV-11246,2025-11-11,Consequatur velit et itaque quam aliquid.,24,jaime.echeverria.demo19798@gmail.com,"[""sunt"", ""ullam"", ""veniam""]",Impedit deleniti officiis perferendis esse natus.,Ninguno,80%,Otros,18,No,Sí,Chilena,$600.001 - $900.000,$2.000.000
CONV-11247,2025-08-22,Itaque rerum sequi. Voluptatibus modi consectetur excepturi distinctio deserunt.,16,jaime.echeverria.demo19798@gmail.com,"[""laborum"", ""quos""]",Eveniet aspernatur porro vitae dolorum odit sapiente totam.,Pendiente evaluación,No registra,Familia,44,No,Sí,Chilena,$600.001 - $900.000,Sin ahorro formal
CONV-11248,2025-12-13,Possimus iste laudantium similique perspiciatis.,3,marcela.marambio.demo11942@yahoo.com,"[""quisquam""]",Quibusdam officiis cumque repudiandae ipsam voluptates ex.,DS49,80%,Solo,25,No,Sí,Chilena,Más de $1.200.000,$500.000
CONV-11249,2025-04-04,Labore ab harum. Velit nam aspernatur cum. Corporis earum itaque.,6,marcela.marambio.demo11942@yahoo.com,"[""ipsam"", ""fuga"", ""ex"", ""autem""]",Id aliquam iure non possimus deleniti deserunt.,DS1,60%,Solo,40,No,Sí,Chilena,$400.000 - $600.000,$500.000
CONV-11250,2025-01-12,Hic sed accusamus minima.,13,marcela.marambio.demo11942@yahoo.com,"[""nobis"", ""molestiae""]",Eligendi quo vitae assumenda earum.,Pendiente evaluación,60%,Solo,51,No,No,Chilena,$400.000 - $600.000,$1.000.000
CONV-11251,2025-05-07,Impedit impedit dolores id eaque dicta exercitationem error.,11,mauricio.araya.demo50448@gmail.com,"[""ea"", ""nemo"", ""aliquam""]",At cumque nobis.,DS1,60%,Cónyuge,37,No,No,Venezolana,$900.001 - $1.200.000,$2.000.000
CONV-11252,2026-03-24,Eaque voluptates occaecati illum sint numquam distinctio.,14,gustavo.rodriguez.demo19334@gmail.com,"[""nesciunt"", ""autem"", ""nam"", ""consequatur""]",Id molestias nulla hic.,DS1,40%,Familia,22,Sí,No,Chilena,$600.001 - $900.000,$2.000.000
CONV-11253,2025-07-22,Adipisci recusandae dolore voluptatum magni.,3,daniel.retamal.demo35180@gmail.com,"[""aliquam""]",Quos asperiores nisi quae exercitationem quos atque.,DS1,60%,Solo,56,No,No,Peruana,Más de $1.200.000,$2.000.000
CONV-11254,2024-09-12,Necessitatibus in voluptas quos expedita sit quae.,7,daniel.retamal.demo35180@gmail.com,"[""accusantium"", ""quidem"", ""adipisci""]",Quos earum qui aliquam sapiente quibusdam quam.,Pendiente evaluación,No registra,Familia,53,No,Sí,Colombiana,$900.001 - $1.200.000,$1.000.000
CONV-11255,2025-04-02,Quia rem illum veritatis.,24,daniel.retamal.demo35180@gmail.com,"[""repellendus"", ""iusto""]",Voluptatibus ad eligendi pariatur veritatis fuga quod.,DS19,80%,Familia,69,Sí,No,Peruana,$600.001 - $900.000,$2.000.000
CONV-11256,2024-12-06,Aperiam incidunt culpa sapiente corrupti omnis. Necessitatibus eum officia quasi ipsa.,17,diego.contreras.demo7958@hotmail.com,"[""amet"", ""natus""]",Suscipit optio sint quia expedita repellendus.,DS49,40%,Familia,40,Sí,No,Chilena,$600.001 - $900.000,$1.000.000
CONV-11257,2025-10-23,Vero laborum alias.,21,diego.contreras.demo7958@hotmail.com,"[""odio"", ""voluptates""]",Mollitia quis assumenda consequatur adipisci in.,Pendiente evaluación,40%,Familia,23,Sí,No,Chilena,$400.000 - $600.000,$1.000.000
CONV-11258,2025-03-07,Repellat quos vero repellendus voluptatibus.,9,diego.contreras.demo7958@hotmail.com,"[""ducimus"", ""doloremque""]",Doloremque dolor error ipsum iste.,Ninguno,60%,Familia,18,No,No,Chilena,$400.000 - $600.000,$2.000.000
CONV-11259,2024-11-06,Eaque in tempore optio sapiente non.,18,paz.carrasco.demo34987@yahoo.com,"[""perspiciatis"", ""ratione"", ""voluptatum"", ""inventore""]",Animi vero natus nostrum officia deserunt.,DS19,80%,Familia,58,No,Sí,Chilena,$600.001 - $900.000,$2.000.000
CONV-11260,2025-07-10,Temporibus in commodi porro illo accusamus magni consequatur.,20,jose.vargas.demo12014@outlook.com,"[""voluptatum"", ""nemo""]",Saepe tempora tempore quibusdam placeat.,DS1,80%,Solo,42,No,No,Chilena,$900.001 - $1.200.000,$1.000.000
CONV-11261,2025-06-19,Praesentium dolores ut minima animi.,21,jose.vargas.demo12014@outlook.com,"[""alias"", ""saepe""]",Doloremque ut est nobis laboriosam libero in voluptas.,DS19,80%,Cónyuge,69,Sí,Sí,Chilena,$600.001 - $900.000,Sin ahorro formal
CONV-11262,2026-05-17,"Culpa dignissimos adipisci maiores placeat ad inventore nisi.
Veniam distinctio commodi eaque.",18,jose.vargas.demo12014@outlook.com,"[""eum"", ""beatae"", ""id"", ""quod""]",Distinctio eos quos illo voluptatem.,DS49,40%,Solo,59,No,No,Chilena,$600.001 - $900.000,$2.000.000
CONV-11263,2025-03-14,Consequuntur labore aspernatur incidunt at aliquid in.,20,jimena.contreras.demo20887@yahoo.com,"[""quia"", ""amet""]",Eveniet excepturi nostrum possimus quod consequatur.,DS49,60%,Cónyuge,44,No,No,Chilena,$900.001 - $1.200.000,$2.000.000
CONV-11264,2026-03-25,Esse tenetur enim doloribus praesentium doloremque voluptas.,4,yamilet.lazo.demo40027@gmail.com,"[""incidunt"", ""incidunt""]",Odit sunt ea dolores tenetur animi.,Pendiente evaluación,No registra,Otros,25,Sí,Sí,Chilena,$600.001 - $900.000,Sin ahorro formal
CONV-11265,2024-06-20,Ad necessitatibus reprehenderit quibusdam sit maiores.,18,bastian.sandoval.demo12634@outlook.com,"[""eaque"", ""perspiciatis""]",Eos magni impedit repellat praesentium magni occaecati numquam.,Pendiente evaluación,No registra,Cónyuge,68,No,Sí,Chilena,$400.000 - $600.000,Sin ahorro formal
CONV-11266,2024-07-24,Aliquid voluptatum asperiores assumenda.,24,bastian.sandoval.demo12634@outlook.com,"[""fugit"", ""saepe"", ""eveniet"", ""mollitia""]",Tenetur laboriosam incidunt deserunt sunt deserunt.,DS1,60%,Otros,32,No,No,Chilena,$600.001 - $900.000,Sin ahorro formal
CONV-11267,2024-10-07,Dolor sunt perferendis veritatis quasi nobis.,11,bastian.sandoval.demo12634@outlook.com,"[""pariatur"", ""atque"", ""quod""]",Quibusdam tempora magnam.,DS1,40%,Familia,26,No,Sí,Colombiana,$900.001 - $1.200.000,$1.000.000
CONV-11268,2026-03-17,Tempore tempora architecto sunt.,17,alicia.molina.demo1568@hotmail.com,"[""ut""]",Architecto mollitia non assumenda explicabo.,Pendiente evaluación,40%,Cónyuge,64,Sí,Sí,Chilena,$900.001 - $1.200.000,Sin ahorro formal
CONV-11269,2024-09-16,Nemo deleniti explicabo debitis. Ea debitis voluptates quasi voluptatem.,13,trinidad.arevalo.demo12935@gmail.com,"[""suscipit"", ""officia"", ""nostrum"", ""assumenda""]",Earum et provident enim molestiae.,DS1,40%,Solo,29,No,Sí,Chilena,Más de $1.200.000,$1.000.000
CONV-11270,2025-12-23,Laudantium ipsam molestiae ex commodi.,25,trinidad.arevalo.demo12935@gmail.com,"[""beatae"", ""perferendis"", ""quasi""]",Perferendis aspernatur architecto quo suscipit ad modi voluptas.,DS49,No registra,Familia,18,No,No,Chilena,$400.000 - $600.000,$1.000.000
CONV-11271,2025-10-27,Consequatur dolorum ratione quas et quo.,15,trinidad.arevalo.demo12935@gmail.com,"[""quasi"", ""molestiae"", ""totam"", ""officiis""]",Illo in error nihil.,DS1,60%,Otros,39,Sí,No,Chilena,$400.000 - $600.000,$2.000.000
CONV-11272,2025-01-03,Repudiandae a est repudiandae occaecati dolores.,5,jose.retamal.demo41278@outlook.com,"[""eum"", ""voluptatem""]",Consequatur quod non accusantium.,Ninguno,No registra,Familia,42,No,Sí,Chilena,$400.000 - $600.000,$1.000.000
CONV-11273,2025-02-05,Explicabo natus maiores sequi sequi labore vitae iure.,12,tulio.robles.demo9692@gmail.com,"[""placeat""]",Veritatis harum animi aspernatur.,DS1,No registra,Familia,58,Sí,Sí,Chilena,$900.001 - $1.200.000,Sin ahorro formal
CONV-11274,2025-09-10,Vero quia adipisci harum optio.,5,tulio.robles.demo9692@gmail.com,"[""alias"", ""doloremque"", ""ipsum"", ""quae""]",Commodi repudiandae voluptatem.,DS49,No registra,Solo,31,Sí,No,Chilena,Más de $1.200.000,$500.000
CONV-11275,2025-09-26,Atque illo optio aut. Omnis ullam culpa accusantium.,20,zulema.zuniga.demo6843@outlook.com,"[""amet"", ""voluptatem"", ""aliquam""]",Doloribus corrupti excepturi.,DS49,60%,Familia,68,No,No,Chilena,Más de $1.200.000,$1.000.000
CONV-11276,2026-01-31,Dignissimos sint voluptate facilis.,5,zulema.zuniga.demo6843@outlook.com,"[""quas"", ""at""]",Nobis magnam facilis maiores quas exercitationem voluptatibus.,DS19,No registra,Cónyuge,53,Sí,No,Chilena,$400.000 - $600.000,$1.000.000
CONV-11277,2026-04-30,Perferendis possimus soluta cupiditate delectus.,24,cristian.medina.demo42131@outlook.com,"[""aliquam"", ""magnam"", ""rerum"", ""quidem""]",Nulla eos id quam impedit rem.,Pendiente evaluación,80%,Cónyuge,43,No,Sí,Chilena,$900.001 - $1.200.000,$1.000.000
CONV-11278,2026-03-14,Ab atque natus. Commodi neque similique maiores.,16,cristian.medina.demo42131@outlook.com,"[""provident"", ""reiciendis"", ""a"", ""a""]",Asperiores ratione sapiente assumenda.,DS49,80%,Cónyuge,46,Sí,No,Chilena,$900.001 - $1.200.000,Sin ahorro formal
CONV-11279,2026-02-15,Facilis fuga pariatur cupiditate magni quam. Quos quaerat laborum officia voluptatibus.,3,cristian.medina.demo42131@outlook.com,"[""sit""]",Quod voluptates consequuntur illum necessitatibus ea quidem.,DS1,No registra,Cónyuge,45,Sí,No,Chilena,$400.000 - $600.000,$2.000.000
CONV-11280,2026-05-03,Totam dolores ea sint consectetur. Sit voluptatem debitis delectus iusto saepe.,17,marisol.ramos.demo6642@yahoo.com,"[""animi""]",Ducimus nobis tempora minus consectetur soluta eligendi.,Ninguno,40%,Familia,65,Sí,Sí,Chilena,$400.000 - $600.000,$1.000.000
CONV-11281,2025-04-27,Maxime ad explicabo ex nihil distinctio accusamus.,25,marisol.ramos.demo6642@yahoo.com,"[""voluptas"", ""inventore""]",Dolorem voluptatibus est quia autem.,DS19,80%,Solo,51,Sí,Sí,Chilena,Más de $1.200.000,$1.000.000
CONV-11282,2024-12-16,Cumque nulla ipsam maiores explicabo sapiente possimus.,25,victor.sandoval.demo21786@gmail.com,"[""ea"", ""nemo"", ""eaque""]",Ipsam itaque neque assumenda.,DS1,No registra,Familia,67,Sí,No,Chilena,$600.001 - $900.000,$500.000
CONV-11283,2024-10-20,Cum nesciunt totam esse repellat illo.,11,maria.figueroa.demo7980@hotmail.com,"[""modi""]",Voluptatibus incidunt dolore itaque modi animi itaque.,DS1,60%,Cónyuge,63,Sí,Sí,Chilena,$400.000 - $600.000,$2.000.000
CONV-11284,2025-07-01,Veniam facere delectus vero quidem.,16,ivan.villegas.demo2528@yahoo.com,"[""quisquam"", ""optio"", ""excepturi""]",Pariatur quod omnis consequuntur nam deserunt.,Ninguno,40%,Familia,42,No,No,Chilena,$900.001 - $1.200.000,$2.000.000
CONV-11285,2025-07-05,Ullam quos alias exercitationem suscipit aspernatur.,19,ivan.villegas.demo2528@yahoo.com,"[""reiciendis""]",Deleniti a accusantium nulla dolores nisi quam.,Ninguno,60%,Otros,61,Sí,No,Chilena,$900.001 - $1.200.000,$1.000.000
CONV-11286,2025-05-15,Amet natus dolores alias possimus inventore. Nisi saepe possimus enim laudantium aut error.,7,ivan.villegas.demo2528@yahoo.com,"[""quibusdam""]",Sapiente sequi perferendis.,DS49,80%,Cónyuge,24,Sí,No,Chilena,$600.001 - $900.000,Sin ahorro formal
CONV-11287,2026-03-28,Facilis maxime perferendis ullam.,12,francisca.arellano.demo31213@gmail.com,"[""doloribus"", ""sapiente""]",Dolorem tempore ab molestiae reprehenderit enim possimus.,Ninguno,60%,Otros,65,No,No,Chilena,$400.000 - $600.000,Sin ahorro formal
CONV-11288,2026-02-22,Nemo architecto voluptates voluptate.,8,francisca.arellano.demo31213@gmail.com,"[""ratione""]",Itaque aspernatur sint soluta quia corporis possimus.,DS49,60%,Otros,33,Sí,Sí,Chilena,$600.001 - $900.000,$1.000.000
CONV-11289,2025-01-20,Nemo vitae incidunt quod doloribus voluptatum laboriosam. Cum hic est.,14,francisca.arellano.demo31213@gmail.com,"[""minima""]",Magnam occaecati maiores debitis esse.,Pendiente evaluación,60%,Otros,57,Sí,Sí,Chilena,$900.001 - $1.200.000,$2.000.000
CONV-11290,2024-12-08,Error ullam quas nihil sint. Eius odit quo fugiat cum praesentium sunt.,4,hector.fuentes.demo18452@gmail.com,"[""ea"", ""quasi""]",Delectus ex animi.,DS1,80%,Solo,35,Sí,Sí,Chilena,$900.001 - $1.200.000,$500.000
CONV-11291,2025-08-27,Ullam illum dolores expedita accusamus. Error non dolor autem voluptates sed.,19,hector.fuentes.demo18452@gmail.com,"[""occaecati"", ""nisi"", ""esse""]",Officiis commodi occaecati sunt sed doloribus.,DS1,No registra,Solo,18,No,No,Peruana,Más de $1.200.000,Sin ahorro formal
CONV-11292,2025-06-26,Hic corrupti voluptatem commodi voluptate magni.,24,maite.vilches.demo48402@gmail.com,"[""ad"", ""officia"", ""voluptates""]",Reiciendis ipsam repellendus quisquam.,Pendiente evaluación,80%,Solo,62,No,Sí,Chilena,Más de $1.200.000,Sin ahorro formal
CONV-11293,2025-02-27,Impedit doloremque tenetur. Ea sit officiis praesentium quia dolorum dolor.,8,maite.vilches.demo48402@gmail.com,"[""excepturi"", ""voluptatum""]",Reiciendis praesentium harum in illo mollitia exercitationem.,DS1,80%,Otros,68,No,No,Colombiana,Más de $1.200.000,Sin ahorro formal
CONV-11294,2024-12-30,Perspiciatis inventore eaque doloremque culpa a.,4,katherine.montenegro.demo45100@yahoo.com,"[""iure"", ""aliquam"", ""omnis"", ""et""]",In doloremque deleniti.,DS1,40%,Otros,40,Sí,Sí,Chilena,$900.001 - $1.200.000,$1.000.000
CONV-11295,2024-09-15,Accusantium possimus doloremque. Voluptatem dolores corrupti error.,22,katherine.montenegro.demo45100@yahoo.com,"[""sequi""]",Delectus ducimus distinctio.,DS49,60%,Otros,21,Sí,No,Venezolana,$900.001 - $1.200.000,Sin ahorro formal
CONV-11296,2026-02-11,Eius magni suscipit voluptatibus facere pariatur cupiditate.,23,katherine.montenegro.demo45100@yahoo.com,"[""impedit"", ""fugiat"", ""tenetur""]",Iusto eius excepturi sequi fugiat.,DS19,60%,Cónyuge,49,Sí,Sí,Colombiana,$900.001 - $1.200.000,$1.000.000
CONV-11297,2026-03-30,Magni temporibus optio accusantium non. Odio cum quasi sint commodi ea vitae.,23,patricia.santander.demo11575@outlook.com,"[""debitis"", ""aut"", ""odio""]",Neque corporis beatae aliquam.,Pendiente evaluación,80%,Solo,39,No,No,Chilena,Más de $1.200.000,$500.000
CONV-11298,2024-10-15,Incidunt atque accusamus tempore incidunt perspiciatis.,19,maria.nunez.demo32966@gmail.com,"[""nesciunt"", ""harum"", ""consectetur""]",Maxime quaerat quaerat.,Pendiente evaluación,80%,Otros,65,No,Sí,Chilena,Más de $1.200.000,$500.000
CONV-11299,2025-06-09,Quam harum aspernatur ipsam saepe architecto labore.,16,maria.nunez.demo32966@gmail.com,"[""totam"", ""totam"", ""non""]",Nihil perferendis inventore suscipit repellat.,DS1,60%,Solo,50,Sí,Sí,Chilena,$900.001 - $1.200.000,$1.000.000
CONV-11300,2025-05-16,Saepe reprehenderit magni inventore laborum ab.,6,luis.solis.demo38124@yahoo.com,"[""aspernatur"", ""ducimus""]",Quos voluptas a distinctio reiciendis ex.,Pendiente evaluación,40%,Solo,64,No,Sí,Chilena,$600.001 - $900.000,$2.000.000
CONV-11301,2025-12-16,Ex aliquid esse. Tempore quod rem dolore est.,10,abigail.parra.demo11636@hotmail.com,"[""ipsa"", ""sapiente"", ""esse"", ""odit""]",Optio sequi officiis tempora quam mollitia alias.,Ninguno,80%,Cónyuge,60,Sí,Sí,Venezolana,Más de $1.200.000,$500.000
CONV-11302,2025-08-04,Culpa vel corporis.,10,abigail.parra.demo11636@hotmail.com,"[""alias""]",Tenetur ducimus aspernatur neque totam fugiat.,Ninguno,No registra,Otros,27,No,No,Chilena,$900.001 - $1.200.000,Sin ahorro formal
CONV-11303,2025-05-29,Reiciendis harum labore fugiat.,19,oliver.tapia.demo15805@gmail.com,"[""explicabo"", ""cupiditate""]",Neque mollitia officiis aperiam quam officiis placeat.,DS1,40%,Cónyuge,18,No,No,Chilena,$600.001 - $900.000,$500.000
CONV-11304,2026-03-25,Qui molestiae cum voluptatum facilis excepturi magni.,18,oliver.tapia.demo15805@gmail.com,"[""quibusdam"", ""ab"", ""est"", ""eligendi""]",Saepe quos pariatur autem maiores accusamus.,DS1,40%,Familia,37,Sí,Sí,Chilena,Más de $1.200.000,$2.000.000
CONV-11305,2025-11-07,Ad temporibus nostrum. Eligendi veritatis sed suscipit. Ratione ab odio porro saepe.,7,claudia.machuca.demo45089@outlook.com,"[""vitae"", ""quo"", ""libero"", ""quae""]",Itaque modi iusto explicabo laborum consectetur nulla.,Ninguno,No registra,Otros,53,No,No,Chilena,$600.001 - $900.000,Sin ahorro formal
CONV-11306,2024-11-18,Voluptatibus vero consequuntur. Et ratione a hic sit. Aspernatur aliquam dolorem ab unde ab.,10,claudia.machuca.demo45089@outlook.com,"[""fugiat"", ""quam"", ""beatae""]",Similique earum occaecati.,Pendiente evaluación,80%,Otros,35,Sí,Sí,Chilena,$600.001 - $900.000,Sin ahorro formal
CONV-11307,2025-10-02,Animi placeat ex reprehenderit eveniet quas enim.,24,eduardo.bastias.demo35379@yahoo.com,"[""itaque"", ""maxime""]",Corrupti quos doloribus consequatur.,Ninguno,60%,Otros,47,Sí,Sí,Chilena,$600.001 - $900.000,Sin ahorro formal
CONV-11308,2025-07-04,Vero repudiandae rerum laborum ullam numquam.,12,eduardo.bastias.demo35379@yahoo.com,"[""quisquam"", ""odit""]",Ut similique magni.,Ninguno,60%,Familia,53,No,Sí,Chilena,$600.001 - $900.000,$500.000
CONV-11309,2025-03-23,Sed perferendis aliquid accusantium unde nostrum.,21,delfina.carvajal.demo28243@hotmail.com,"[""fugit"", ""quo""]",Tempore temporibus ab veniam labore omnis quia.,DS49,40%,Cónyuge,32,Sí,No,Chilena,$900.001 - $1.200.000,$500.000
CONV-11310,2026-05-03,Ut distinctio fugiat atque dolore. Quaerat quod quaerat quo voluptates maiores.,25,delfina.carvajal.demo28243@hotmail.com,"[""veritatis""]",Earum quae dolorum harum architecto reprehenderit quis.,Ninguno,No registra,Otros,20,Sí,No,Colombiana,$900.001 - $1.200.000,Sin ahorro formal
CONV-11311,2025-04-05,Tempora cupiditate ut eaque eos rerum recusandae.,10,vicente.carrasco.demo39045@gmail.com,"[""quae"", ""placeat"", ""inventore""]",Nihil hic doloremque incidunt.,DS1,80%,Solo,23,Sí,Sí,Chilena,Más de $1.200.000,Sin ahorro formal
CONV-11312,2026-03-08,Expedita totam recusandae. Nisi provident ipsum provident.,13,vicente.carrasco.demo39045@gmail.com,"[""distinctio""]",Hic veniam non dolorem assumenda illum.,DS19,No registra,Solo,51,No,Sí,Chilena,$400.000 - $600.000,Sin ahorro formal
CONV-11313,2024-07-13,Est beatae nihil commodi inventore quam ut. Id commodi animi.,6,vicente.carrasco.demo39045@gmail.com,"[""eum"", ""iure"", ""sequi"", ""in""]",Corrupti magnam pariatur quos atque occaecati.,DS19,60%,Otros,22,Sí,No,Chilena,$900.001 - $1.200.000,$1.000.000
CONV-11314,2026-03-01,Vitae cum assumenda doloremque tempora id ut laborum.,4,juan.romero.demo4123@outlook.com,"[""tempore"", ""illum"", ""quo"", ""quam""]",Nulla sint dolor harum.,Pendiente evaluación,80%,Otros,23,No,No,Chilena,$900.001 - $1.200.000,Sin ahorro formal
CONV-11315,2025-11-05,Ab natus ullam non fuga. Dolorum officiis in dolorem cum nam perspiciatis.,9,juan.romero.demo4123@outlook.com,"[""assumenda""]",Officia est sunt quia dolor quam.,Ninguno,80%,Familia,34,Sí,No,Chilena,$600.001 - $900.000,Sin ahorro formal
CONV-11316,2025-05-17,Perspiciatis aliquid dolorem. Labore nihil minima eveniet odio enim.,19,maribel.cruz.demo13488@outlook.com,"[""iste"", ""blanditiis"", ""sed"", ""dolores""]",Facilis id nobis a recusandae ut.,DS1,60%,Cónyuge,31,Sí,Sí,Chilena,Más de $1.200.000,$1.000.000
CONV-11317,2025-02-20,Aliquid dicta labore quia.,3,maribel.munoz.demo19230@outlook.com,"[""est"", ""nobis"", ""optio"", ""laudantium""]",Quia eum ullam sequi.,Pendiente evaluación,60%,Otros,31,Sí,No,Chilena,Más de $1.200.000,$2.000.000
CONV-11318,2025-08-30,Iste impedit numquam porro vero totam accusantium.,24,maribel.munoz.demo19230@outlook.com,"[""illo"", ""totam"", ""veritatis"", ""temporibus""]",Quis delectus accusantium magnam.,DS1,60%,Familia,33,No,No,Chilena,$600.001 - $900.000,Sin ahorro formal
CONV-11319,2025-12-24,Nihil tempore vel quo optio.,25,maribel.munoz.demo19230@outlook.com,"[""libero"", ""tempore""]",Praesentium corporis dolore repellat.,Ninguno,40%,Otros,48,No,No,Chilena,Más de $1.200.000,$500.000
CONV-11320,2025-03-02,Nesciunt odit labore ipsa corporis corporis eum.,8,maria.cruz.demo39068@gmail.com,"[""officia"", ""quis"", ""repudiandae"", ""aliquid""]",Reprehenderit aspernatur culpa numquam est.,DS49,60%,Cónyuge,21,Sí,Sí,Venezolana,Más de $1.200.000,$2.000.000
CONV-11321,2026-01-16,Provident exercitationem eius adipisci.,16,maria.cruz.demo39068@gmail.com,"[""ducimus"", ""nam""]",Tenetur debitis vero id.,Ninguno,40%,Solo,22,No,Sí,Chilena,Más de $1.200.000,Sin ahorro formal
CONV-11322,2024-08-12,Tempora consequuntur vero architecto asperiores accusantium quia.,3,maria.cruz.demo39068@gmail.com,"[""animi"", ""eum"", ""praesentium""]",Neque minus vero nihil.,DS19,40%,Cónyuge,55,No,No,Peruana,$400.000 - $600.000,$1.000.000
CONV-11323,2025-05-16,Tempora deleniti numquam explicabo.,11,carolina.salazar.demo40545@yahoo.com,"[""iste"", ""vitae""]",Quod sed quaerat.,DS19,No registra,Solo,43,Sí,No,Chilena,$900.001 - $1.200.000,$1.000.000
CONV-11324,2024-10-11,Excepturi aliquam repellat accusantium doloremque laudantium.,14,carolina.salazar.demo40545@yahoo.com,"[""ex"", ""animi""]",Optio at culpa quas quidem.,DS49,No registra,Otros,29,Sí,No,Chilena,$400.000 - $600.000,$1.000.000
CONV-11325,2026-05-09,Explicabo dicta distinctio.,8,elena.vera.demo23538@hotmail.com,"[""aperiam""]",Facere nobis dolorem quia repellat veniam.,Pendiente evaluación,60%,Cónyuge,44,No,Sí,Chilena,$600.001 - $900.000,$2.000.000
CONV-11326,2025-11-10,Pariatur magnam reiciendis repudiandae. Dolores quidem cupiditate ea possimus laudantium.,8,elena.vera.demo23538@hotmail.com,"[""omnis"", ""et"", ""aliquam""]",Minima odit libero assumenda unde.,DS19,80%,Solo,59,Sí,Sí,Colombiana,Más de $1.200.000,$2.000.000
CONV-11327,2025-08-27,Error illum accusantium quas. At qui ut illum qui. Nam nam sint repellat nesciunt sint.,18,juana.munoz.demo46201@yahoo.com,"[""id"", ""natus"", ""atque"", ""voluptate""]",Voluptatibus nesciunt expedita illum eum omnis eligendi nisi.,Pendiente evaluación,60%,Familia,59,Sí,No,Chilena,$900.001 - $1.200.000,$1.000.000
CONV-11328,2025-10-15,In illo eum consequatur libero fugiat quos.,16,juana.munoz.demo46201@yahoo.com,"[""non""]",Laboriosam repellat ipsa.,DS19,80%,Cónyuge,32,No,No,Venezolana,$600.001 - $900.000,$1.000.000
CONV-11329,2025-09-05,Aliquid atque dolore aliquid enim assumenda quasi.,6,juana.munoz.demo46201@yahoo.com,"[""libero"", ""dolorum"", ""eos"", ""sit""]",Dolores ipsa soluta quo.,Ninguno,40%,Familia,60,Sí,No,Chilena,$400.000 - $600.000,$500.000
CONV-11330,2024-06-16,Consectetur consequatur nemo quae placeat recusandae. Officia modi ex recusandae.,4,daniel.maturana.demo40246@gmail.com,"[""eaque"", ""porro"", ""officiis""]",Dolorum fuga quam enim libero vitae.,DS19,60%,Otros,68,Sí,Sí,Peruana,$400.000 - $600.000,Sin ahorro formal
CONV-11331,2025-01-30,Soluta optio minus excepturi perferendis consectetur.,21,juan.escobar.demo40642@yahoo.com,"[""excepturi""]",Iure dicta perferendis quis commodi explicabo odio.,DS19,40%,Otros,19,Sí,Sí,Chilena,$600.001 - $900.000,Sin ahorro formal
CONV-11332,2025-12-21,Repudiandae ducimus deleniti exercitationem saepe tenetur.,15,sara.morales.demo44797@hotmail.com,"[""aliquam"", ""perspiciatis"", ""voluptates""]",Quod impedit hic omnis omnis.,Ninguno,No registra,Cónyuge,59,No,No,Chilena,Más de $1.200.000,$1.000.000
CONV-11333,2024-09-15,Minus molestias similique optio ea dolorem alias dolore.,18,sara.morales.demo44797@hotmail.com,"[""beatae"", ""reprehenderit"", ""sed""]",Tenetur perferendis at nemo.,Pendiente evaluación,40%,Otros,23,Sí,No,Chilena,$400.000 - $600.000,Sin ahorro formal
CONV-11334,2024-08-17,Perferendis commodi impedit qui blanditiis quibusdam.,15,sara.morales.demo44797@hotmail.com,"[""veniam"", ""recusandae"", ""quidem"", ""pariatur""]",Vel at totam alias porro autem.,Ninguno,80%,Cónyuge,18,Sí,No,Chilena,$400.000 - $600.000,$500.000
CONV-11335,2025-02-25,Impedit cupiditate provident quibusdam nemo.,13,alice.gallegos.demo24718@gmail.com,"[""illum"", ""totam"", ""exercitationem""]",Molestias nam aliquam saepe.,DS1,No registra,Cónyuge,36,No,No,Chilena,$600.001 - $900.000,$1.000.000
CONV-11336,2024-06-26,Ipsam totam debitis error.,25,alice.gallegos.demo24718@gmail.com,"[""ut""]",Voluptas officiis quod maiores.,DS19,80%,Familia,18,No,No,Chilena,$900.001 - $1.200.000,$500.000
CONV-11337,2025-09-21,Consequuntur dolore iure consectetur reiciendis optio.,17,alice.gallegos.demo24718@gmail.com,"[""ex"", ""repellat""]",Magnam fugit minus iusto aperiam id et.,DS49,60%,Otros,42,Sí,Sí,Chilena,Más de $1.200.000,$2.000.000
CONV-11338,2024-09-04,Animi praesentium hic corporis omnis.,17,manuel.perez.demo50284@yahoo.com,"[""nobis"", ""alias""]",Reiciendis aspernatur natus deserunt autem deserunt deleniti.,DS1,60%,Otros,24,No,No,Chilena,$900.001 - $1.200.000,$1.000.000
CONV-11339,2025-02-02,Expedita nisi inventore excepturi. Fugit rem alias nobis laborum.,11,manuel.perez.demo50284@yahoo.com,"[""consequatur"", ""at"", ""officiis""]",Veritatis laudantium assumenda fugiat odit molestiae id.,DS49,80%,Cónyuge,37,No,Sí,Chilena,Más de $1.200.000,Sin ahorro formal
CONV-11340,2024-10-11,Deleniti laboriosam iure possimus numquam incidunt.,22,manuel.perez.demo50284@yahoo.com,"[""ea"", ""soluta""]",Dignissimos a necessitatibus repudiandae.,Pendiente evaluación,No registra,Familia,54,No,Sí,Chilena,$900.001 - $1.200.000,Sin ahorro formal
CONV-11341,2024-06-16,Sint soluta animi possimus facilis temporibus. Tenetur ullam atque.,12,esteban.rivera.demo18901@hotmail.com,"[""occaecati"", ""rerum"", ""atque""]",Eos aspernatur eveniet expedita provident explicabo.,DS19,80%,Cónyuge,46,Sí,Sí,Chilena,$900.001 - $1.200.000,Sin ahorro formal
CONV-11342,2025-02-20,Tenetur magnam quaerat ducimus.,15,esteban.rivera.demo18901@hotmail.com,"[""praesentium"", ""adipisci"", ""ipsum""]",Cupiditate facilis rerum perspiciatis harum voluptates.,DS1,40%,Otros,44,No,No,Chilena,Más de $1.200.000,$2.000.000
CONV-11343,2025-01-11,Quo repudiandae est nemo. Nobis quis eum aliquid.,13,angelo.leiva.demo37108@gmail.com,"[""earum"", ""sint"", ""laudantium""]",Aliquam iusto aliquid ducimus harum blanditiis maxime.,DS1,80%,Solo,20,Sí,No,Chilena,$600.001 - $900.000,$1.000.000
CONV-11344,2024-06-15,Est distinctio quo inventore facilis et corrupti.,9,angelo.leiva.demo37108@gmail.com,"[""saepe""]",Neque modi necessitatibus aliquam.,DS19,40%,Familia,41,Sí,Sí,Chilena,Más de $1.200.000,$2.000.000
CONV-11345,2026-01-20,Eveniet pariatur et aperiam fugit.,3,angelo.leiva.demo37108@gmail.com,"[""omnis"", ""dolorum"", ""doloremque""]",Velit distinctio minima praesentium molestias consequuntur repellat.,DS1,80%,Cónyuge,55,No,Sí,Venezolana,$600.001 - $900.000,$1.000.000
CONV-11346,2026-03-22,Veniam accusantium atque recusandae esse illo.,5,fernando.arancibia.demo41181@yahoo.com,"[""sint"", ""soluta"", ""iusto"", ""sint""]",Quod voluptas pariatur dicta.,DS1,No registra,Otros,48,No,No,Chilena,Más de $1.200.000,Sin ahorro formal
CONV-11347,2025-07-31,Magnam debitis temporibus tenetur corporis quod modi beatae.,15,fernando.arancibia.demo41181@yahoo.com,"[""tempora"", ""ut""]",Minus eligendi reiciendis nemo.,DS1,80%,Solo,18,No,Sí,Venezolana,Más de $1.200.000,$2.000.000
CONV-11348,2025-04-02,Aut iste nostrum. Enim ipsam deserunt vero laborum ipsum quia.,20,luz.herrera.demo50442@yahoo.com,"[""recusandae""]",Officia voluptates sunt.,Ninguno,No registra,Cónyuge,60,Sí,Sí,Chilena,$600.001 - $900.000,$2.000.000
CONV-11349,2025-05-24,Labore dolore deleniti doloremque sed quisquam atque.,7,luz.herrera.demo50442@yahoo.com,"[""optio""]",Voluptatum animi quod hic veritatis.,DS49,80%,Cónyuge,29,No,Sí,Chilena,Más de $1.200.000,$1.000.000
CONV-11350,2026-01-14,Animi atque autem ratione molestias ipsum.,6,luz.herrera.demo50442@yahoo.com,"[""veritatis"", ""impedit"", ""debitis"", ""minima""]",Ipsa dicta necessitatibus explicabo doloremque exercitationem excepturi.,DS49,60%,Otros,63,Sí,No,Chilena,Más de $1.200.000,$1.000.000
CONV-11351,2025-07-15,Distinctio tempore officiis maiores recusandae.,10,luisa.andrade.demo9572@gmail.com,"[""iste"", ""voluptas"", ""laudantium""]",Consectetur porro omnis voluptatibus.,Pendiente evaluación,80%,Familia,41,No,Sí,Chilena,$600.001 - $900.000,Sin ahorro formal
CONV-11352,2024-06-09,Quisquam ut saepe magni. Atque sequi optio fugiat voluptatibus ex.,17,luisa.andrade.demo9572@gmail.com,"[""corrupti"", ""sapiente""]",Non mollitia quis.,DS1,No registra,Familia,59,Sí,No,Chilena,$400.000 - $600.000,$500.000
CONV-11353,2025-04-11,Fugiat quaerat distinctio quasi hic eos.,8,maria.mora.demo31977@gmail.com,"[""at"", ""ad""]",Sunt aliquid delectus magni nulla.,DS19,80%,Familia,44,No,No,Chilena,$900.001 - $1.200.000,$500.000
CONV-11354,2025-07-26,Voluptatem facere voluptates consequuntur facilis vitae modi quos.,5,maria.mora.demo31977@gmail.com,"[""corrupti""]",Reprehenderit voluptas quos explicabo maxime explicabo.,DS49,40%,Solo,58,No,No,Chilena,$900.001 - $1.200.000,$500.000
CONV-11355,2024-06-07,Doloremque accusantium tenetur numquam inventore earum iusto.,22,maria.mora.demo31977@gmail.com,"[""possimus""]",Porro ullam consequuntur nihil enim asperiores.,DS19,40%,Cónyuge,21,No,No,Chilena,Más de $1.200.000,$1.000.000
CONV-11356,2024-07-08,Mollitia unde vel deleniti. Molestias iste veniam placeat.,21,mariano.soto.demo51475@yahoo.com,"[""quo""]",Magni corrupti minima iure animi.,Ninguno,40%,Otros,30,No,Sí,Chilena,$400.000 - $600.000,$2.000.000
CONV-11357,2024-08-17,Dolores alias laudantium omnis doloribus reiciendis facilis.,23,mariano.soto.demo51475@yahoo.com,"[""et"", ""enim"", ""dolor"", ""reprehenderit""]",Impedit minus asperiores temporibus eaque eveniet quod.,DS49,No registra,Familia,26,Sí,No,Chilena,Más de $1.200.000,$1.000.000
CONV-11358,2025-12-30,Repellat iusto eaque impedit. Esse excepturi possimus ea.,5,scarleth.sepulveda.demo13808@gmail.com,"[""reprehenderit"", ""ea"", ""sit"", ""cum""]",Perspiciatis quas eius error nisi id fuga.,DS49,60%,Familia,58,Sí,No,Chilena,$900.001 - $1.200.000,$2.000.000
CONV-11359,2025-03-06,Ducimus perspiciatis corporis ab porro corporis.,21,scarleth.sepulveda.demo13808@gmail.com,"[""sequi"", ""voluptatum"", ""ipsam""]",Illum totam asperiores inventore nemo possimus cumque.,Ninguno,60%,Solo,53,No,No,Chilena,Más de $1.200.000,$1.000.000
CONV-11360,2024-12-07,Exercitationem iusto quasi tenetur.,13,sandro.contreras.demo25094@hotmail.com,"[""quam"", ""aut""]",Eaque in ut ut et delectus.,Pendiente evaluación,40%,Cónyuge,68,No,Sí,Chilena,$600.001 - $900.000,$500.000
CONV-11361,2025-02-10,Labore earum magni accusamus. Eveniet fuga animi saepe quis hic.,23,amalia.herrera.demo45096@outlook.com,"[""quod"", ""laborum"", ""minus"", ""odio""]",Facilis recusandae architecto odio dicta.,Pendiente evaluación,No registra,Otros,49,Sí,No,Chilena,$900.001 - $1.200.000,$1.000.000
CONV-11362,2025-10-13,Sunt non consectetur. Error recusandae sit cupiditate.,18,amalia.herrera.demo45096@outlook.com,"[""sunt""]",Quis ut reprehenderit consequatur quod quia quae.,DS1,40%,Cónyuge,34,No,No,Chilena,$400.000 - $600.000,$1.000.000
CONV-11363,2024-11-18,Consectetur laborum incidunt id mollitia enim. Dolor nihil aut laborum incidunt molestias enim.,6,ana.lagos.demo6145@hotmail.com,"[""necessitatibus""]",Cupiditate nostrum ipsam.,DS1,No registra,Otros,60,No,No,Chilena,$400.000 - $600.000,$500.000
CONV-11364,2024-09-17,Pariatur atque necessitatibus fuga iure qui voluptatum.,19,milan.vera.demo12996@yahoo.com,"[""aliquam""]",Rerum deleniti inventore officiis magnam porro alias.,DS1,80%,Familia,45,Sí,No,Chilena,$600.001 - $900.000,$1.000.000
CONV-11365,2026-05-17,Amet reiciendis ex velit nesciunt sapiente corrupti.,4,carolina.rodriguez.demo3446@gmail.com,"[""excepturi""]",Qui vero mollitia deserunt voluptatibus.,DS49,40%,Solo,67,No,No,Chilena,$600.001 - $900.000,$500.000
CONV-11366,2025-07-05,Officiis ut impedit soluta tenetur rerum. Voluptates dolore rerum debitis rem.,8,camilo.romero.demo46472@hotmail.com,"[""facilis"", ""mollitia"", ""iste""]",Veniam libero distinctio ab vitae.,Pendiente evaluación,80%,Otros,26,No,No,Colombiana,$900.001 - $1.200.000,Sin ahorro formal
CONV-11367,2025-11-03,Pariatur aspernatur necessitatibus culpa exercitationem atque at.,24,olga.abarca.demo48332@outlook.com,"[""porro"", ""nihil"", ""velit"", ""beatae""]",Expedita dolores architecto corrupti delectus quas ex.,DS19,40%,Cónyuge,38,Sí,Sí,Chilena,Más de $1.200.000,Sin ahorro formal
CONV-11368,2024-06-23,Nobis nesciunt dolorem ex nihil saepe.,11,olga.abarca.demo48332@outlook.com,"[""nesciunt"", ""consequuntur"", ""aliquam"", ""occaecati""]",Doloribus praesentium dolorem eos.,Pendiente evaluación,No registra,Cónyuge,53,Sí,Sí,Chilena,$900.001 - $1.200.000,$1.000.000
CONV-11369,2024-10-23,At dolores esse nemo esse quas. Molestiae mollitia mollitia minus.,19,olga.abarca.demo48332@outlook.com,"[""velit"", ""asperiores"", ""aut"", ""nostrum""]",Quo tempore aliquid.,DS1,80%,Familia,38,No,No,Chilena,$900.001 - $1.200.000,$1.000.000
CONV-11370,2025-05-23,Excepturi eligendi doloremque explicabo incidunt. Voluptas libero impedit ullam culpa.,11,mauricio.torres.demo17177@hotmail.com,"[""aut""]",Totam quam sed porro numquam.,DS19,80%,Otros,54,No,No,Chilena,$400.000 - $600.000,$2.000.000
CONV-11371,2024-06-15,Odit nostrum error impedit facilis magnam.,24,jose.figueroa.demo3120@outlook.com,"[""a"", ""natus"", ""error"", ""itaque""]",Esse asperiores possimus.,DS19,80%,Cónyuge,54,No,No,Chilena,$600.001 - $900.000,$1.000.000
CONV-11372,2025-07-04,Quam iure nisi. Voluptatibus quasi debitis beatae.,16,jose.figueroa.demo3120@outlook.com,"[""consequatur"", ""ad""]",Amet sapiente tempore non odit sunt molestiae.,DS1,40%,Familia,51,Sí,Sí,Chilena,$900.001 - $1.200.000,$500.000
CONV-11373,2025-06-28,At ab magni qui tempora maxime. Quis assumenda architecto ipsam.,4,jose.figueroa.demo3120@outlook.com,"[""maxime"", ""et"", ""ratione""]",Dicta explicabo illum dolorum.,DS1,80%,Otros,26,Sí,Sí,Chilena,$600.001 - $900.000,$500.000
CONV-11374,2025-02-07,Repellendus temporibus assumenda repudiandae distinctio.,19,dominga.pardo.demo46424@yahoo.com,"[""iusto""]",Dolor nam eum sapiente temporibus laudantium soluta.,Ninguno,No registra,Solo,48,Sí,No,Chilena,$900.001 - $1.200.000,$1.000.000
CONV-11375,2025-06-25,Ullam nemo repellat doloremque minima neque. Vero nostrum dicta consequuntur dicta harum.,7,jennifer.bernal.demo15142@yahoo.com,"[""quibusdam"", ""eius"", ""quas""]",Reprehenderit magnam a nobis deserunt.,DS19,60%,Solo,66,No,Sí,Chilena,Más de $1.200.000,$1.000.000
CONV-11376,2025-10-19,Sunt accusamus perspiciatis. Sunt quia ipsam magni fugiat doloremque ea.,12,bastian.chamorro.demo23236@hotmail.com,"[""quos"", ""expedita""]",Praesentium laudantium repellat excepturi tenetur perferendis fuga.,DS19,40%,Otros,61,No,No,Chilena,Más de $1.200.000,$500.000
CONV-11377,2026-03-08,Veniam consequuntur ea accusantium laborum numquam.,3,bastian.chamorro.demo23236@hotmail.com,"[""provident"", ""beatae"", ""consectetur""]",Eaque vero quo natus nobis dicta.,DS19,40%,Solo,52,No,Sí,Chilena,$400.000 - $600.000,$1.000.000
CONV-11378,2024-09-02,Alias similique non explicabo. Autem dolorum ullam deleniti.,9,miguel.delgado.demo34642@yahoo.com,"[""consequuntur"", ""illo"", ""et""]",Velit ad ratione officia nostrum.,DS19,40%,Cónyuge,40,No,Sí,Chilena,$400.000 - $600.000,$2.000.000
CONV-11379,2026-02-03,Consequatur sequi odio odio. Pariatur nam nostrum consectetur earum reprehenderit.,12,francisco.araneda.demo42048@outlook.com,"[""voluptas""]",Nisi distinctio quasi beatae.,DS49,No registra,Familia,29,Sí,No,Chilena,$600.001 - $900.000,$2.000.000
CONV-11380,2024-08-11,Fugit odio incidunt odit nemo repellendus.,19,francisco.araneda.demo42048@outlook.com,"[""ipsum"", ""libero"", ""error"", ""nostrum""]",Doloribus fugiat illum quidem praesentium eius.,DS19,60%,Familia,23,No,Sí,Chilena,Más de $1.200.000,$500.000
CONV-11381,2025-04-11,Quis molestiae praesentium ut vero.,5,manuel.cisternas.demo12696@hotmail.com,"[""unde"", ""tempora""]",Autem temporibus commodi perferendis.,Ninguno,60%,Otros,37,Sí,No,Chilena,$600.001 - $900.000,Sin ahorro formal
CONV-11382,2024-10-07,Pariatur possimus quam perferendis maiores labore perspiciatis asperiores.,14,manuel.cisternas.demo12696@hotmail.com,"[""reprehenderit"", ""aliquam""]",Commodi quam placeat.,DS49,40%,Otros,47,No,Sí,Colombiana,$400.000 - $600.000,$500.000
CONV-11383,2025-03-28,Iure fugiat aperiam aut nisi porro.,21,robinson.pasten.demo37256@yahoo.com,"[""eius"", ""aliquid"", ""placeat""]",Veniam ab nihil dolores dolores.,DS1,40%,Solo,56,No,Sí,Chilena,$600.001 - $900.000,$500.000
CONV-11384,2025-05-24,Recusandae magnam perspiciatis officiis omnis amet.,21,robinson.pasten.demo37256@yahoo.com,"[""sunt"", ""eum"", ""odit""]",Perferendis consequuntur ipsum blanditiis hic molestias iusto maiores.,DS49,80%,Otros,34,No,No,Chilena,$600.001 - $900.000,Sin ahorro formal
CONV-11385,2025-05-06,Ratione molestiae accusamus accusantium commodi ducimus officia.,14,robinson.pasten.demo37256@yahoo.com,"[""voluptatibus""]",Magnam voluptas placeat labore.,Pendiente evaluación,40%,Cónyuge,66,Sí,No,Chilena,$900.001 - $1.200.000,Sin ahorro formal
CONV-11386,2025-07-23,Dignissimos tempora distinctio.,18,daniel.gonzalez.demo3084@hotmail.com,"[""atque""]",Suscipit dignissimos esse unde illum eaque.,Ninguno,40%,Solo,65,No,No,Chilena,$600.001 - $900.000,$2.000.000
CONV-11387,2026-02-05,Consequatur quam ipsam et nisi labore. Natus perferendis hic sint officia.,5,mario.tapia.demo23970@gmail.com,"[""earum"", ""corrupti"", ""laboriosam""]",Veritatis ipsam id excepturi voluptatem fugit.,DS1,80%,Cónyuge,21,No,No,Chilena,$600.001 - $900.000,$500.000
CONV-11388,2025-03-09,Earum reiciendis quidem numquam quisquam.,24,mario.tapia.demo23970@gmail.com,"[""eaque"", ""inventore""]",Incidunt non deserunt deleniti sit earum provident.,DS1,40%,Otros,66,No,Sí,Chilena,$900.001 - $1.200.000,$1.000.000
CONV-11389,2026-03-26,Tenetur quia explicabo eligendi culpa doloribus. Quia hic tempore.,21,mario.tapia.demo23970@gmail.com,"[""similique"", ""maxime""]",Hic inventore reprehenderit soluta consectetur possimus necessitatibus quo.,DS19,No registra,Otros,52,No,Sí,Chilena,$900.001 - $1.200.000,$2.000.000
CONV-11390,2025-10-11,Totam sed expedita blanditiis nulla qui eos.,18,nicole.correa.demo28514@hotmail.com,"[""nihil"", ""id"", ""quod"", ""quo""]",Quidem optio aliquam voluptatibus esse voluptatibus ipsum.,DS1,40%,Cónyuge,40,Sí,Sí,Chilena,Más de $1.200.000,$2.000.000
CONV-11391,2026-03-08,Sapiente nobis dolorem pariatur aliquam maxime molestiae dolorem.,16,nicole.correa.demo28514@hotmail.com,"[""rem"", ""nam"", ""nemo"", ""omnis""]",Soluta aut in esse.,Ninguno,60%,Cónyuge,19,Sí,No,Chilena,$900.001 - $1.200.000,Sin ahorro formal
CONV-11392,2024-08-01,Similique sapiente blanditiis pariatur odit.,6,nicole.correa.demo28514@hotmail.com,"[""natus"", ""quam"", ""laboriosam"", ""fugiat""]",Quaerat eaque molestias.,Pendiente evaluación,80%,Solo,42,No,No,Chilena,$400.000 - $600.000,Sin ahorro formal
CONV-11393,2026-02-09,Architecto a eius ratione et eius animi incidunt.,18,manuel.contreras.demo13166@hotmail.com,"[""rerum"", ""fugit"", ""occaecati""]",Minima temporibus provident quis.,Ninguno,60%,Familia,23,No,Sí,Chilena,Más de $1.200.000,$1.000.000
CONV-11394,2024-06-04,Laboriosam recusandae aliquid sequi voluptate ullam.,3,manuel.contreras.demo13166@hotmail.com,"[""vel"", ""eligendi""]",Exercitationem quas alias nulla.,Ninguno,No registra,Solo,64,No,Sí,Chilena,Más de $1.200.000,$2.000.000
CONV-11395,2024-08-10,Itaque magni quae mollitia. Velit aliquid necessitatibus unde.,8,manuel.contreras.demo13166@hotmail.com,"[""asperiores""]",Rerum quidem distinctio.,DS1,40%,Otros,29,No,Sí,Chilena,Más de $1.200.000,$2.000.000
CONV-11396,2024-09-14,Sunt corporis odio fugiat ipsa. Nulla quas sunt ipsum labore exercitationem.,24,vanessa.lillo.demo12020@outlook.com,"[""dolore"", ""facilis""]",Cupiditate consequuntur exercitationem dignissimos rem eaque.,DS19,No registra,Solo,29,Sí,Sí,Colombiana,Más de $1.200.000,Sin ahorro formal
CONV-11397,2025-02-22,Perspiciatis vitae quibusdam alias modi. Facilis odit voluptates.,16,vanessa.lillo.demo12020@outlook.com,"[""necessitatibus""]",Quod voluptatibus deserunt nulla ea saepe mollitia recusandae.,DS19,60%,Otros,20,Sí,No,Colombiana,$400.000 - $600.000,$1.000.000
CONV-11398,2026-05-19,Occaecati dolore quaerat officiis pariatur hic magni mollitia.,7,jose.velasquez.demo39671@hotmail.com,"[""tempore""]",A iusto debitis unde enim ratione.,DS19,80%,Familia,59,No,Sí,Chilena,Más de $1.200.000,$2.000.000
CONV-11399,2025-09-14,Perferendis laudantium pariatur fugit aspernatur quidem.,16,jorge.ramirez.demo23997@gmail.com,"[""necessitatibus"", ""odio"", ""minus""]",Possimus ab mollitia reiciendis voluptates facere pariatur.,Pendiente evaluación,40%,Familia,64,Sí,Sí,Chilena,$600.001 - $900.000,$2.000.000
CONV-11400,2025-03-20,Quis eligendi fuga in expedita soluta. Dolores eum provident.,6,jorge.ramirez.demo23997@gmail.com,"[""magni"", ""commodi""]",Possimus quo delectus illum dolor.,Ninguno,No registra,Familia,53,Sí,Sí,Chilena,$400.000 - $600.000,$500.000
CONV-11401,2025-07-30,Deleniti iste molestias alias. Iusto nulla sunt.,12,jorge.ramirez.demo23997@gmail.com,"[""nemo"", ""officia"", ""quidem""]",Ratione eos eos saepe distinctio.,DS19,No registra,Solo,70,No,No,Chilena,$600.001 - $900.000,$1.000.000
CONV-11402,2026-02-21,Quis eaque reprehenderit doloribus nam error. Illo illo iure aspernatur iusto.,7,carlos.carrasco.demo27009@gmail.com,"[""facere"", ""deserunt"", ""unde"", ""excepturi""]",Voluptatum magnam praesentium id totam.,Pendiente evaluación,60%,Otros,51,No,Sí,Chilena,$600.001 - $900.000,Sin ahorro formal
CONV-11403,2025-12-10,Suscipit id soluta optio velit neque.,4,carlos.carrasco.demo27009@gmail.com,"[""exercitationem""]",Esse quod suscipit ipsum aut.,DS1,No registra,Familia,41,Sí,No,Chilena,$400.000 - $600.000,$2.000.000
CONV-11404,2026-01-19,Aperiam quisquam repudiandae veritatis voluptatibus nemo eveniet.,21,sandro.candia.demo39230@hotmail.com,"[""quia"", ""corrupti""]",Occaecati ex itaque nam.,DS1,80%,Cónyuge,51,Sí,Sí,Chilena,$400.000 - $600.000,$1.000.000
CONV-11405,2024-09-12,Hic eum pariatur. Corrupti similique molestias neque.,3,dante.pizarro.demo13234@yahoo.com,"[""aut"", ""sapiente"", ""autem""]",Quis eius blanditiis cumque rerum.,DS49,40%,Otros,38,No,Sí,Chilena,$900.001 - $1.200.000,$2.000.000
CONV-11406,2025-10-19,Officiis temporibus consequuntur corrupti quae. Iure illum repudiandae id alias.,14,dante.pizarro.demo13234@yahoo.com,"[""vitae"", ""numquam""]",Tempora quidem illo sed.,Pendiente evaluación,40%,Otros,29,Sí,No,Chilena,Más de $1.200.000,Sin ahorro formal
CONV-11407,2026-04-16,Ipsum odio praesentium quam natus provident explicabo qui.,24,dante.pizarro.demo13234@yahoo.com,"[""vitae"", ""nam""]",Illo soluta nihil magni illo excepturi.,Ninguno,No registra,Cónyuge,67,Sí,Sí,Chilena,Más de $1.200.000,$500.000
CONV-11408,2024-10-11,Sit ipsum unde veniam. Ipsum a eligendi dolorum cumque a.,14,katherine.perez.demo928@outlook.com,"[""quos"", ""fugit""]",Temporibus occaecati omnis omnis corporis vel reprehenderit.,DS19,60%,Familia,69,Sí,No,Chilena,$900.001 - $1.200.000,$1.000.000
CONV-11409,2025-11-07,Laborum atque repellendus porro earum ad.,18,katherine.perez.demo928@outlook.com,"[""deleniti""]",Debitis reiciendis aperiam eius.,Ninguno,No registra,Familia,39,No,Sí,Venezolana,$600.001 - $900.000,$500.000
CONV-11410,2025-12-18,Quidem amet deleniti tenetur at.,6,katherine.perez.demo928@outlook.com,"[""ex""]",Quibusdam dignissimos dolores libero similique occaecati odit quisquam.,Ninguno,60%,Otros,55,Sí,No,Chilena,$900.001 - $1.200.000,Sin ahorro formal
CONV-11411,2025-08-05,Error eaque pariatur iusto a velit voluptas veritatis.,25,carlos.catalan.demo44496@yahoo.com,"[""hic"", ""alias""]",Fuga fugit eveniet enim inventore ipsum aut.,Ninguno,40%,Cónyuge,26,Sí,Sí,Chilena,$900.001 - $1.200.000,Sin ahorro formal
CONV-11412,2026-03-15,Vitae iste autem voluptates. Consectetur adipisci excepturi quam officia.,9,marta.machuca.demo34454@hotmail.com,"[""tempore"", ""autem"", ""qui""]",Modi optio cumque vitae.,DS19,60%,Familia,24,No,No,Chilena,Más de $1.200.000,$1.000.000
CONV-11413,2025-06-01,Commodi sequi rerum ducimus labore. Veniam incidunt tempore natus cum in et.,9,daniel.fuentes.demo21927@hotmail.com,"[""fugit""]",Quia quae ipsum vel assumenda tempore esse.,DS19,80%,Solo,29,No,Sí,Chilena,$400.000 - $600.000,Sin ahorro formal
CONV-11414,2025-09-07,Voluptates sapiente molestiae natus.,12,karina.bustamante.demo29334@hotmail.com,"[""sapiente"", ""magni""]",Velit officia facilis fuga repellat quia.,Pendiente evaluación,60%,Cónyuge,62,Sí,Sí,Chilena,Más de $1.200.000,$1.000.000
CONV-11415,2026-04-29,Quis rem velit similique.,13,karina.bustamante.demo29334@hotmail.com,"[""architecto"", ""commodi""]",At ea reprehenderit blanditiis vitae eum.,Pendiente evaluación,60%,Otros,35,No,Sí,Chilena,$600.001 - $900.000,Sin ahorro formal
CONV-11416,2026-03-31,Deleniti dignissimos aliquid aspernatur exercitationem nam totam.,24,karina.bustamante.demo29334@hotmail.com,"[""voluptatum"", ""aliquam"", ""vel""]",Doloremque molestias ullam assumenda reprehenderit tempora.,Pendiente evaluación,40%,Cónyuge,68,No,Sí,Venezolana,$400.000 - $600.000,$1.000.000
CONV-11417,2024-11-06,Nisi maiores numquam repellat. Vitae enim ab hic molestiae.,12,bernarda.gonzalez.demo14937@outlook.com,"[""vitae"", ""quam""]",Quo officiis quas maxime rerum.,DS49,80%,Familia,42,Sí,No,Colombiana,$600.001 - $900.000,$2.000.000
CONV-11418,2024-11-26,Dolor blanditiis placeat magni veritatis animi.,20,bernarda.gonzalez.demo14937@outlook.com,"[""veritatis"", ""corporis""]",Voluptate nihil odio vero.,DS49,No registra,Solo,43,Sí,No,Chilena,$900.001 - $1.200.000,Sin ahorro formal
CONV-11419,2024-11-19,Eaque amet sunt illo voluptatibus quia.,19,marcelo.olivares.demo25705@hotmail.com,"[""molestiae"", ""vel""]",Aliquam adipisci cupiditate nobis nemo.,DS1,60%,Familia,63,No,No,Chilena,Más de $1.200.000,$500.000
CONV-11420,2024-09-28,Ducimus deleniti architecto placeat aspernatur voluptas.,5,marcelo.olivares.demo25705@hotmail.com,"[""esse"", ""molestias""]",Sint fugiat dolorem qui.,DS49,40%,Solo,69,No,Sí,Chilena,$400.000 - $600.000,$500.000
CONV-11421,2025-10-04,Recusandae earum sed iure praesentium.,7,alfonso.mella.demo27551@hotmail.com,"[""quas"", ""voluptatum""]",Aspernatur eius modi cumque aspernatur qui cumque.,DS19,80%,Cónyuge,38,No,Sí,Venezolana,$600.001 - $900.000,Sin ahorro formal
CONV-11422,2025-11-26,Tenetur architecto id aspernatur illum officiis voluptate omnis.,7,claudio.ibarra.demo51915@outlook.com,"[""quae"", ""doloremque"", ""vero"", ""libero""]",Est molestias laborum sint distinctio sed.,DS49,60%,Cónyuge,55,No,No,Chilena,$900.001 - $1.200.000,$2.000.000
CONV-11423,2026-04-06,Facere maiores illum eos dolores laborum.,14,claudio.ibarra.demo51915@outlook.com,"[""non"", ""nesciunt"", ""nostrum"", ""labore""]",Ipsam cupiditate dolores quas dignissimos officia natus aut.,DS49,80%,Cónyuge,24,Sí,Sí,Chilena,$900.001 - $1.200.000,$1.000.000
CONV-11424,2025-07-15,Aperiam culpa commodi distinctio.,3,claudio.ibarra.demo51915@outlook.com,"[""earum"", ""praesentium""]",Nisi sed cupiditate ad dolores voluptatem magni nobis.,DS1,40%,Otros,42,Sí,Sí,Chilena,Más de $1.200.000,Sin ahorro formal
CONV-11425,2025-01-11,Accusamus aut officia ut eos doloremque impedit.,3,humberto.villagran.demo6972@outlook.com,"[""commodi"", ""ut"", ""corrupti"", ""nostrum""]",Nobis sapiente repellendus quia nobis.,Ninguno,No registra,Otros,39,No,Sí,Chilena,$400.000 - $600.000,$2.000.000
CONV-11426,2025-04-27,Saepe in cum harum libero rem a atque.,20,humberto.villagran.demo6972@outlook.com,"[""deleniti"", ""pariatur"", ""exercitationem""]",Doloremque quisquam sit facilis doloremque nihil aut.,DS19,No registra,Familia,54,Sí,No,Chilena,$600.001 - $900.000,Sin ahorro formal
CONV-11427,2025-10-06,Repudiandae sed temporibus laudantium.,24,humberto.villagran.demo6972@outlook.com,"[""quasi"", ""dolores"", ""labore"", ""porro""]",Fugiat nemo ipsa.,DS1,40%,Solo,32,No,No,Chilena,$600.001 - $900.000,$2.000.000
CONV-11428,2025-02-07,Numquam corporis eum voluptatum ipsum commodi doloribus dolores. Nostrum unde molestiae illo.,19,pedro.gonzalez.demo8088@outlook.com,"[""vitae"", ""saepe""]",Occaecati nisi at reiciendis.,DS49,80%,Otros,19,No,Sí,Chilena,$400.000 - $600.000,Sin ahorro formal
CONV-11429,2026-02-22,Quae totam quibusdam. Ex nam voluptatum doloribus molestias error dolorem.,11,pedro.gonzalez.demo8088@outlook.com,"[""magni""]",Repellat architecto veritatis quam.,Pendiente evaluación,60%,Otros,60,No,Sí,Chilena,$400.000 - $600.000,$500.000
CONV-11430,2025-03-23,Quo nostrum impedit nemo consectetur facilis. Inventore perspiciatis deleniti sed omnis.,3,pedro.gonzalez.demo8088@outlook.com,"[""cupiditate"", ""dolorum"", ""dolorum""]",Iste ea ducimus occaecati veritatis.,DS19,80%,Solo,53,Sí,Sí,Chilena,$900.001 - $1.200.000,Sin ahorro formal
CONV-11431,2025-12-03,Laudantium aliquid in repellat. Eligendi dicta nesciunt nisi cumque.,22,sofia.mellado.demo46646@hotmail.com,"[""sequi"", ""numquam""]",Libero nostrum eligendi a libero.,Pendiente evaluación,60%,Familia,41,Sí,Sí,Chilena,$600.001 - $900.000,$500.000
CONV-11432,2024-06-10,Quam nostrum occaecati vero sint provident.,19,sofia.mellado.demo46646@hotmail.com,"[""magni""]",Doloribus impedit nisi porro sed eum pariatur.,Pendiente evaluación,80%,Otros,50,Sí,Sí,Chilena,$600.001 - $900.000,$1.000.000
CONV-11433,2025-06-07,Ullam ratione architecto earum cumque deleniti tenetur.,8,maria.leon.demo37334@yahoo.com,"[""animi"", ""quae"", ""hic"", ""minus""]",Ratione harum ducimus inventore odit.,DS1,60%,Cónyuge,21,Sí,No,Chilena,$600.001 - $900.000,$2.000.000
CONV-11434,2025-07-01,Quos sunt hic sequi laudantium vitae facere.,4,luisa.riquelme.demo46571@yahoo.com,"[""quam"", ""dolorem"", ""quaerat""]",Reiciendis consectetur perspiciatis saepe sequi.,Ninguno,60%,Solo,24,Sí,Sí,Chilena,$900.001 - $1.200.000,$2.000.000
CONV-11435,2025-05-24,Aut ratione deleniti dignissimos. Earum laborum tenetur.,19,luisa.riquelme.demo46571@yahoo.com,"[""ullam"", ""consectetur""]",Quasi blanditiis nesciunt veritatis quod error ullam.,DS19,80%,Otros,30,No,Sí,Chilena,Más de $1.200.000,Sin ahorro formal
CONV-11436,2025-04-26,Inventore odio unde consequuntur natus quasi. Possimus velit nesciunt illum quam.,18,luisa.riquelme.demo46571@yahoo.com,"[""veniam""]",Quo pariatur sint labore molestias suscipit.,Pendiente evaluación,No registra,Familia,45,Sí,Sí,Chilena,$600.001 - $900.000,$2.000.000
CONV-11437,2024-11-29,Debitis fuga nostrum ab quo illum rerum quod.,19,pablo.araneda.demo919@hotmail.com,"[""possimus""]",Consequuntur itaque perspiciatis repellat animi aut.,DS49,80%,Familia,62,No,No,Chilena,Más de $1.200.000,Sin ahorro formal
CONV-11438,2025-06-01,Tempora cupiditate facilis earum.,13,julia.arancibia.demo2098@gmail.com,"[""blanditiis""]",Consequatur est suscipit impedit.,Ninguno,40%,Cónyuge,49,No,No,Chilena,$900.001 - $1.200.000,$500.000
CONV-11439,2025-08-25,Veniam minima error nam quae magnam consequatur.,16,julia.arancibia.demo2098@gmail.com,"[""neque"", ""quod"", ""amet""]",Necessitatibus nesciunt inventore.,DS49,60%,Solo,19,No,No,Chilena,$600.001 - $900.000,$1.000.000
CONV-11440,2025-10-12,Cumque voluptatum qui voluptates.,11,stephanie.montoya.demo46120@hotmail.com,"[""velit""]",Nesciunt provident quae eveniet.,DS19,40%,Familia,39,Sí,Sí,Chilena,Más de $1.200.000,$1.000.000
CONV-11441,2026-04-17,Aut totam ratione expedita harum eum.,21,stephanie.montoya.demo46120@hotmail.com,"[""odio"", ""quae""]",Consectetur velit illum unde enim dignissimos.,DS49,No registra,Otros,43,Sí,No,Chilena,$900.001 - $1.200.000,Sin ahorro formal
CONV-11442,2024-09-25,Quam laudantium ad consequuntur.,3,stephanie.montoya.demo46120@hotmail.com,"[""assumenda"", ""nesciunt"", ""animi"", ""sint""]",Quod quae magnam maxime nostrum ab reiciendis.,Pendiente evaluación,60%,Familia,61,No,No,Chilena,$400.000 - $600.000,$1.000.000
CONV-11443,2025-05-21,Repellendus fuga beatae vero magni itaque repellat dolor.,23,lucia.rodriguez.demo31269@yahoo.com,"[""atque""]",Eius iure mollitia in.,Pendiente evaluación,60%,Familia,52,Sí,No,Chilena,$900.001 - $1.200.000,$2.000.000
CONV-11444,2025-01-11,Perspiciatis quaerat a accusamus ratione neque.,24,lucia.rodriguez.demo31269@yahoo.com,"[""officiis"", ""unde""]",Non ducimus laborum dolor.,DS19,40%,Familia,30,Sí,Sí,Chilena,$600.001 - $900.000,$1.000.000
CONV-11445,2025-10-29,Est eligendi excepturi sequi atque.,11,lucia.alfaro.demo12082@gmail.com,"[""laboriosam""]",Omnis quo blanditiis recusandae nulla recusandae est.,DS49,No registra,Cónyuge,31,Sí,No,Chilena,$600.001 - $900.000,Sin ahorro formal
CONV-11446,2026-01-27,Reiciendis iusto voluptate.,10,antonio.cortes.demo21459@outlook.com,"[""dicta"", ""quod"", ""odio"", ""porro""]",Dolorem suscipit quia incidunt.,Ninguno,No registra,Cónyuge,31,Sí,Sí,Chilena,$400.000 - $600.000,$2.000.000
CONV-11447,2024-11-06,Aspernatur doloribus illo molestiae temporibus illo. Minima aliquam excepturi magnam.,20,carlos.sanchez.demo16213@outlook.com,"[""deleniti""]",Qui quae tempora fugit.,DS1,80%,Familia,18,No,No,Chilena,$600.001 - $900.000,$2.000.000
CONV-11448,2025-04-14,Voluptates vero voluptatem perspiciatis quaerat.,25,carlos.sanchez.demo16213@outlook.com,"[""nesciunt"", ""quas""]",Aut similique ducimus id cupiditate.,DS1,80%,Solo,68,No,No,Chilena,$600.001 - $900.000,$500.000
CONV-11449,2025-01-24,Laudantium nulla tempora esse accusantium accusamus. Sequi distinctio numquam autem.,22,carlos.sanchez.demo16213@outlook.com,"[""cupiditate"", ""a""]",Odio quae cum recusandae libero.,DS49,40%,Solo,49,Sí,No,Chilena,$900.001 - $1.200.000,$500.000
CONV-11450,2025-11-15,Tenetur ipsam voluptatum fugiat possimus dolor.,6,nidia.arancibia.demo17671@hotmail.com,"[""laboriosam"", ""ratione"", ""nulla""]",Repudiandae quaerat repudiandae corrupti possimus magnam.,Ninguno,40%,Otros,54,Sí,Sí,Chilena,Más de $1.200.000,$1.000.000
CONV-11451,2025-10-06,Labore deleniti dolorum similique tempore dolore voluptate. Quisquam provident debitis.,19,nidia.arancibia.demo17671@hotmail.com,"[""commodi""]",Eos eligendi molestias numquam.,DS19,No registra,Familia,37,Sí,No,Chilena,$400.000 - $600.000,$500.000
CONV-11452,2025-08-31,Itaque reiciendis laudantium quisquam.,18,nidia.arancibia.demo17671@hotmail.com,"[""culpa"", ""hic"", ""odit""]",Quod repellat totam dignissimos vel.,DS49,40%,Cónyuge,28,No,Sí,Chilena,Más de $1.200.000,Sin ahorro formal
CONV-11453,2025-03-22,Sunt quas magni ipsa. Sequi neque illo occaecati minima asperiores.,15,anibal.venegas.demo43728@gmail.com,"[""sapiente"", ""deleniti"", ""cupiditate""]",Aliquam consequuntur officia.,Ninguno,60%,Otros,51,Sí,Sí,Venezolana,$600.001 - $900.000,$1.000.000
CONV-11454,2024-08-20,Adipisci inventore sed natus. Ab corporis ullam aliquam iure sit.,12,mercedes.neira.demo10075@hotmail.com,"[""pariatur"", ""non""]",Consequatur molestiae nihil laboriosam incidunt.,DS1,No registra,Otros,64,No,No,Chilena,Más de $1.200.000,Sin ahorro formal
CONV-11455,2024-07-23,Inventore consectetur consequuntur voluptates.,25,mercedes.neira.demo10075@hotmail.com,"[""facere""]",Commodi necessitatibus illo a repudiandae sint ut.,Ninguno,No registra,Familia,69,No,Sí,Chilena,$900.001 - $1.200.000,$500.000
CONV-11456,2025-10-30,Numquam voluptate sit.,16,margarita.sepulveda.demo33352@outlook.com,"[""deserunt""]",Est officiis fugiat amet facere nisi eligendi.,DS49,No registra,Familia,50,No,Sí,Chilena,Más de $1.200.000,$1.000.000
CONV-11457,2026-02-16,Vitae nisi voluptatum nihil laboriosam.,5,anna.barahona.demo10550@gmail.com,"[""architecto"", ""laborum"", ""perspiciatis""]",Molestiae quaerat autem dicta quo a.,DS19,80%,Otros,30,Sí,No,Chilena,Más de $1.200.000,$1.000.000
CONV-11458,2024-12-30,Cum fugiat nihil magni ea illum sunt. Quam suscipit adipisci.,22,nancy.garrido.demo35797@hotmail.com,"[""dolor"", ""vitae"", ""necessitatibus"", ""quo""]",Repellat illum temporibus maxime laboriosam.,Pendiente evaluación,80%,Familia,22,Sí,Sí,Chilena,Más de $1.200.000,$1.000.000
CONV-11459,2024-09-04,Quam sint molestiae vel nihil. Quidem voluptates facere animi alias quo.,14,nancy.garrido.demo35797@hotmail.com,"[""officia""]",Repudiandae soluta deserunt.,DS49,40%,Familia,37,Sí,No,Chilena,$900.001 - $1.200.000,$1.000.000
CONV-11460,2025-01-15,Enim minus non molestiae recusandae illum. Dolores error nemo ratione natus.,5,karla.cabrera.demo8379@hotmail.com,"[""perferendis"", ""eveniet"", ""quaerat""]",Molestiae labore et omnis.,Ninguno,80%,Cónyuge,48,No,Sí,Chilena,Más de $1.200.000,$2.000.000
CONV-11461,2024-12-26,Delectus quidem ea laudantium quasi accusamus.,24,karla.cabrera.demo8379@hotmail.com,"[""illum"", ""voluptatum"", ""quasi"", ""asperiores""]",Distinctio libero soluta dolor repellendus voluptates.,Ninguno,No registra,Solo,67,Sí,No,Chilena,Más de $1.200.000,$500.000
CONV-11462,2025-09-11,Eveniet quas ipsum inventore.,13,karla.cabrera.demo8379@hotmail.com,"[""illum"", ""deserunt"", ""praesentium""]",Ducimus totam sit nemo ea.,DS19,60%,Otros,28,No,No,Chilena,$600.001 - $900.000,$500.000
CONV-11463,2026-03-08,Libero amet ut nobis voluptates iure ratione.,19,vicente.bustos.demo26937@yahoo.com,"[""minus"", ""vel""]",Inventore explicabo nesciunt itaque alias.,Ninguno,40%,Otros,40,No,Sí,Chilena,$900.001 - $1.200.000,$1.000.000
CONV-11464,2025-11-01,Nesciunt esse dolor id molestiae qui iure.,12,genesis.leiva.demo16280@gmail.com,"[""nemo"", ""unde"", ""iure""]",Dolores praesentium maxime ad.,DS49,40%,Otros,25,Sí,No,Chilena,Más de $1.200.000,$500.000
CONV-11465,2025-08-24,Quisquam assumenda maxime quis.,19,genesis.leiva.demo16280@gmail.com,"[""sed"", ""dignissimos"", ""odit"", ""ipsa""]",Veritatis sapiente perspiciatis blanditiis amet.,Pendiente evaluación,No registra,Cónyuge,39,Sí,No,Chilena,$600.001 - $900.000,$500.000
CONV-11466,2024-12-06,Nostrum iure ullam voluptates.,4,genesis.leiva.demo16280@gmail.com,"[""reiciendis""]",Et sed soluta eos ducimus itaque minima minus.,DS19,80%,Cónyuge,40,Sí,No,Venezolana,$900.001 - $1.200.000,$500.000
CONV-11467,2024-09-11,Corrupti sequi placeat tempora fugiat.,20,viviana.molina.demo4805@gmail.com,"[""perferendis""]",Deserunt voluptate cumque modi illum porro.,DS1,No registra,Familia,58,Sí,Sí,Chilena,$400.000 - $600.000,$500.000
CONV-11468,2024-09-24,Et consequatur a enim reprehenderit aperiam.,15,viviana.molina.demo4805@gmail.com,"[""voluptas"", ""quia""]",Distinctio corrupti ipsam odio alias unde vel.,DS49,No registra,Familia,32,Sí,Sí,Chilena,Más de $1.200.000,$500.000
CONV-11469,2025-02-06,Reiciendis iste totam. Voluptatibus similique aperiam architecto.,8,anyelo.maldonado.demo31445@outlook.com,"[""id"", ""soluta""]",Animi ratione doloribus fugiat officiis fugit at officiis.,DS49,40%,Otros,61,Sí,No,Chilena,$400.000 - $600.000,$1.000.000
CONV-11470,2025-03-15,Eum illo cumque labore corrupti praesentium error. Doloremque eaque nesciunt neque accusamus a.,7,anyelo.maldonado.demo31445@outlook.com,"[""incidunt"", ""perferendis""]",Suscipit optio deleniti beatae atque.,DS19,No registra,Solo,42,Sí,No,Chilena,$600.001 - $900.000,$2.000.000
CONV-11471,2024-10-30,Vero atque suscipit illum magni dicta. Voluptatibus minima quae.,4,anyelo.maldonado.demo31445@outlook.com,"[""perferendis"", ""quos"", ""fugiat"", ""laudantium""]",Repudiandae suscipit officia nulla aliquam quae officiis voluptatem.,Pendiente evaluación,No registra,Cónyuge,59,Sí,No,Venezolana,$400.000 - $600.000,Sin ahorro formal
CONV-11472,2025-12-29,Veritatis minima possimus id consequatur hic facilis repellendus.,7,genesis.gutierrez.demo7978@yahoo.com,"[""reiciendis"", ""dolorem""]",Accusantium minima quibusdam.,DS1,60%,Familia,28,Sí,Sí,Chilena,$400.000 - $600.000,$500.000
CONV-11473,2026-04-09,Accusamus aliquid voluptates ipsa nihil.,10,genesis.gutierrez.demo7978@yahoo.com,"[""repudiandae"", ""ut"", ""mollitia"", ""numquam""]",Adipisci voluptatem aspernatur labore autem.,Pendiente evaluación,80%,Cónyuge,65,No,Sí,Chilena,$400.000 - $600.000,$1.000.000
CONV-11474,2025-08-02,Accusantium minus voluptatum quasi hic corporis non magni.,21,ruben.rojas.demo44811@hotmail.com,"[""ipsa""]",Ipsam praesentium cum aut error assumenda eum.,DS1,60%,Familia,23,Sí,Sí,Chilena,Más de $1.200.000,$2.000.000
CONV-11475,2025-01-22,Molestiae rerum excepturi neque doloremque. Occaecati nulla in veniam dolore expedita.,10,juana.san martin.demo8628@yahoo.com,"[""nisi"", ""est""]",Quasi dolorem itaque eligendi.,Pendiente evaluación,No registra,Cónyuge,65,Sí,Sí,Chilena,Más de $1.200.000,$500.000
CONV-11476,2024-11-18,Mollitia dolorem minima inventore blanditiis porro vero. Ipsam sit architecto pariatur.,5,juana.san martin.demo8628@yahoo.com,"[""recusandae""]",Asperiores ipsam quo esse ad explicabo.,Ninguno,No registra,Cónyuge,18,Sí,No,Chilena,Más de $1.200.000,$500.000
CONV-11477,2024-12-11,Magni debitis maxime quis eveniet sed doloremque.,23,juana.san martin.demo8628@yahoo.com,"[""possimus""]",Reiciendis sint aspernatur impedit.,DS1,No registra,Otros,32,No,Sí,Venezolana,Más de $1.200.000,$2.000.000
CONV-11478,2025-11-21,Maiores adipisci nulla sapiente commodi dolor.,5,nicolas.garcia.demo29483@gmail.com,"[""esse"", ""amet"", ""minus"", ""praesentium""]",Quibusdam sunt repellendus et quas quam.,DS19,No registra,Otros,27,No,No,Chilena,$400.000 - $600.000,$2.000.000
CONV-11479,2025-09-11,Non fugit alias nam. Totam odit hic aut odit adipisci. Ullam et blanditiis.,9,daisy.olivares.demo25739@outlook.com,"[""omnis"", ""vel""]",Facere assumenda nemo cum rerum possimus.,DS19,80%,Cónyuge,27,Sí,No,Chilena,$600.001 - $900.000,$1.000.000
CONV-11480,2025-10-13,Officiis doloremque facere animi veritatis. Dolores sunt cupiditate iusto.,8,daisy.olivares.demo25739@outlook.com,"[""consequatur"", ""ex""]",Eaque consequuntur quos.,Ninguno,40%,Cónyuge,67,Sí,No,Chilena,Más de $1.200.000,$2.000.000
CONV-11481,2026-02-13,Culpa in voluptates aliquid.,15,daisy.olivares.demo25739@outlook.com,"[""animi"", ""eaque"", ""commodi"", ""ea""]",Ex odit mollitia eveniet.,Pendiente evaluación,60%,Familia,36,No,No,Chilena,$400.000 - $600.000,$2.000.000
CONV-11482,2025-03-31,Vero autem modi libero eligendi fugiat culpa.,25,juana.gomez.demo11179@gmail.com,"[""distinctio"", ""cumque""]",Voluptatum sunt minus officia dolor magnam.,Pendiente evaluación,80%,Cónyuge,36,No,No,Chilena,$600.001 - $900.000,$500.000
CONV-11483,2025-06-14,Rem dolor voluptates sapiente quaerat.,25,juana.gomez.demo11179@gmail.com,"[""minima""]",Fugit quo tempore modi.,Ninguno,80%,Otros,42,Sí,No,Venezolana,$900.001 - $1.200.000,Sin ahorro formal
CONV-11484,2025-09-03,Ab quos adipisci illum. Temporibus dolorem quae adipisci in nemo quaerat.,15,pablo.soto.demo14809@hotmail.com,"[""numquam"", ""cumque""]",Id commodi explicabo unde fugiat ratione.,DS1,40%,Familia,65,No,No,Chilena,$900.001 - $1.200.000,$1.000.000
CONV-11485,2025-05-17,Magni architecto praesentium neque.,14,jose.ortega.demo2469@outlook.com,"[""dolores"", ""repudiandae""]",Tempore corporis repudiandae nesciunt voluptatibus.,DS19,80%,Cónyuge,22,Sí,Sí,Chilena,$900.001 - $1.200.000,$500.000
CONV-11486,2024-12-01,Sapiente dicta ducimus facere sequi.,12,leonor.castillo.demo22587@yahoo.com,"[""cupiditate"", ""non"", ""et""]",Debitis nisi quaerat iusto.,DS19,60%,Otros,69,No,Sí,Chilena,$600.001 - $900.000,$1.000.000
CONV-11487,2025-06-25,Nostrum accusamus sed at.,6,maria.munoz.demo47041@yahoo.com,"[""rem"", ""rerum""]",Aliquid suscipit maiores officiis.,Ninguno,40%,Solo,33,Sí,Sí,Chilena,$400.000 - $600.000,$500.000
CONV-11488,2025-05-05,Error sit magni dicta tempore esse fugiat culpa.,20,maria.munoz.demo47041@yahoo.com,"[""natus"", ""impedit""]",Eveniet veritatis quis eum sint tempore perferendis sapiente.,Pendiente evaluación,40%,Cónyuge,33,No,No,Chilena,$400.000 - $600.000,$1.000.000
CONV-11489,2025-02-04,Voluptates eos quis aspernatur.,18,maria.munoz.demo47041@yahoo.com,"[""illo"", ""assumenda""]",Sapiente earum suscipit id ratione.,Pendiente evaluación,80%,Cónyuge,33,Sí,Sí,Chilena,$900.001 - $1.200.000,$500.000
CONV-11490,2025-03-29,Adipisci ad ipsam minima. Ut accusantium ex corrupti quo.,24,bernarda.hernandez.demo26796@yahoo.com,"[""aut""]",Aut porro vel placeat sunt.,DS1,40%,Familia,21,No,Sí,Chilena,$900.001 - $1.200.000,$500.000
CONV-11491,2025-12-10,Nisi iste pariatur minus beatae.,13,bernarda.hernandez.demo26796@yahoo.com,"[""ex"", ""exercitationem"", ""magnam""]",Aliquid omnis vitae aspernatur sunt incidunt earum accusamus.,DS1,80%,Familia,45,Sí,Sí,Chilena,$600.001 - $900.000,$1.000.000
CONV-11492,2025-10-29,Esse officia commodi explicabo impedit esse quam hic.,4,bernarda.hernandez.demo26796@yahoo.com,"[""animi"", ""praesentium""]",Sapiente explicabo libero est molestias alias.,DS49,80%,Cónyuge,28,Sí,No,Chilena,$900.001 - $1.200.000,Sin ahorro formal
CONV-11493,2024-10-29,Beatae maxime sapiente corporis natus atque laborum neque.,25,flor.sandoval.demo36460@yahoo.com,"[""temporibus""]",Dolores fugit dolore omnis eligendi repellat vel.,DS19,40%,Otros,69,Sí,Sí,Chilena,$900.001 - $1.200.000,$1.000.000
CONV-11494,2024-10-22,Tempore aliquid nostrum ab doloribus. Molestias perspiciatis dicta.,22,flor.sandoval.demo36460@yahoo.com,"[""illo"", ""suscipit"", ""molestiae""]",Voluptatum sed sit corporis.,DS19,No registra,Cónyuge,34,No,Sí,Chilena,$400.000 - $600.000,Sin ahorro formal
CONV-11495,2024-09-22,Quaerat exercitationem reiciendis fugiat id non.,7,andrea.manriquez.demo42080@gmail.com,"[""illo"", ""nemo"", ""maiores""]",Molestias assumenda exercitationem possimus explicabo vitae.,DS1,60%,Solo,29,Sí,Sí,Chilena,$900.001 - $1.200.000,$2.000.000
CONV-11496,2024-12-20,Fugiat quia explicabo animi esse.,25,daniela.arce.demo41029@yahoo.com,"[""mollitia""]",Minus mollitia suscipit laborum.,Pendiente evaluación,60%,Solo,57,Sí,Sí,Chilena,$400.000 - $600.000,$1.000.000
CONV-11497,2024-08-12,Velit reprehenderit fugit esse tenetur.,19,franco.soto.demo33681@hotmail.com,"[""officia"", ""optio""]",Tempora corporis vel.,DS19,No registra,Solo,64,No,No,Chilena,Más de $1.200.000,$1.000.000
CONV-11498,2024-12-21,Vitae eveniet atque. Expedita molestias commodi. Esse sapiente occaecati quam.,20,franco.soto.demo33681@hotmail.com,"[""provident"", ""harum"", ""id""]",Ducimus eos consequuntur adipisci ratione.,DS1,60%,Otros,63,No,No,Chilena,Más de $1.200.000,$1.000.000
CONV-11499,2024-11-26,Expedita temporibus consectetur necessitatibus at voluptatem.,16,franco.soto.demo33681@hotmail.com,"[""eius"", ""ullam"", ""totam"", ""vitae""]",Labore dolores beatae corporis nihil reiciendis.,DS1,No registra,Familia,40,Sí,Sí,Colombiana,$400.000 - $600.000,$2.000.000
CONV-11500,2025-06-04,In voluptatem quae libero rerum. Exercitationem placeat alias ipsa unde sed pariatur.,4,veronica.ulloa.demo105@outlook.com,"[""alias"", ""assumenda"", ""perferendis"", ""iste""]",Adipisci vero delectus explicabo.,DS19,60%,Solo,44,No,No,Chilena,$900.001 - $1.200.000,$2.000.000
CONV-11501,2026-04-29,Quis vel tenetur ducimus totam.,9,veronica.ulloa.demo105@outlook.com,"[""adipisci"", ""accusantium""]",Quis fuga deleniti natus veniam dolor.,Pendiente evaluación,No registra,Cónyuge,32,Sí,No,Chilena,Más de $1.200.000,$2.000.000
CONV-11502,2025-03-22,Voluptate ipsam ducimus nobis tempora fugiat debitis. Corrupti nesciunt a nostrum fuga quisquam.,3,ernestina.navarrete.demo44127@hotmail.com,"[""consequatur"", ""dolorem""]",Praesentium minima dignissimos modi.,DS49,No registra,Otros,65,No,No,Chilena,$400.000 - $600.000,Sin ahorro formal
CONV-11503,2025-10-30,Doloribus quia officiis voluptate dignissimos.,12,catalina.morales.demo18524@hotmail.com,"[""accusamus"", ""fuga""]",Animi exercitationem modi molestias.,DS49,No registra,Cónyuge,45,Sí,No,Colombiana,$400.000 - $600.000,Sin ahorro formal
CONV-11504,2025-04-02,Earum ex maiores adipisci doloremque non provident.,12,catalina.morales.demo18524@hotmail.com,"[""tempore"", ""ad""]",Reprehenderit quam doloremque suscipit facilis mollitia nesciunt.,Ninguno,No registra,Cónyuge,30,No,No,Chilena,$900.001 - $1.200.000,$2.000.000
CONV-11505,2025-01-21,Nulla maxime rerum alias ad adipisci modi. Excepturi ratione distinctio ut perferendis velit.,5,catalina.morales.demo18524@hotmail.com,"[""cum""]",Illum iusto laboriosam omnis ea est.,DS1,40%,Solo,21,No,Sí,Chilena,$900.001 - $1.200.000,$2.000.000
CONV-11506,2025-03-02,Nemo commodi tempore ex odit. Suscipit repellendus eius repudiandae provident ratione.,24,heriberto.toro.demo28800@outlook.com,"[""quos"", ""hic"", ""molestias""]",Libero tempore itaque velit.,DS49,80%,Solo,61,Sí,Sí,Chilena,$600.001 - $900.000,$500.000
CONV-11507,2024-10-19,Nihil nihil distinctio. Omnis esse nihil animi perferendis.,20,rosalia.mendoza.demo8861@yahoo.com,"[""amet"", ""nisi"", ""voluptate""]",Accusantium similique dolores quam labore vero quas.,DS1,60%,Familia,62,No,No,Chilena,Más de $1.200.000,Sin ahorro formal
CONV-11508,2025-11-19,Vero maiores cupiditate ab provident.,5,rosalia.mendoza.demo8861@yahoo.com,"[""eveniet"", ""officia""]",Veritatis possimus eum.,DS1,60%,Solo,24,No,Sí,Chilena,$600.001 - $900.000,$2.000.000
CONV-11509,2025-01-03,Ducimus repudiandae explicabo minus.,25,sofia.bravo.demo28751@hotmail.com,"[""minima"", ""saepe""]",Voluptatem nesciunt necessitatibus illo hic laudantium.,Ninguno,60%,Familia,25,No,Sí,Chilena,$600.001 - $900.000,Sin ahorro formal
CONV-11510,2025-05-24,Sunt non doloribus nam mollitia et.,24,jonathan.rodriguez.demo1805@hotmail.com,"[""rem"", ""odit"", ""sit"", ""dolorum""]",Corrupti fuga at cumque non expedita odio sed.,Ninguno,40%,Cónyuge,39,Sí,No,Chilena,Más de $1.200.000,$2.000.000
CONV-11511,2026-03-02,Aperiam eos esse rem sequi qui hic.,8,jonathan.rodriguez.demo1805@hotmail.com,"[""iusto"", ""dicta"", ""voluptate""]",Magni inventore vel dolores corrupti delectus excepturi itaque.,DS1,80%,Otros,56,Sí,No,Chilena,$400.000 - $600.000,$2.000.000
CONV-11512,2024-09-27,Quia vitae perspiciatis explicabo porro beatae voluptas.,4,jonathan.rodriguez.demo1805@hotmail.com,"[""nihil"", ""totam""]",Voluptatem odio soluta quasi hic rem mollitia.,Ninguno,80%,Solo,19,No,Sí,Chilena,$600.001 - $900.000,$500.000
CONV-11513,2026-03-04,Fugit porro sunt consequatur.,9,loreto.bravo.demo43466@gmail.com,"[""quas""]",Qui illo sapiente magni voluptatum quis.,DS49,40%,Cónyuge,53,No,No,Chilena,$900.001 - $1.200.000,$2.000.000
CONV-11514,2025-04-19,Eum ducimus vitae est eligendi. Culpa magnam laudantium dolorum nesciunt.,11,amelia.alvarez.demo35874@gmail.com,"[""officia""]",Eligendi necessitatibus modi quaerat exercitationem adipisci praesentium.,DS49,60%,Solo,31,No,Sí,Chilena,$900.001 - $1.200.000,$500.000
CONV-11515,2025-10-08,Ea mollitia at itaque a.,17,carlos.delgado.demo45365@yahoo.com,"[""dicta"", ""adipisci"", ""minus"", ""nam""]",Consectetur nihil cupiditate aspernatur nostrum facere dolorum.,DS49,40%,Otros,18,Sí,No,Chilena,$600.001 - $900.000,$1.000.000
CONV-11516,2024-08-02,A quaerat at nulla. Maxime voluptatum temporibus maxime suscipit nobis.,24,carlos.delgado.demo45365@yahoo.com,"[""occaecati""]",Perspiciatis libero provident harum tempore.,Ninguno,60%,Cónyuge,38,Sí,Sí,Chilena,Más de $1.200.000,$2.000.000
CONV-11517,2025-11-25,Itaque qui sint impedit libero ea laborum. Voluptatem deserunt tempore ipsa.,5,felipe.vidal.demo24925@yahoo.com,"[""quam"", ""cumque""]",Veniam molestiae repellat aut.,DS19,60%,Otros,37,No,No,Venezolana,$900.001 - $1.200.000,Sin ahorro formal
CONV-11518,2024-06-28,Molestias harum incidunt sint.,12,joaquin.borquez.demo33825@yahoo.com,"[""qui"", ""vitae"", ""neque"", ""at""]",Blanditiis praesentium facere explicabo.,Pendiente evaluación,40%,Familia,23,No,Sí,Chilena,$900.001 - $1.200.000,$1.000.000
CONV-11519,2025-03-24,Iusto sunt nesciunt explicabo. Ea odit corporis at incidunt.,9,joaquin.borquez.demo33825@yahoo.com,"[""sapiente"", ""neque"", ""maxime""]",Eaque molestias fugit dolores dolores tempora eius.,Ninguno,80%,Cónyuge,54,Sí,Sí,Chilena,Más de $1.200.000,Sin ahorro formal
CONV-11520,2026-03-22,Doloribus aperiam ex nobis. Numquam minus est quaerat mollitia.,17,elias.cortes.demo12535@gmail.com,"[""veniam"", ""perferendis""]",Animi mollitia dolorem dolore.,Pendiente evaluación,40%,Solo,47,Sí,Sí,Chilena,$600.001 - $900.000,$1.000.000
CONV-11521,2024-12-21,Eveniet libero qui qui porro laboriosam.,4,elias.cortes.demo12535@gmail.com,"[""perspiciatis"", ""cumque""]",Nulla autem fugiat quos ratione quos odio.,DS1,No registra,Familia,19,Sí,Sí,Chilena,Más de $1.200.000,$500.000
CONV-11522,2024-12-01,Neque sapiente cumque sunt. Nulla repellendus tempore at rerum omnis ipsa.,21,luis.oyarce.demo29133@yahoo.com,"[""fugit"", ""laboriosam""]",Aspernatur alias porro ea occaecati laboriosam rem.,Pendiente evaluación,60%,Otros,30,Sí,Sí,Chilena,Más de $1.200.000,$2.000.000
CONV-11523,2024-11-20,Maiores fugit voluptatibus nihil atque quae.,11,luis.oyarce.demo29133@yahoo.com,"[""a"", ""voluptates"", ""quibusdam"", ""dicta""]",Quidem ad eos adipisci culpa.,Pendiente evaluación,No registra,Solo,54,Sí,No,Chilena,$600.001 - $900.000,Sin ahorro formal
CONV-11524,2024-08-10,Labore mollitia adipisci blanditiis. Expedita repellat eaque similique.,24,luis.oyarce.demo29133@yahoo.com,"[""aliquid""]",Iure error assumenda.,Ninguno,No registra,Familia,23,No,No,Chilena,$600.001 - $900.000,$1.000.000
CONV-11525,2025-11-22,Sequi accusantium excepturi eaque. Sed dicta velit tempora laudantium. Ab suscipit doloribus.,3,soledad.rebolledo.demo26376@outlook.com,"[""sint"", ""quae"", ""non"", ""accusantium""]",Nemo rem libero neque sit repudiandae voluptatum.,Ninguno,40%,Otros,51,Sí,Sí,Chilena,Más de $1.200.000,Sin ahorro formal
CONV-11526,2024-11-07,Qui ipsum dolores accusamus rerum.,8,soledad.rebolledo.demo26376@outlook.com,"[""ullam"", ""dolor"", ""porro""]",Magnam laborum nisi quas.,DS49,No registra,Solo,56,No,No,Chilena,Más de $1.200.000,$1.000.000
CONV-11527,2025-03-06,Ex nostrum sequi nostrum.,10,emilia.reyes.demo29474@gmail.com,"[""similique"", ""voluptas"", ""repellat"", ""modi""]",Repudiandae officia harum sequi excepturi laudantium nihil et.,DS1,60%,Solo,24,No,Sí,Chilena,$900.001 - $1.200.000,$1.000.000
CONV-11528,2025-04-29,Natus debitis vitae exercitationem repellat.,18,benjamin.villalobos.demo41028@outlook.com,"[""facilis"", ""consequatur"", ""molestias"", ""quibusdam""]",Corrupti cupiditate provident assumenda dicta ea.,DS49,40%,Familia,34,Sí,No,Chilena,$400.000 - $600.000,$500.000
CONV-11529,2024-08-22,Minus possimus tempora soluta similique et eligendi ad.,5,amanda.machuca.demo4867@gmail.com,"[""alias"", ""saepe"", ""dolores"", ""facere""]",Perspiciatis eius natus sit perferendis eum culpa.,Ninguno,No registra,Otros,61,Sí,Sí,Chilena,$900.001 - $1.200.000,$1.000.000
CONV-11530,2026-05-30,Asperiores suscipit aspernatur perspiciatis. Expedita exercitationem at.,23,amanda.machuca.demo4867@gmail.com,"[""quisquam"", ""vel"", ""deserunt"", ""sunt""]",Numquam beatae laboriosam deserunt cum.,DS1,80%,Otros,25,No,Sí,Chilena,$600.001 - $900.000,$500.000
CONV-11531,2026-01-12,Sit dolorum deleniti natus illo. Voluptate eos beatae.,9,amanda.machuca.demo4867@gmail.com,"[""labore"", ""nulla""]",Incidunt temporibus magni illum.,DS1,40%,Cónyuge,22,No,Sí,Chilena,Más de $1.200.000,$2.000.000
CONV-11532,2024-09-21,Vel alias laborum animi.,21,pamela.ulloa.demo9346@outlook.com,"[""eius""]",Illum suscipit ducimus quasi ea repellendus.,DS49,No registra,Familia,45,No,No,Chilena,$600.001 - $900.000,Sin ahorro formal
CONV-11533,2025-11-26,Placeat atque maxime atque iure repudiandae. Commodi beatae assumenda reiciendis.,13,pamela.ulloa.demo9346@outlook.com,"[""soluta""]",Doloremque incidunt voluptates recusandae sunt odit.,Pendiente evaluación,60%,Cónyuge,44,No,No,Chilena,$400.000 - $600.000,$1.000.000
CONV-11534,2025-01-31,Tempore possimus ad eveniet. Corrupti libero deserunt maiores.,4,carlos.vera.demo33967@outlook.com,"[""culpa"", ""ipsam"", ""unde""]",Ad iste repellendus amet eaque mollitia.,Ninguno,40%,Otros,53,No,Sí,Chilena,Más de $1.200.000,$1.000.000
CONV-11535,2026-01-10,Maxime sapiente consequatur. Repudiandae enim totam dicta nostrum dolores animi.,4,daniela.gonzalez.demo7267@outlook.com,"[""earum"", ""nostrum"", ""atque""]",Harum similique optio voluptatum omnis voluptates nulla.,DS49,No registra,Solo,19,No,Sí,Chilena,Más de $1.200.000,Sin ahorro formal
CONV-11536,2025-01-14,Dolorum molestias vero eaque maxime at ex ab.,16,karina.ponce.demo48119@gmail.com,"[""enim"", ""error"", ""voluptates"", ""repudiandae""]",Id error neque nesciunt perspiciatis nemo tempora.,DS19,40%,Familia,33,Sí,Sí,Colombiana,$600.001 - $900.000,$1.000.000
CONV-11537,2025-05-19,Quia dolorum facere aliquam rem dolores. Amet voluptatum soluta quas nemo totam in.,16,christian.jara.demo21184@outlook.com,"[""officia"", ""assumenda""]",Nobis cum ratione eum sunt.,DS49,40%,Familia,33,No,Sí,Chilena,Más de $1.200.000,$2.000.000
CONV-11538,2025-11-24,Recusandae cum corporis animi.,7,raul.gonzalez.demo31805@yahoo.com,"[""sit"", ""eligendi""]",Doloremque a unde rem.,Pendiente evaluación,No registra,Solo,59,Sí,Sí,Chilena,$600.001 - $900.000,$1.000.000
CONV-11539,2025-04-01,Ab blanditiis illo porro.,5,raul.gonzalez.demo31805@yahoo.com,"[""unde"", ""voluptate"", ""eaque"", ""saepe""]",Autem harum voluptas unde fuga.,Ninguno,60%,Otros,27,Sí,Sí,Chilena,$600.001 - $900.000,$500.000
CONV-11540,2025-05-26,Soluta nihil explicabo accusantium.,12,rodrigo.opazo.demo6990@outlook.com,"[""quisquam""]",Nisi qui animi molestiae voluptates.,Ninguno,40%,Otros,64,Sí,No,Peruana,$900.001 - $1.200.000,Sin ahorro formal
CONV-11541,2025-05-26,Repudiandae quasi reiciendis. Tempore quis soluta aut odit. Earum sed inventore.,24,joaquin.moraga.demo20076@outlook.com,"[""tempore"", ""provident"", ""vero"", ""eaque""]",Nobis accusantium voluptas vero ipsam harum minima.,DS49,80%,Solo,29,No,Sí,Chilena,$900.001 - $1.200.000,$1.000.000
CONV-11542,2024-08-21,Voluptates dignissimos porro facilis voluptas nam.,15,joaquin.moraga.demo20076@outlook.com,"[""distinctio"", ""explicabo"", ""minima"", ""ipsam""]",Mollitia ducimus labore in labore.,DS1,No registra,Solo,21,No,No,Chilena,$600.001 - $900.000,$1.000.000
CONV-11543,2025-08-15,Velit laudantium sapiente facilis ea aperiam.,25,joaquin.moraga.demo20076@outlook.com,"[""blanditiis"", ""quibusdam"", ""non""]",Quo voluptas itaque vero.,Pendiente evaluación,60%,Solo,42,No,Sí,Chilena,$400.000 - $600.000,$2.000.000
CONV-11544,2024-06-29,Nesciunt nemo incidunt temporibus dolores.,6,santiago.valdes.demo25174@yahoo.com,"[""facere"", ""commodi"", ""voluptatibus""]",Quam delectus illo error consequatur tempora minus.,Ninguno,No registra,Familia,64,Sí,No,Chilena,$400.000 - $600.000,$500.000
CONV-11545,2025-07-11,Voluptas eligendi repellat nesciunt occaecati.,25,santiago.valdes.demo25174@yahoo.com,"[""dicta"", ""officiis""]",Maiores ab aut.,Ninguno,No registra,Cónyuge,52,Sí,No,Chilena,$600.001 - $900.000,$1.000.000
CONV-11546,2025-02-22,Fugiat a eligendi illum quae optio illum tenetur.,10,santiago.valdes.demo25174@yahoo.com,"[""voluptas"", ""in"", ""nihil""]",Voluptates aliquam aspernatur voluptate.,Ninguno,No registra,Familia,22,No,Sí,Chilena,Más de $1.200.000,$500.000
CONV-11547,2026-02-09,Voluptate officiis at perferendis. Cum nostrum nam error facere fugit voluptate omnis.,16,freddy.lagos.demo5620@yahoo.com,"[""reprehenderit"", ""repellendus""]",Rerum vitae maxime error reprehenderit fuga architecto.,Ninguno,60%,Otros,49,Sí,No,Chilena,Más de $1.200.000,$2.000.000
CONV-11548,2025-04-19,Unde impedit fuga maiores. Consectetur quo quia repellat necessitatibus.,20,fernanda.rodriguez.demo13815@yahoo.com,"[""eos"", ""cum"", ""dolore"", ""dolore""]",Nam dolor inventore.,Ninguno,No registra,Solo,50,Sí,Sí,Chilena,$900.001 - $1.200.000,Sin ahorro formal
CONV-11549,2026-01-13,Odio esse quidem ipsam officia.,16,fernanda.rodriguez.demo13815@yahoo.com,"[""ipsum"", ""labore""]",Officiis maxime dolorem officiis suscipit quo quam.,Pendiente evaluación,40%,Solo,40,Sí,Sí,Chilena,$600.001 - $900.000,$1.000.000
CONV-11550,2025-06-09,Est aut necessitatibus tempora rem debitis dignissimos.,22,fernanda.rodriguez.demo13815@yahoo.com,"[""earum"", ""pariatur""]",Totam quia molestias quibusdam veniam aliquid.,Pendiente evaluación,60%,Otros,67,No,No,Chilena,$900.001 - $1.200.000,$2.000.000
CONV-11551,2026-01-29,Alias natus voluptatem sint saepe corrupti quidem.,13,alamiro.mamani.demo19265@yahoo.com,"[""voluptatum"", ""provident"", ""pariatur"", ""id""]",Ducimus ad iste quas assumenda.,DS1,No registra,Otros,63,Sí,No,Colombiana,Más de $1.200.000,$2.000.000
CONV-11552,2025-09-29,Nihil suscipit harum ea. Nam cumque iste quisquam.,7,alamiro.mamani.demo19265@yahoo.com,"[""in"", ""consectetur"", ""velit""]",Repudiandae officia beatae adipisci excepturi.,Pendiente evaluación,40%,Otros,41,No,Sí,Venezolana,$900.001 - $1.200.000,$500.000
CONV-11553,2024-07-05,Ullam cum similique et doloribus ipsam dicta. Quisquam quae hic provident.,20,norma.silva.demo21756@gmail.com,"[""incidunt""]",Suscipit soluta modi possimus ipsa reprehenderit quod.,Pendiente evaluación,80%,Cónyuge,37,Sí,No,Chilena,$900.001 - $1.200.000,$500.000
CONV-11554,2024-10-29,Neque perferendis illo neque.,17,norma.silva.demo21756@gmail.com,"[""quia"", ""accusantium"", ""at"", ""error""]",Nesciunt dicta qui nesciunt sunt nesciunt amet accusantium.,DS1,60%,Otros,38,Sí,Sí,Chilena,$400.000 - $600.000,$500.000
CONV-11555,2025-12-08,Est nostrum minima dolores eaque vitae impedit.,18,norma.silva.demo21756@gmail.com,"[""autem"", ""non"", ""dolorem"", ""enim""]",Excepturi impedit quidem omnis ullam amet debitis.,DS19,40%,Otros,37,Sí,No,Chilena,$400.000 - $600.000,$500.000
CONV-11556,2025-02-09,Reprehenderit autem consectetur saepe quam illo nostrum vero.,15,maria.guerrero.demo23297@gmail.com,"[""tempora""]",Beatae animi temporibus nisi eligendi nesciunt.,Pendiente evaluación,No registra,Familia,26,No,No,Chilena,Más de $1.200.000,$500.000
CONV-11557,2026-04-18,Recusandae possimus temporibus pariatur ipsa atque. Eaque ullam ex tenetur aperiam magni sint.,6,maria.guerrero.demo23297@gmail.com,"[""fugit"", ""eos""]",Laborum animi ducimus est aspernatur repellendus doloribus.,DS49,No registra,Familia,33,No,No,Chilena,$600.001 - $900.000,Sin ahorro formal
CONV-11558,2024-08-04,Temporibus cum error occaecati cupiditate.,23,maria.guerrero.demo23297@gmail.com,"[""qui"", ""quas"", ""placeat"", ""dolores""]",Laborum dolores deleniti ut unde labore aliquid.,Pendiente evaluación,No registra,Solo,64,Sí,Sí,Chilena,$900.001 - $1.200.000,$1.000.000
CONV-11559,2025-10-24,Aliquam quam quos rerum dicta.,20,guillermo.quezada.demo37753@outlook.com,"[""quos""]",Incidunt esse veniam aliquid aliquid eum.,DS49,No registra,Cónyuge,70,No,Sí,Chilena,$900.001 - $1.200.000,$500.000
CONV-11560,2024-12-06,Iusto officia esse odit error asperiores.,20,celia.lara.demo12258@hotmail.com,"[""ducimus"", ""libero"", ""repellendus""]",Esse quidem beatae magnam numquam.,Pendiente evaluación,No registra,Familia,59,No,No,Chilena,$600.001 - $900.000,$1.000.000
CONV-11561,2024-07-06,Architecto accusantium nostrum deleniti voluptate in.,7,celia.lara.demo12258@hotmail.com,"[""suscipit"", ""ex"", ""qui""]",Molestias suscipit sit odio dolorum harum libero.,Ninguno,80%,Familia,64,No,Sí,Chilena,$600.001 - $900.000,Sin ahorro formal
CONV-11562,2025-10-20,Quibusdam ratione voluptas animi commodi magnam provident amet.,18,celia.lara.demo12258@hotmail.com,"[""quibusdam"", ""quisquam""]",Vel ex modi reprehenderit.,DS19,80%,Solo,35,Sí,Sí,Chilena,Más de $1.200.000,Sin ahorro formal
CONV-11563,2026-03-27,Totam inventore necessitatibus sit nihil praesentium et voluptatum.,21,sofia.rocha.demo6732@gmail.com,"[""esse"", ""facilis"", ""quae"", ""quisquam""]",Eaque voluptates nam quis.,Ninguno,80%,Cónyuge,66,No,Sí,Chilena,$400.000 - $600.000,$2.000.000
CONV-11564,2026-03-25,Sequi iste accusamus possimus. Harum ipsum dignissimos.,19,sofia.rocha.demo6732@gmail.com,"[""assumenda""]",Neque libero debitis ea molestias.,Pendiente evaluación,40%,Familia,21,No,No,Chilena,$900.001 - $1.200.000,$2.000.000
CONV-11565,2026-04-03,Quae maxime beatae.,15,marianela.hernandez.demo10914@hotmail.com,"[""quaerat"", ""impedit"", ""sapiente""]",Ea ullam debitis laboriosam.,Ninguno,60%,Otros,19,Sí,No,Chilena,$400.000 - $600.000,$2.000.000
CONV-11566,2025-07-03,Aliquid expedita vero vitae quaerat magni ipsum.,4,marianela.hernandez.demo10914@hotmail.com,"[""impedit"", ""quam"", ""facere"", ""quam""]",Deserunt tempore quo molestias amet in.,Pendiente evaluación,No registra,Otros,70,Sí,Sí,Chilena,$400.000 - $600.000,$2.000.000
CONV-11567,2025-09-04,Sequi neque molestiae animi.,20,marianela.hernandez.demo10914@hotmail.com,"[""autem"", ""libero"", ""alias"", ""hic""]",Minus cumque voluptates repellat assumenda architecto.,DS1,80%,Cónyuge,59,Sí,No,Chilena,$400.000 - $600.000,$1.000.000
CONV-11568,2025-10-20,Dolore deserunt nihil veniam quasi.,4,ruben.velasquez.demo46819@hotmail.com,"[""eos"", ""magnam""]",Ipsam magnam a officiis veniam laborum.,DS1,40%,Solo,22,Sí,No,Chilena,Más de $1.200.000,Sin ahorro formal
CONV-11569,2026-01-01,Iure nesciunt tempore animi.,8,ruben.velasquez.demo46819@hotmail.com,"[""officiis"", ""voluptatibus"", ""nihil""]",Adipisci corporis a voluptatibus quia.,DS19,80%,Familia,64,No,No,Chilena,$900.001 - $1.200.000,$1.000.000
CONV-11570,2025-08-13,Accusamus id sunt perferendis accusamus voluptatem tenetur.,11,ruben.velasquez.demo46819@hotmail.com,"[""ea"", ""vitae"", ""alias"", ""beatae""]",Mollitia necessitatibus rerum doloribus nam esse blanditiis.,DS19,80%,Otros,20,No,Sí,Chilena,$600.001 - $900.000,$500.000
CONV-11571,2025-05-12,Distinctio enim corporis ab laborum excepturi nemo vel.,5,luisa.escobar.demo30102@gmail.com,"[""illo"", ""suscipit""]",Corrupti soluta eius mollitia a.,DS19,40%,Solo,64,No,Sí,Chilena,$600.001 - $900.000,$2.000.000
CONV-11572,2026-04-24,Distinctio placeat provident porro sit amet tempore.,8,miguel.urzua.demo18468@hotmail.com,"[""ut"", ""repellat"", ""minus""]",Asperiores quam assumenda.,Pendiente evaluación,60%,Solo,21,No,Sí,Chilena,$600.001 - $900.000,$1.000.000
CONV-11573,2026-05-26,Odit impedit velit occaecati eaque minus incidunt sapiente.,12,juana.acevedo.demo16187@hotmail.com,"[""laboriosam"", ""accusamus"", ""impedit""]",Magni laboriosam necessitatibus asperiores impedit.,DS1,60%,Otros,61,Sí,Sí,Chilena,$400.000 - $600.000,$2.000.000
CONV-11574,2025-09-18,Error iure asperiores. Odio itaque numquam modi hic quisquam.,10,juana.acevedo.demo16187@hotmail.com,"[""excepturi"", ""similique"", ""voluptatibus""]",Vitae repellat ab assumenda sequi asperiores.,DS49,No registra,Solo,62,No,No,Venezolana,$400.000 - $600.000,$1.000.000
CONV-11575,2026-01-02,In voluptatibus ab neque. Pariatur necessitatibus recusandae.,13,juana.acevedo.demo16187@hotmail.com,"[""perspiciatis"", ""quas""]",Optio commodi dolorem libero temporibus nemo quaerat.,DS19,No registra,Familia,28,Sí,Sí,Chilena,$900.001 - $1.200.000,$500.000
CONV-11576,2024-10-06,Explicabo nostrum id exercitationem.,6,angie.almonacid.demo49579@outlook.com,"[""odio"", ""debitis"", ""quibusdam"", ""alias""]",Nihil at tempore vel voluptatibus soluta quidem.,DS49,No registra,Cónyuge,43,No,No,Chilena,$400.000 - $600.000,$2.000.000
CONV-11577,2025-01-09,Explicabo facilis hic amet ipsam vel quis.,20,norma.gomez.demo7634@yahoo.com,"[""a"", ""ducimus""]",Ducimus dolore atque officia.,DS19,40%,Familia,25,Sí,No,Chilena,Más de $1.200.000,$1.000.000
CONV-11578,2024-09-10,Veritatis deserunt quam. Voluptates officiis optio qui ab.,9,norma.gomez.demo7634@yahoo.com,"[""eligendi"", ""dolore"", ""magni"", ""blanditiis""]",Soluta quod quae id minus consequatur nisi.,DS49,40%,Cónyuge,29,Sí,Sí,Chilena,$400.000 - $600.000,Sin ahorro formal
CONV-11579,2024-06-19,Deleniti delectus debitis architecto impedit.,17,norma.gomez.demo7634@yahoo.com,"[""veritatis"", ""harum"", ""praesentium""]",Provident esse assumenda ducimus numquam.,DS1,40%,Otros,33,No,No,Chilena,$400.000 - $600.000,$1.000.000
CONV-11580,2025-07-19,Iure consequatur sint hic.,25,adelina.contreras.demo1023@outlook.com,"[""quasi""]",Eligendi veniam animi eaque enim odio inventore.,DS49,No registra,Solo,40,No,Sí,Chilena,Más de $1.200.000,$2.000.000
CONV-11581,2026-02-05,Omnis nisi eveniet molestiae neque.,12,israel.montecinos.demo16949@hotmail.com,"[""ullam"", ""nam""]",Earum quaerat eius voluptates excepturi hic.,DS19,40%,Familia,33,No,Sí,Peruana,Más de $1.200.000,$1.000.000
CONV-11582,2025-09-09,Repellat quia doloremque aliquam doloribus. Nulla maxime maxime tenetur quos.,9,israel.montecinos.demo16949@hotmail.com,"[""hic"", ""incidunt""]",Excepturi officiis harum magnam quis nostrum repellat.,Pendiente evaluación,No registra,Cónyuge,55,Sí,No,Venezolana,$900.001 - $1.200.000,$500.000
CONV-11583,2024-11-18,Et sequi incidunt autem. Vitae neque delectus autem.,24,israel.montecinos.demo16949@hotmail.com,"[""ratione""]",Tempora nesciunt assumenda beatae vitae.,DS1,60%,Solo,56,Sí,No,Chilena,$900.001 - $1.200.000,$1.000.000
CONV-11584,2024-12-06,Inventore sunt pariatur.,7,maritza.delgado.demo11877@outlook.com,"[""consequuntur"", ""ut""]",Molestias quia id atque ut.,DS1,No registra,Solo,49,Sí,No,Chilena,$900.001 - $1.200.000,$2.000.000
CONV-11585,2024-09-24,Vitae nostrum facere excepturi debitis excepturi.,20,maritza.delgado.demo11877@outlook.com,"[""dolor"", ""amet"", ""placeat""]",Et asperiores itaque ipsa quibusdam cum repudiandae.,DS49,No registra,Otros,57,Sí,No,Venezolana,Más de $1.200.000,$1.000.000
CONV-11586,2025-07-04,Aliquid eum alias commodi sed dolores dolorem. A commodi molestiae accusantium.,19,maritza.delgado.demo11877@outlook.com,"[""tempore""]",Numquam cupiditate mollitia repudiandae exercitationem.,Ninguno,No registra,Familia,18,No,No,Chilena,$900.001 - $1.200.000,Sin ahorro formal
CONV-11587,2024-10-14,Quaerat neque aliquid adipisci ipsam illum.,10,gonzalo.valderrama.demo45476@outlook.com,"[""porro""]",Error nam excepturi officia.,DS49,60%,Otros,31,Sí,Sí,Chilena,$400.000 - $600.000,$1.000.000
CONV-11588,2024-07-12,Voluptate repellendus sint ratione nisi.,8,francisco.avila.demo9164@gmail.com,"[""reprehenderit"", ""nihil"", ""dolorum"", ""quia""]",Nihil magni voluptas doloremque maiores.,DS1,60%,Familia,38,Sí,Sí,Chilena,Más de $1.200.000,$500.000
CONV-11589,2025-01-05,Aliquam nesciunt quis dolores ratione cupiditate.,10,francisco.avila.demo9164@gmail.com,"[""quia""]",Praesentium tempora laboriosam quaerat magnam dolores.,Ninguno,No registra,Cónyuge,28,No,No,Chilena,$400.000 - $600.000,Sin ahorro formal
CONV-11590,2024-08-17,Vel repudiandae et neque voluptates quas.,22,filomena.segovia.demo51336@gmail.com,"[""molestiae"", ""consectetur"", ""ipsum""]",Ducimus unde illum nobis.,Pendiente evaluación,40%,Otros,35,Sí,No,Chilena,$900.001 - $1.200.000,$1.000.000
CONV-11591,2025-08-27,Dolores ipsum sapiente dolore. Nihil facere in vitae necessitatibus.,23,filomena.segovia.demo51336@gmail.com,"[""occaecati"", ""culpa""]",Accusantium mollitia repellendus eum voluptatum.,DS1,No registra,Otros,55,Sí,No,Chilena,$900.001 - $1.200.000,$1.000.000
CONV-11592,2026-04-11,Numquam aliquam et vero culpa rerum.,20,victor.roman.demo15847@hotmail.com,"[""quo"", ""qui"", ""pariatur"", ""suscipit""]",Accusamus quisquam ad ratione numquam amet dolor.,Ninguno,60%,Otros,49,Sí,No,Colombiana,Más de $1.200.000,$1.000.000
CONV-11593,2025-12-12,Ratione aliquam accusantium exercitationem quae illum.,18,hector.uribe.demo3300@gmail.com,"[""aut"", ""distinctio""]",Repudiandae quo hic laudantium dicta provident.,DS19,No registra,Familia,66,No,No,Chilena,$400.000 - $600.000,$1.000.000
CONV-11594,2024-08-12,Explicabo aliquam debitis numquam.,10,hector.uribe.demo3300@gmail.com,"[""porro"", ""eos"", ""perferendis"", ""illum""]",At consequatur voluptas suscipit.,Ninguno,80%,Familia,66,No,Sí,Chilena,$900.001 - $1.200.000,$1.000.000
CONV-11595,2025-01-24,Perferendis fugiat nostrum non hic provident.,16,hector.uribe.demo3300@gmail.com,"[""facilis"", ""praesentium"", ""deserunt""]",Dolore maiores vel ullam.,DS19,No registra,Familia,18,No,No,Chilena,Más de $1.200.000,$1.000.000
CONV-11596,2025-09-16,Expedita soluta autem dolore. Quia et recusandae dolore.,5,matilde.sanchez.demo32448@outlook.com,"[""rerum"", ""nesciunt"", ""officia""]",Adipisci quis nemo voluptas aperiam ipsa.,DS1,40%,Cónyuge,61,Sí,No,Chilena,$400.000 - $600.000,$1.000.000
CONV-11597,2025-04-14,Eos deleniti distinctio laudantium harum molestias. Incidunt nulla error in fuga ea iure.,4,claudio.pardo.demo42989@yahoo.com,"[""eligendi"", ""voluptas""]",Ducimus sit eveniet asperiores repellendus.,Pendiente evaluación,60%,Otros,62,Sí,No,Chilena,$400.000 - $600.000,Sin ahorro formal
CONV-11598,2025-03-08,Vero ipsam delectus veritatis corrupti. In nihil laborum recusandae.,23,guillermo.sanhueza.demo13381@outlook.com,"[""aut"", ""animi""]",Consectetur sint animi aliquid cum alias.,Ninguno,60%,Solo,45,Sí,No,Chilena,$900.001 - $1.200.000,$2.000.000
CONV-11599,2024-11-20,Tempora quia aperiam sed dolore itaque accusantium voluptatibus.,12,guillermo.sanhueza.demo13381@outlook.com,"[""nemo"", ""facilis"", ""enim""]",Doloribus sapiente quas voluptatem soluta corrupti animi numquam.,Ninguno,60%,Familia,39,No,No,Chilena,Más de $1.200.000,$500.000
CONV-11600,2025-05-18,Aspernatur sequi fuga dicta eaque. Facere ad tenetur quidem.,14,guillermo.sanhueza.demo13381@outlook.com,"[""dicta""]",Assumenda porro accusamus ex consectetur tenetur.,DS49,No registra,Solo,22,No,Sí,Chilena,$400.000 - $600.000,$1.000.000
CONV-11601,2026-01-13,Nesciunt itaque error.,23,sandro.rivas.demo37528@yahoo.com,"[""dicta"", ""saepe""]",Non aperiam corrupti unde quo cupiditate possimus.,Ninguno,80%,Otros,19,Sí,Sí,Chilena,Más de $1.200.000,$2.000.000
CONV-11602,2025-01-10,Enim consectetur necessitatibus aut.,13,sandro.rivas.demo37528@yahoo.com,"[""tenetur""]",Rem molestias voluptate eveniet.,DS19,80%,Otros,57,No,Sí,Chilena,$600.001 - $900.000,$500.000
CONV-11603,2024-12-27,Alias ab numquam cupiditate debitis unde.,20,jose.cornejo.demo34586@hotmail.com,"[""repellat""]",Aut harum sed exercitationem.,DS49,No registra,Cónyuge,26,No,Sí,Chilena,$400.000 - $600.000,$500.000
CONV-11604,2024-08-22,At corrupti culpa libero excepturi iure. Ex illum et cupiditate.,7,juan.moran.demo34035@gmail.com,"[""possimus"", ""excepturi""]",Ea fuga pariatur.,DS49,80%,Otros,36,Sí,No,Chilena,Más de $1.200.000,$2.000.000
CONV-11605,2024-11-16,Tempore soluta accusamus maiores beatae quaerat.,9,juan.moran.demo34035@gmail.com,"[""laudantium"", ""culpa""]",Minima magnam explicabo autem.,DS49,60%,Familia,42,Sí,Sí,Chilena,$400.000 - $600.000,Sin ahorro formal
CONV-11606,2026-01-22,Excepturi error aspernatur qui harum fugiat veniam.,9,juan.moran.demo34035@gmail.com,"[""nobis""]",Deserunt excepturi quo veniam sint dolores.,Ninguno,No registra,Familia,63,Sí,Sí,Chilena,$600.001 - $900.000,$1.000.000
CONV-11607,2024-06-05,Consequatur perferendis aliquam dolor aliquam. Dolore cupiditate quia accusamus officia.,14,daniel.escobar.demo47721@gmail.com,"[""iste"", ""aliquid""]",Sapiente itaque at minima magni harum.,DS49,40%,Cónyuge,69,Sí,No,Chilena,$600.001 - $900.000,$500.000
CONV-11608,2024-07-25,Corporis blanditiis inventore aperiam laborum quis.,19,daniel.escobar.demo47721@gmail.com,"[""quasi"", ""a"", ""exercitationem""]",Consequuntur adipisci laborum eligendi quasi consectetur deserunt.,DS49,60%,Cónyuge,57,Sí,No,Chilena,$400.000 - $600.000,$2.000.000
CONV-11609,2026-01-15,Accusantium alias doloremque eligendi eligendi.,18,daniel.escobar.demo47721@gmail.com,"[""perspiciatis""]",Tempora ratione soluta veritatis qui voluptatem dolores facilis.,Ninguno,80%,Otros,21,No,Sí,Chilena,$600.001 - $900.000,$2.000.000
CONV-11610,2024-10-03,Provident molestiae magni quidem temporibus porro magni distinctio.,23,silvia.bravo.demo4671@gmail.com,"[""illo"", ""perspiciatis"", ""beatae"", ""magni""]",Ipsum accusamus vitae mollitia eos.,DS19,80%,Solo,27,Sí,No,Chilena,$400.000 - $600.000,$2.000.000
CONV-11611,2026-01-25,At voluptatum magnam non ratione aperiam voluptatibus quidem.,12,silvia.bravo.demo4671@gmail.com,"[""dolore"", ""unde"", ""laboriosam"", ""alias""]",Laudantium reprehenderit esse modi cum.,DS19,No registra,Otros,41,Sí,Sí,Venezolana,Más de $1.200.000,Sin ahorro formal
CONV-11612,2024-09-18,Optio aut quidem tempora labore natus.,4,silvia.bravo.demo4671@gmail.com,"[""nisi"", ""autem""]",Quia neque animi laboriosam.,DS49,No registra,Otros,62,Sí,Sí,Chilena,Más de $1.200.000,$500.000
CONV-11613,2026-01-19,Modi ratione doloremque similique itaque dignissimos.,19,marcia.ramos.demo38329@gmail.com,"[""aliquid""]",Repellendus fugiat sunt laudantium sit.,Pendiente evaluación,No registra,Solo,67,Sí,No,Chilena,$400.000 - $600.000,$1.000.000
CONV-11614,2024-10-07,Officia laudantium aut saepe veritatis incidunt quisquam.,23,marcia.ramos.demo38329@gmail.com,"[""necessitatibus"", ""corporis""]",Aut est animi placeat aliquid maiores.,DS1,80%,Solo,62,Sí,No,Chilena,$600.001 - $900.000,$1.000.000
CONV-11615,2026-01-22,Porro minima doloremque dignissimos.,8,marcia.ramos.demo38329@gmail.com,"[""corrupti"", ""tempora"", ""velit"", ""officia""]",Aut error sed molestias autem molestias quod saepe.,DS19,40%,Familia,29,Sí,No,Chilena,$600.001 - $900.000,$500.000
CONV-11616,2024-06-14,Iusto corrupti amet sunt quasi nobis ipsum.,6,jaime.rodriguez.demo32889@outlook.com,"[""voluptatem""]",Ullam itaque sequi consequuntur modi.,Ninguno,40%,Otros,35,No,Sí,Venezolana,$900.001 - $1.200.000,$500.000
CONV-11617,2026-05-23,Dolor qui fuga voluptates. Id nesciunt illo dolor.,3,jesus.celis.demo21677@gmail.com,"[""tempore"", ""dignissimos"", ""aliquam""]",Ut alias illum.,DS19,40%,Familia,51,No,Sí,Colombiana,$400.000 - $600.000,Sin ahorro formal
CONV-11618,2025-08-06,Accusamus deserunt reprehenderit nesciunt.,21,jesus.celis.demo21677@gmail.com,"[""consequuntur"", ""veritatis""]",Ut itaque sunt necessitatibus consequatur sunt harum.,DS1,No registra,Cónyuge,24,Sí,No,Chilena,$400.000 - $600.000,$500.000
CONV-11619,2024-07-13,Recusandae optio accusamus animi nemo ullam. Repudiandae id corrupti molestiae.,6,rodrigo.fernandez.demo24164@hotmail.com,"[""doloribus"", ""suscipit""]",Mollitia sunt quaerat perspiciatis labore a mollitia.,Ninguno,80%,Otros,41,Sí,Sí,Chilena,Más de $1.200.000,$2.000.000
CONV-11620,2026-05-18,Distinctio eveniet animi architecto eos quo accusantium.,14,leidy.vera.demo30558@yahoo.com,"[""doloribus"", ""sunt"", ""vel""]",Fugit quod sapiente itaque.,Pendiente evaluación,No registra,Cónyuge,27,Sí,No,Chilena,$600.001 - $900.000,$500.000
CONV-11621,2024-09-18,Placeat magnam laudantium temporibus pariatur esse a.,22,leidy.vera.demo30558@yahoo.com,"[""error"", ""totam"", ""mollitia"", ""veritatis""]",Earum cum assumenda dolore nemo dolore.,Ninguno,80%,Cónyuge,59,Sí,Sí,Chilena,$900.001 - $1.200.000,$1.000.000
CONV-11622,2025-09-10,Harum ipsum assumenda nostrum.,14,emilia.quiroz.demo42911@hotmail.com,"[""placeat""]",Tempore nemo optio impedit.,Pendiente evaluación,60%,Cónyuge,30,Sí,Sí,Chilena,$600.001 - $900.000,$1.000.000
CONV-11623,2025-11-25,Sequi nisi voluptate sapiente aliquam. In alias rem voluptatem corrupti.,15,emilia.quiroz.demo42911@hotmail.com,"[""similique"", ""eveniet"", ""soluta"", ""quibusdam""]",Labore est atque molestias aperiam.,DS1,40%,Familia,28,No,No,Chilena,$400.000 - $600.000,$1.000.000
CONV-11624,2025-07-14,Rerum laudantium architecto alias minima.,22,emilia.quiroz.demo42911@hotmail.com,"[""excepturi"", ""aperiam"", ""tempora"", ""quidem""]",Ipsum laudantium vel quo iusto.,Ninguno,60%,Otros,51,Sí,Sí,Chilena,Más de $1.200.000,$500.000
CONV-11625,2025-07-28,Animi ullam vitae fugiat.,7,jessica.campos.demo1034@gmail.com,"[""odio"", ""consequatur"", ""suscipit"", ""optio""]",Labore officia nemo ipsum ut ab sunt.,Pendiente evaluación,80%,Familia,21,No,Sí,Chilena,$600.001 - $900.000,$500.000
CONV-11626,2025-01-07,Qui possimus repellendus blanditiis quo ipsum.,23,jessica.campos.demo1034@gmail.com,"[""laudantium""]",Maxime rerum explicabo aliquam aut.,Ninguno,40%,Familia,55,No,No,Chilena,$400.000 - $600.000,$2.000.000
CONV-11627,2025-04-05,Recusandae aliquid eligendi omnis omnis.,24,jessica.campos.demo1034@gmail.com,"[""doloremque""]",Minus voluptatem corrupti saepe cupiditate quam.,DS19,80%,Otros,26,Sí,Sí,Chilena,$400.000 - $600.000,$2.000.000
CONV-11628,2025-05-24,Totam facere modi quam tempore dolor fuga.,23,fernando.rojas.demo3192@yahoo.com,"[""deleniti"", ""sit"", ""laborum""]",Dolore ipsum dolorem laudantium temporibus amet.,DS49,40%,Cónyuge,69,No,Sí,Chilena,$600.001 - $900.000,$500.000
CONV-11629,2024-09-15,In iste dolorem odio repudiandae aliquid.,14,fredy.moreno.demo48816@gmail.com,"[""recusandae"", ""molestiae"", ""quod""]",Dignissimos velit explicabo pariatur similique aut.,DS49,80%,Familia,20,No,No,Chilena,$400.000 - $600.000,$1.000.000
CONV-11630,2025-02-17,Consequuntur adipisci voluptatum soluta fugiat.,21,fredy.moreno.demo48816@gmail.com,"[""minima"", ""dignissimos"", ""pariatur"", ""reprehenderit""]",Magni a deleniti eveniet nesciunt exercitationem.,Pendiente evaluación,80%,Solo,48,No,No,Chilena,Más de $1.200.000,$500.000
CONV-11631,2026-04-12,Doloremque laboriosam repellendus possimus. Ipsa occaecati sint saepe pariatur impedit modi rem.,25,daniela.reyes.demo11591@hotmail.com,"[""aut"", ""et"", ""voluptatibus"", ""laboriosam""]",Mollitia officia non voluptates repellat illum.,DS19,40%,Solo,23,Sí,No,Chilena,$900.001 - $1.200.000,Sin ahorro formal
CONV-11632,2024-11-03,Nam eos consequuntur maxime praesentium. Magni saepe consectetur quisquam sunt.,20,jennifer.retamales.demo8400@yahoo.com,"[""nisi""]",A saepe nulla provident dignissimos.,DS19,80%,Cónyuge,65,Sí,No,Chilena,$400.000 - $600.000,$500.000
CONV-11633,2026-03-12,Doloribus ullam sequi. Vel repudiandae ipsam libero error.,14,patricia.nunez.demo29394@outlook.com,"[""accusamus""]",Aperiam necessitatibus itaque iure laborum.,DS1,40%,Solo,43,No,No,Chilena,$400.000 - $600.000,$1.000.000
CONV-11634,2024-06-05,Maiores ipsum ut molestiae dicta fugiat.,15,patricia.nunez.demo29394@outlook.com,"[""accusamus"", ""labore"", ""repudiandae"", ""aliquid""]",Quis saepe nulla voluptatibus provident modi nobis.,DS49,No registra,Solo,38,No,No,Venezolana,$400.000 - $600.000,Sin ahorro formal
CONV-11635,2024-10-12,Facilis reiciendis provident ea quo repellendus. Inventore aspernatur porro mollitia est.,4,raul.molina.demo19425@gmail.com,"[""cumque""]",Similique animi aspernatur earum laudantium corrupti.,DS19,80%,Solo,36,Sí,Sí,Chilena,$900.001 - $1.200.000,$500.000
CONV-11636,2025-02-26,Eveniet quis tempora ducimus numquam consequatur.,18,raul.molina.demo19425@gmail.com,"[""perferendis""]",Maiores voluptatem vel dignissimos consequatur similique.,DS19,40%,Solo,39,No,No,Chilena,$400.000 - $600.000,$1.000.000
CONV-11637,2026-04-24,Repudiandae voluptates in possimus dolore fugit.,22,marco.moreno.demo6918@hotmail.com,"[""aliquid"", ""voluptates"", ""natus"", ""quaerat""]",Delectus exercitationem atque ullam totam vel dolor expedita.,DS1,No registra,Cónyuge,36,No,No,Colombiana,$900.001 - $1.200.000,$500.000
CONV-11638,2026-05-24,Dolor similique maxime. Dolore alias dignissimos.,19,bruno.vargas.demo2667@gmail.com,"[""sunt"", ""excepturi"", ""quidem"", ""quidem""]",Odio eaque unde magni.,DS49,40%,Cónyuge,61,No,Sí,Chilena,$400.000 - $600.000,$500.000
CONV-11639,2026-01-02,Incidunt veritatis consequatur officiis eveniet.,4,bruno.vargas.demo2667@gmail.com,"[""distinctio"", ""rem"", ""soluta""]",Quasi dolores ab cumque earum.,DS49,60%,Solo,50,No,No,Chilena,$900.001 - $1.200.000,Sin ahorro formal
CONV-11640,2026-01-14,Optio iure deleniti necessitatibus maiores molestiae quasi. Sed eius ipsam omnis quam.,10,luis.fuentes.demo51021@yahoo.com,"[""optio"", ""quo""]",Illum maiores expedita expedita quae inventore illum pariatur.,Ninguno,60%,Familia,66,No,No,Chilena,$400.000 - $600.000,$2.000.000
CONV-11641,2025-01-03,Iste delectus quae ullam aut. Beatae ipsam quo excepturi animi dolorum.,19,luis.fuentes.demo51021@yahoo.com,"[""fugiat"", ""velit""]",Recusandae labore asperiores ratione temporibus quod.,Pendiente evaluación,40%,Cónyuge,21,Sí,Sí,Venezolana,$600.001 - $900.000,$1.000.000
CONV-11642,2024-06-27,Unde aperiam quo ut non facilis.,15,nancy.molina.demo34120@outlook.com,"[""doloribus"", ""perferendis"", ""quae""]",Molestiae ea repellendus voluptatibus aperiam.,Ninguno,40%,Otros,28,Sí,No,Chilena,$600.001 - $900.000,$2.000.000
CONV-11643,2025-08-18,Facilis autem consectetur. Sequi earum iusto sint natus error mollitia.,25,nancy.molina.demo34120@outlook.com,"[""aperiam"", ""ab"", ""accusantium"", ""dolorum""]",Consequuntur fugit harum dignissimos accusamus eum tempore cum.,Ninguno,40%,Cónyuge,37,No,Sí,Chilena,$900.001 - $1.200.000,$500.000
CONV-11644,2025-02-19,Hic tempore id natus in. Doloribus et dolores.,7,nancy.molina.demo34120@outlook.com,"[""iste"", ""repellendus"", ""similique""]",Nostrum temporibus nihil perferendis tenetur odit.,Ninguno,40%,Solo,43,No,No,Chilena,$900.001 - $1.200.000,Sin ahorro formal
CONV-11645,2024-09-14,Explicabo dolores quam.,5,patricio.rojas.demo14993@gmail.com,"[""fugiat"", ""perspiciatis"", ""ducimus""]",Iste asperiores tempore optio porro temporibus quod.,DS1,80%,Solo,68,No,No,Chilena,$400.000 - $600.000,$1.000.000
CONV-11646,2025-04-04,Quis magnam quasi dolores nihil autem. At quia earum odit.,20,patricio.rojas.demo14993@gmail.com,"[""hic""]",Nobis voluptatibus minus fuga autem molestias.,Ninguno,60%,Otros,18,Sí,Sí,Chilena,$600.001 - $900.000,$2.000.000
CONV-11647,2025-06-21,Pariatur officiis illum atque distinctio adipisci.,20,lissette.castillo.demo38551@yahoo.com,"[""incidunt"", ""similique"", ""ut"", ""saepe""]",Odio necessitatibus dolore ipsam veniam dolor impedit similique.,DS1,60%,Solo,60,Sí,No,Chilena,Más de $1.200.000,$2.000.000
CONV-11648,2024-08-03,Harum nisi aliquid dolor commodi nostrum magni.,24,lissette.castillo.demo38551@yahoo.com,"[""perspiciatis"", ""amet"", ""perferendis"", ""tempore""]",Delectus architecto voluptatibus porro deserunt qui facilis.,Pendiente evaluación,No registra,Familia,61,No,No,Colombiana,Más de $1.200.000,Sin ahorro formal
CONV-11649,2024-10-13,Rem fugiat amet asperiores voluptatibus illo itaque.,17,lissette.castillo.demo38551@yahoo.com,"[""commodi""]",Vero hic at iure repellendus.,Ninguno,80%,Familia,44,Sí,Sí,Chilena,Más de $1.200.000,$1.000.000
CONV-11650,2026-04-20,Vitae minima molestias sint dignissimos minus non.,9,gisselle.sanchez.demo51694@gmail.com,"[""omnis"", ""quaerat"", ""dolore"", ""saepe""]",Sit iste voluptatum perspiciatis sunt.,Pendiente evaluación,No registra,Solo,69,No,No,Chilena,$900.001 - $1.200.000,Sin ahorro formal
CONV-11651,2025-01-11,Exercitationem doloribus nostrum. Reprehenderit enim illum.,8,gisselle.sanchez.demo51694@gmail.com,"[""tenetur"", ""vero"", ""reiciendis""]",Autem adipisci fuga nostrum.,DS19,80%,Familia,28,Sí,No,Colombiana,$600.001 - $900.000,$500.000
CONV-11652,2024-11-06,Repellat accusantium iusto repellat dicta sequi numquam esse.,4,graciela.pineda.demo34828@gmail.com,"[""quam"", ""numquam""]",Officiis delectus nulla id mollitia quaerat asperiores.,DS49,No registra,Cónyuge,66,Sí,No,Colombiana,$400.000 - $600.000,Sin ahorro formal
CONV-11653,2026-02-21,Eaque illum corrupti perspiciatis odit quod.,17,marco.cordero.demo27689@outlook.com,"[""dolores"", ""natus"", ""nobis"", ""asperiores""]",Iusto repudiandae numquam consequatur voluptatum labore.,DS49,60%,Otros,62,Sí,Sí,Chilena,Más de $1.200.000,Sin ahorro formal
CONV-11654,2025-09-27,Quibusdam quasi laudantium minus vel voluptatum amet.,15,marco.cordero.demo27689@outlook.com,"[""sint"", ""atque"", ""iure"", ""neque""]",Soluta vitae quas nemo facilis.,Ninguno,40%,Familia,19,Sí,Sí,Colombiana,$900.001 - $1.200.000,$2.000.000
CONV-11655,2024-07-15,Est corporis pariatur nobis a ad. Minus sit non commodi. Fugit vero quidem minima itaque.,5,robert.fuentes.demo20272@outlook.com,"[""eum"", ""occaecati""]",Ipsa impedit voluptatibus nulla.,DS19,60%,Familia,45,No,No,Chilena,$600.001 - $900.000,$1.000.000
CONV-11656,2024-11-04,Saepe nesciunt eum sequi. Quisquam quidem vero deserunt magnam. Maxime magni quasi autem.,22,robert.fuentes.demo20272@outlook.com,"[""quidem"", ""enim""]",Accusamus fugit aspernatur rerum impedit.,Ninguno,60%,Solo,43,No,No,Chilena,$400.000 - $600.000,$1.000.000
CONV-11657,2026-05-28,Laborum voluptas tempora incidunt quas temporibus sequi.,17,vanessa.henriquez.demo3274@yahoo.com,"[""consequatur"", ""temporibus"", ""dolore""]",Tempora aspernatur rem voluptatibus ea eum.,DS19,No registra,Otros,63,No,Sí,Chilena,$600.001 - $900.000,$500.000
CONV-11658,2025-07-02,Provident incidunt perspiciatis. Dolores numquam earum culpa.,16,vanessa.henriquez.demo3274@yahoo.com,"[""ut""]",Facilis porro numquam sunt a non dolore natus.,DS49,40%,Solo,65,No,Sí,Chilena,Más de $1.200.000,$500.000
CONV-11659,2025-11-15,Aut consectetur libero accusamus ipsam nesciunt occaecati itaque.,18,vanessa.henriquez.demo3274@yahoo.com,"[""cumque"", ""libero""]",Reiciendis tempora aliquam tempora.,DS1,No registra,Solo,60,No,Sí,Peruana,$400.000 - $600.000,$500.000
CONV-11660,2024-06-11,Repudiandae nam ipsam a dolore ut laborum. Asperiores magni omnis ratione.,17,diego.tapia.demo2256@gmail.com,"[""ullam"", ""sed""]",Distinctio excepturi iusto reiciendis eaque amet error.,DS1,60%,Otros,18,Sí,Sí,Chilena,$400.000 - $600.000,$500.000
CONV-11661,2026-01-26,Cupiditate occaecati animi quam eaque.,5,diego.tapia.demo2256@gmail.com,"[""voluptatibus"", ""accusamus"", ""a""]",Eveniet consequatur odit eligendi.,DS19,No registra,Cónyuge,39,No,No,Chilena,$400.000 - $600.000,$2.000.000
CONV-11662,2025-07-09,Consequatur voluptate molestiae ipsum voluptatem porro esse.,25,diego.tapia.demo2256@gmail.com,"[""repellat""]",Beatae similique ea aliquam.,DS19,60%,Familia,44,Sí,No,Chilena,Más de $1.200.000,Sin ahorro formal
CONV-11663,2025-11-24,Ad facere fuga inventore eligendi libero.,9,nury.godoy.demo20531@outlook.com,"[""deleniti"", ""doloribus"", ""cum"", ""quae""]",Officiis libero cumque velit.,Pendiente evaluación,60%,Solo,50,Sí,No,Chilena,$900.001 - $1.200.000,Sin ahorro formal
CONV-11664,2025-10-05,Labore recusandae est doloremque perferendis at totam vel.,4,nury.godoy.demo20531@outlook.com,"[""nobis"", ""veniam"", ""repudiandae""]",Doloremque facere soluta eligendi similique rem architecto.,Ninguno,No registra,Familia,20,Sí,No,Chilena,$600.001 - $900.000,$500.000
CONV-11665,2026-04-05,Dolore quisquam tempore nemo.,25,nury.godoy.demo20531@outlook.com,"[""quam"", ""iusto"", ""adipisci""]",Quis natus provident voluptates autem.,Ninguno,60%,Cónyuge,64,No,No,Chilena,Más de $1.200.000,$500.000
CONV-11666,2026-01-27,Dignissimos ducimus non.,23,norma.vejar.demo11283@hotmail.com,"[""laboriosam""]",Qui corrupti delectus quod quidem sed.,Ninguno,40%,Cónyuge,43,Sí,Sí,Chilena,$900.001 - $1.200.000,Sin ahorro formal
CONV-11667,2024-06-28,Et excepturi laudantium ullam eos totam nihil.,7,cintia.arias.demo3605@hotmail.com,"[""eaque"", ""repellat"", ""sit""]",Exercitationem tenetur quasi animi.,DS49,40%,Solo,40,No,Sí,Chilena,$900.001 - $1.200.000,Sin ahorro formal
CONV-11668,2025-12-26,A harum praesentium facilis ex iusto in.,13,cintia.arias.demo3605@hotmail.com,"[""ipsa"", ""placeat"", ""doloremque""]",Quod voluptatem qui iste fugiat facilis harum.,Ninguno,80%,Solo,49,No,No,Chilena,$400.000 - $600.000,$500.000
CONV-11669,2025-01-10,Mollitia vitae autem. Excepturi ipsa et inventore rem nemo.,21,cintia.arias.demo3605@hotmail.com,"[""ipsum"", ""occaecati"", ""facere"", ""autem""]",Asperiores repellendus nostrum facilis consectetur voluptatum in facilis.,DS49,60%,Solo,20,Sí,No,Chilena,$400.000 - $600.000,$500.000
CONV-11670,2024-07-19,Deserunt mollitia tenetur doloremque. Voluptates amet adipisci temporibus esse.,21,renato.romero.demo16656@outlook.com,"[""odio""]",Nam voluptatibus mollitia quisquam numquam id.,DS19,60%,Solo,55,Sí,No,Chilena,$600.001 - $900.000,$2.000.000
CONV-11671,2026-02-12,Delectus dignissimos possimus.,10,renato.romero.demo16656@outlook.com,"[""magni""]",Necessitatibus neque tenetur.,Pendiente evaluación,60%,Otros,46,Sí,Sí,Chilena,$900.001 - $1.200.000,$500.000
CONV-11672,2024-06-05,Repellat voluptates iusto quia ipsam.,3,priscilla.herrera.demo3772@hotmail.com,"[""quasi""]",Fugiat repudiandae aliquam.,DS1,40%,Solo,67,Sí,No,Chilena,$400.000 - $600.000,$1.000.000
CONV-11673,2026-01-21,Ipsam dolore blanditiis ullam maiores in.,13,priscilla.herrera.demo3772@hotmail.com,"[""quas"", ""dolor"", ""nostrum""]",Vel numquam necessitatibus ea et alias quae.,DS19,40%,Cónyuge,48,No,Sí,Chilena,$600.001 - $900.000,Sin ahorro formal
CONV-11674,2025-07-29,Tempora nisi repellat autem. Itaque voluptatum blanditiis labore quo laudantium.,19,priscilla.herrera.demo3772@hotmail.com,"[""aut"", ""quidem""]",Perferendis id cumque sunt blanditiis qui.,Ninguno,60%,Familia,38,No,Sí,Peruana,Más de $1.200.000,$2.000.000
CONV-11675,2024-09-23,Ipsam sit debitis maiores iusto.,7,rodrigo.valenzuela.demo8437@yahoo.com,"[""explicabo"", ""libero"", ""modi"", ""alias""]",Enim eius magni explicabo debitis ratione nam sint.,DS49,No registra,Solo,44,Sí,No,Chilena,$600.001 - $900.000,$1.000.000
CONV-11676,2025-01-15,Natus quas nulla perspiciatis velit est. Hic inventore officiis.,15,rodrigo.valenzuela.demo8437@yahoo.com,"[""voluptatibus"", ""laboriosam"", ""harum""]",Corporis laboriosam nam ipsum fugit nisi laborum dignissimos.,DS1,No registra,Otros,22,No,No,Chilena,$600.001 - $900.000,Sin ahorro formal
CONV-11677,2026-02-08,Qui cum dolorum provident facilis.,3,rodrigo.valenzuela.demo8437@yahoo.com,"[""voluptas""]",Necessitatibus quibusdam blanditiis minus aut.,DS19,No registra,Otros,64,Sí,Sí,Chilena,$900.001 - $1.200.000,$500.000
CONV-11678,2025-07-06,Sit voluptas porro fugit inventore modi esse.,22,rayen.vega.demo33547@outlook.com,"[""illo"", ""fugit"", ""nobis"", ""provident""]",Officiis corporis adipisci sapiente quia mollitia sint.,DS49,80%,Familia,29,Sí,Sí,Chilena,Más de $1.200.000,$1.000.000
CONV-11679,2026-01-20,Iste quia placeat praesentium.,3,rayen.vega.demo33547@outlook.com,"[""delectus"", ""totam"", ""doloribus"", ""blanditiis""]",Laudantium deserunt ipsum nisi accusantium.,DS19,40%,Solo,63,No,No,Chilena,$400.000 - $600.000,$500.000
CONV-11680,2025-06-26,Velit maiores vel laborum quas est.,4,rayen.vega.demo33547@outlook.com,"[""ut""]",Ut animi omnis laborum voluptatum excepturi.,Ninguno,No registra,Solo,21,No,Sí,Chilena,$400.000 - $600.000,Sin ahorro formal
CONV-11681,2025-11-30,Repellendus eveniet nulla excepturi ex asperiores minima. Neque eum eius eos.,10,maria.moya.demo49914@hotmail.com,"[""tenetur"", ""cum"", ""est""]",Magni voluptate officia nisi beatae praesentium.,DS19,80%,Solo,42,Sí,No,Chilena,Más de $1.200.000,$500.000
CONV-11682,2025-03-01,Omnis iste suscipit itaque. Ad expedita delectus.,17,rosario.berrios.demo44511@hotmail.com,"[""ullam""]",Voluptas mollitia nobis quos quo reiciendis.,DS1,No registra,Solo,67,Sí,Sí,Chilena,$600.001 - $900.000,$1.000.000
CONV-11683,2025-06-04,Consequatur nostrum ullam hic facere tempora repellendus. Fugit alias illo nesciunt culpa odit.,17,luis.palma.demo47605@outlook.com,"[""nesciunt""]",Possimus optio excepturi voluptas ea.,Ninguno,40%,Cónyuge,23,No,Sí,Chilena,$600.001 - $900.000,$1.000.000
CONV-11684,2026-01-20,Optio corrupti reiciendis culpa.,24,luis.palma.demo47605@outlook.com,"[""possimus"", ""quas""]",Ea maiores dolore quibusdam suscipit.,DS1,80%,Cónyuge,25,Sí,Sí,Chilena,$600.001 - $900.000,$2.000.000
CONV-11685,2025-07-03,Dolorem possimus omnis ducimus eum aut at. Vel eos qui odit.,10,cecilia.perez.demo4438@hotmail.com,"[""quas"", ""nam""]",Quo dolore cupiditate fuga cum itaque perspiciatis laborum.,Pendiente evaluación,60%,Cónyuge,50,No,No,Chilena,$600.001 - $900.000,$500.000
CONV-11686,2026-02-27,Cum voluptatibus qui libero laudantium. Cum consequatur laudantium molestias reprehenderit.,17,juan.espinoza.demo40035@hotmail.com,"[""accusamus"", ""iusto"", ""expedita"", ""architecto""]",Consequuntur libero facere.,Ninguno,No registra,Solo,47,No,Sí,Chilena,$900.001 - $1.200.000,$2.000.000
CONV-11687,2026-05-19,Provident hic voluptates incidunt pariatur saepe.,8,juan.espinoza.demo40035@hotmail.com,"[""consequuntur"", ""molestiae"", ""eius"", ""eum""]",Perspiciatis veritatis sapiente quam saepe itaque molestiae corporis.,Ninguno,No registra,Otros,69,No,No,Chilena,$900.001 - $1.200.000,Sin ahorro formal
CONV-11688,2025-09-15,Magnam dolorum sed provident recusandae labore cumque.,24,juan.espinoza.demo40035@hotmail.com,"[""tenetur"", ""laudantium"", ""porro""]",Hic odio odio error nihil.,DS1,80%,Solo,24,No,Sí,Chilena,$400.000 - $600.000,Sin ahorro formal
CONV-11689,2025-05-07,A blanditiis voluptate vitae animi.,24,eugenio.molina.demo50913@hotmail.com,"[""in""]",Esse officiis animi commodi error.,DS19,80%,Solo,58,No,No,Chilena,$400.000 - $600.000,$1.000.000
CONV-11690,2025-07-04,Tempora cumque perferendis repellat pariatur.,9,eugenio.molina.demo50913@hotmail.com,"[""maiores"", ""aliquam""]",Nam excepturi nobis praesentium veniam.,Ninguno,60%,Cónyuge,23,No,No,Chilena,$600.001 - $900.000,Sin ahorro formal
CONV-11691,2026-03-16,Nisi ipsam ipsa asperiores.,25,eugenio.ojeda.demo43172@outlook.com,"[""delectus""]",Maxime at suscipit facilis alias ipsum adipisci.,DS19,No registra,Cónyuge,39,No,Sí,Chilena,Más de $1.200.000,Sin ahorro formal
CONV-11692,2025-08-19,Veniam possimus totam. Quam ducimus tempora nihil perferendis itaque.,4,eugenio.ojeda.demo43172@outlook.com,"[""perspiciatis"", ""reiciendis"", ""dignissimos"", ""consequuntur""]",Ea eius voluptatibus a similique non ea alias.,Pendiente evaluación,60%,Otros,68,No,Sí,Chilena,$600.001 - $900.000,$2.000.000
CONV-11693,2024-11-09,Tenetur inventore in fuga.,7,maria.rivera.demo297@gmail.com,"[""molestiae"", ""hic"", ""aspernatur""]",Nesciunt est enim provident voluptatibus numquam.,DS1,40%,Solo,28,Sí,No,Chilena,$600.001 - $900.000,$2.000.000
CONV-11694,2024-08-14,Asperiores iure sapiente culpa ut voluptatum in corrupti.,6,javiera.lazcano.demo26351@outlook.com,"[""tempora""]",Ducimus vel voluptates totam omnis.,DS1,80%,Otros,48,Sí,No,Peruana,$400.000 - $600.000,$500.000
CONV-11695,2025-01-15,Laudantium delectus accusamus adipisci. Nisi rerum dolorem aspernatur.,10,javiera.lazcano.demo26351@outlook.com,"[""iure""]",Officiis necessitatibus deleniti saepe tempore non vitae.,DS1,40%,Solo,22,Sí,Sí,Chilena,Más de $1.200.000,$1.000.000
CONV-11696,2026-02-10,Maxime perferendis perferendis nobis at. Animi est veritatis minus.,23,javiera.lazcano.demo26351@outlook.com,"[""similique"", ""nulla"", ""distinctio""]",Blanditiis molestiae natus dolores cum laborum molestiae quod.,DS49,No registra,Familia,45,No,No,Chilena,$600.001 - $900.000,$1.000.000
CONV-11697,2024-11-18,Consequatur est harum ipsum. Repudiandae nesciunt sed repellat commodi.,16,maria.toledo.demo5671@outlook.com,"[""odio"", ""nihil""]",Facilis quod sapiente blanditiis.,DS19,No registra,Cónyuge,28,Sí,No,Chilena,$400.000 - $600.000,$500.000
CONV-11698,2025-08-18,Impedit esse ad temporibus.,19,maria.toledo.demo5671@outlook.com,"[""aspernatur"", ""explicabo""]",Ipsum tempore harum est ipsam.,Pendiente evaluación,60%,Cónyuge,35,Sí,No,Chilena,$600.001 - $900.000,$1.000.000
CONV-11699,2024-09-28,Exercitationem dicta voluptates perspiciatis minima.,18,maria.toledo.demo5671@outlook.com,"[""atque"", ""vel"", ""ut""]",Animi doloremque commodi id dolore temporibus.,Pendiente evaluación,40%,Familia,21,Sí,No,Chilena,$600.001 - $900.000,$1.000.000
CONV-11700,2026-04-17,Cupiditate nobis laboriosam numquam iure atque. Illo voluptatibus eos excepturi.,3,lorena.villa.demo27439@gmail.com,"[""ipsum"", ""a"", ""praesentium"", ""a""]",Ab provident rem quisquam alias nihil.,Pendiente evaluación,40%,Cónyuge,24,Sí,Sí,Chilena,Más de $1.200.000,$2.000.000
CONV-11701,2024-12-24,Commodi ullam asperiores temporibus itaque dolore eum.,9,genaro.bustamante.demo14964@gmail.com,"[""incidunt"", ""vel""]",Animi culpa illo rem error sunt minima.,DS19,60%,Cónyuge,44,Sí,No,Colombiana,$600.001 - $900.000,$500.000
CONV-11702,2025-01-21,Expedita magnam cum cupiditate facere. Quo quae delectus laudantium fuga.,18,mariano.flores.demo9621@yahoo.com,"[""ratione"", ""sit"", ""sint"", ""aspernatur""]",Dolorem culpa quaerat fugiat iure sed dolores.,Pendiente evaluación,60%,Otros,50,Sí,No,Chilena,$400.000 - $600.000,$1.000.000
CONV-11703,2025-05-15,Commodi in dolor explicabo accusamus distinctio.,13,sebastian.pacheco.demo5781@outlook.com,"[""quo""]",Autem iure numquam at veritatis laboriosam accusamus quis.,DS1,40%,Otros,30,Sí,Sí,Chilena,$400.000 - $600.000,$2.000.000
CONV-11704,2026-02-04,Sunt ab at blanditiis. Ipsum perspiciatis deserunt ducimus porro aut.,25,sebastian.pacheco.demo5781@outlook.com,"[""beatae"", ""ex"", ""unde"", ""dolores""]",Quas facilis maxime sunt quae amet.,DS1,80%,Familia,37,No,No,Chilena,$900.001 - $1.200.000,Sin ahorro formal
CONV-11705,2025-12-28,Ipsam molestias magnam adipisci reprehenderit commodi labore. Labore assumenda soluta.,5,pascuala.medina.demo30750@hotmail.com,"[""voluptatibus"", ""repellat"", ""perspiciatis"", ""nostrum""]",Nisi veritatis reiciendis tempora.,Ninguno,80%,Cónyuge,55,No,Sí,Chilena,$900.001 - $1.200.000,$1.000.000
CONV-11706,2024-06-11,Ducimus illo voluptate saepe adipisci quas.,5,pascuala.medina.demo30750@hotmail.com,"[""veniam""]",Commodi laboriosam facere nesciunt et aperiam.,DS49,60%,Familia,49,No,Sí,Chilena,$600.001 - $900.000,$1.000.000
CONV-11707,2026-05-12,Fugit optio maxime doloribus quos ducimus possimus.,7,pascuala.medina.demo30750@hotmail.com,"[""veniam"", ""veniam""]",Et voluptates repellat vitae impedit.,DS1,No registra,Cónyuge,57,Sí,Sí,Chilena,$600.001 - $900.000,Sin ahorro formal
CONV-11708,2025-10-08,Aut enim ipsam ex eos eum minus ratione.,3,luisa.rodriguez.demo41768@gmail.com,"[""perspiciatis"", ""minus"", ""doloribus"", ""ullam""]",Consequatur sit est iure dolor cumque consequuntur.,Ninguno,No registra,Cónyuge,34,Sí,Sí,Chilena,Más de $1.200.000,$500.000
CONV-11709,2024-06-13,Hic incidunt mollitia velit assumenda porro.,16,luisa.rodriguez.demo41768@gmail.com,"[""minus"", ""porro"", ""quisquam""]",Odio rem facilis quos.,Pendiente evaluación,No registra,Otros,23,No,Sí,Chilena,Más de $1.200.000,Sin ahorro formal
CONV-11710,2024-10-16,Similique rerum consequuntur repellendus voluptatum a laudantium.,10,julian.herrera.demo21494@gmail.com,"[""iusto"", ""quam"", ""neque"", ""facere""]",Ipsam voluptatum laboriosam magnam impedit nostrum officia.,DS1,60%,Cónyuge,67,Sí,No,Chilena,$400.000 - $600.000,$1.000.000
CONV-11711,2025-04-08,Harum ratione reiciendis consectetur cupiditate tempore facere.,4,julian.herrera.demo21494@gmail.com,"[""magni"", ""consequatur"", ""quae"", ""impedit""]",Aliquid voluptates numquam sit dignissimos corrupti molestias deleniti.,DS49,80%,Familia,44,No,No,Chilena,$900.001 - $1.200.000,$2.000.000
CONV-11712,2024-09-08,Saepe exercitationem quis accusamus quae.,9,julian.herrera.demo21494@gmail.com,"[""nulla"", ""eum"", ""suscipit"", ""officiis""]",Alias eum esse.,DS49,40%,Otros,44,No,Sí,Chilena,$600.001 - $900.000,Sin ahorro formal
CONV-11713,2024-10-14,Magni quasi omnis quidem vero a.,15,antonieta.vasquez.demo14192@outlook.com,"[""reiciendis"", ""repudiandae""]",Ipsum officiis aperiam praesentium perferendis optio consequuntur.,Ninguno,40%,Solo,54,No,Sí,Chilena,Más de $1.200.000,Sin ahorro formal
CONV-11714,2025-01-31,Dicta aperiam temporibus doloremque id. Illo eligendi ea sed ea fugit.,6,maria.orellana.demo303@gmail.com,"[""odit"", ""nam"", ""itaque"", ""alias""]",Odio perferendis accusamus voluptatem hic non aut.,Pendiente evaluación,60%,Familia,66,No,No,Chilena,$600.001 - $900.000,$1.000.000
CONV-11715,2025-12-21,Magnam asperiores eveniet vel.,24,catalina.velasquez.demo8932@yahoo.com,"[""optio"", ""quam"", ""asperiores""]",Quod omnis quos tempore consequatur eius laborum.,Ninguno,60%,Cónyuge,22,Sí,Sí,Chilena,$900.001 - $1.200.000,$1.000.000
CONV-11716,2025-09-16,Suscipit ipsam iusto.,13,jorge.gutierrez.demo19377@gmail.com,"[""dolore"", ""autem"", ""neque"", ""ad""]",Molestiae hic eligendi nobis.,Ninguno,No registra,Solo,49,Sí,No,Colombiana,$600.001 - $900.000,Sin ahorro formal
CONV-11717,2025-03-26,Illum illum adipisci laudantium quidem eius.,24,jorge.gutierrez.demo19377@gmail.com,"[""commodi"", ""modi"", ""sint"", ""occaecati""]",Illum consequatur repellendus qui sapiente labore ea.,Ninguno,No registra,Familia,64,No,Sí,Chilena,$400.000 - $600.000,$500.000
CONV-11718,2024-11-29,Occaecati harum occaecati eveniet incidunt maxime mollitia. Harum saepe amet veritatis.,20,jorge.gutierrez.demo19377@gmail.com,"[""eius"", ""qui""]",Quaerat magnam est tempore voluptatibus pariatur minus.,DS49,40%,Familia,48,No,Sí,Chilena,$400.000 - $600.000,Sin ahorro formal
CONV-11719,2026-04-09,Magni harum occaecati. Consequatur labore officia eveniet.,24,jose.quispe.demo29302@yahoo.com,"[""totam"", ""laborum"", ""officia"", ""cumque""]",Asperiores maiores porro minima quaerat dolor dolorum.,DS19,60%,Otros,64,Sí,Sí,Chilena,Más de $1.200.000,$2.000.000
CONV-11720,2024-11-03,Eveniet nihil voluptatem aliquam tempora debitis.,25,jose.quispe.demo29302@yahoo.com,"[""cum"", ""amet"", ""voluptatum"", ""itaque""]",Ex officiis inventore quibusdam minima.,DS19,No registra,Solo,39,No,Sí,Venezolana,$600.001 - $900.000,$1.000.000
CONV-11721,2026-05-18,Tenetur blanditiis inventore magnam ipsam error illum.,22,benjamin.navarro.demo50677@hotmail.com,"[""quia"", ""omnis"", ""quisquam"", ""officia""]",Veritatis recusandae quis soluta totam ratione laudantium.,Pendiente evaluación,No registra,Solo,20,Sí,No,Chilena,$600.001 - $900.000,$500.000
CONV-11722,2025-06-03,Possimus quod optio quis. Fuga debitis sapiente aperiam eveniet provident animi.,7,benjamin.navarro.demo50677@hotmail.com,"[""quis""]",Doloribus atque quis modi alias deleniti iusto.,Pendiente evaluación,80%,Cónyuge,35,Sí,Sí,Chilena,Más de $1.200.000,$1.000.000
CONV-11723,2026-03-04,Rerum facilis aperiam nobis maiores optio.,6,benjamin.navarro.demo50677@hotmail.com,"[""officiis"", ""magnam"", ""omnis""]",Voluptate voluptatum corrupti minus molestias cum.,Ninguno,40%,Familia,47,Sí,Sí,Chilena,$400.000 - $600.000,$2.000.000
CONV-11724,2024-10-23,Aperiam beatae earum perferendis.,5,ana.salgado.demo7346@outlook.com,"[""dicta""]",Sunt suscipit nam quibusdam dicta fugiat est.,DS1,40%,Cónyuge,58,No,Sí,Chilena,Más de $1.200.000,$1.000.000
CONV-11725,2025-07-12,Alias incidunt quae assumenda quod vero eaque repellat.,10,ana.salgado.demo7346@outlook.com,"[""cumque"", ""inventore"", ""molestias"", ""quos""]",Commodi vero eius similique amet.,Ninguno,No registra,Cónyuge,39,No,No,Chilena,$600.001 - $900.000,$2.000.000
CONV-11726,2024-12-31,Corporis velit quas dolorum. Accusantium accusantium ut ratione repudiandae.,25,fabiola.hermosilla.demo832@gmail.com,"[""error"", ""voluptates"", ""earum"", ""necessitatibus""]",Alias blanditiis occaecati quo nam.,DS19,40%,Otros,42,No,Sí,Chilena,$400.000 - $600.000,$1.000.000
CONV-11727,2024-09-23,Expedita commodi corporis sunt accusamus. Architecto provident sed sed.,11,fabiola.hermosilla.demo832@gmail.com,"[""voluptatibus"", ""voluptatem""]",Tenetur velit unde porro cum maxime commodi.,DS19,60%,Solo,31,Sí,Sí,Chilena,$400.000 - $600.000,$1.000.000
CONV-11728,2026-04-13,Fugit minima quasi temporibus. Quibusdam error voluptatibus placeat.,19,carlos.nunez.demo27228@outlook.com,"[""nobis"", ""quas""]",Repellat vitae consequuntur aspernatur tempora.,DS49,80%,Solo,23,No,Sí,Chilena,Más de $1.200.000,$500.000
CONV-11729,2025-12-13,Quam eum consequatur.,19,carlos.nunez.demo27228@outlook.com,"[""deserunt"", ""voluptates"", ""perspiciatis""]",Nihil perferendis voluptatem.,Ninguno,40%,Familia,37,No,Sí,Chilena,$600.001 - $900.000,$1.000.000
CONV-11730,2025-05-28,Molestiae eum animi laboriosam sunt non autem. Repellat tenetur sit.,14,carlos.nunez.demo27228@outlook.com,"[""similique"", ""numquam""]",Placeat mollitia similique consequatur nostrum quod.,DS1,No registra,Solo,66,No,No,Chilena,$400.000 - $600.000,Sin ahorro formal
CONV-11731,2025-06-18,Quibusdam facilis animi laboriosam nemo. Doloribus nihil est.,9,yesenia.molina.demo30574@hotmail.com,"[""rem""]",Et maxime laudantium nobis.,Ninguno,80%,Familia,25,No,Sí,Chilena,$900.001 - $1.200.000,Sin ahorro formal
CONV-11732,2026-04-13,Impedit quae nisi modi velit.,20,yesenia.molina.demo30574@hotmail.com,"[""facilis"", ""dolorum"", ""minus""]",Nam expedita numquam aspernatur sit.,DS1,No registra,Solo,49,No,Sí,Chilena,$600.001 - $900.000,$2.000.000
CONV-11733,2026-02-19,Aliquam tenetur eveniet incidunt earum aliquid. Libero iste modi eveniet nobis nisi.,18,barbara.alvarez.demo18282@hotmail.com,"[""veritatis""]",Eius voluptatum libero.,DS19,80%,Otros,58,Sí,No,Chilena,$400.000 - $600.000,Sin ahorro formal
CONV-11734,2024-07-15,Sunt maxime cumque tempora dolores. Ducimus deserunt ad assumenda eius.,10,felipe.mamani.demo46438@outlook.com,"[""molestias"", ""possimus"", ""adipisci""]",Aut incidunt nam velit ratione reiciendis incidunt at.,Pendiente evaluación,40%,Solo,20,Sí,No,Chilena,$900.001 - $1.200.000,$1.000.000
CONV-11735,2025-12-17,Totam alias provident.,5,felipe.mamani.demo46438@outlook.com,"[""incidunt"", ""totam"", ""consequuntur"", ""libero""]",Suscipit culpa iusto omnis vitae.,DS1,60%,Solo,52,Sí,No,Chilena,$400.000 - $600.000,$500.000
CONV-11736,2026-03-03,Accusantium veniam doloribus aut facilis. Officiis modi odit ad architecto.,4,blanca.romero.demo22539@hotmail.com,"[""mollitia"", ""alias"", ""ratione"", ""sed""]",Sit unde qui aperiam consequatur enim cum.,DS19,40%,Solo,46,Sí,Sí,Chilena,$600.001 - $900.000,$2.000.000
CONV-11737,2025-03-19,Necessitatibus quibusdam deserunt. Odio voluptates error sint.,23,blanca.romero.demo22539@hotmail.com,"[""reiciendis""]",Ad cumque earum harum magni.,Pendiente evaluación,No registra,Otros,51,Sí,Sí,Colombiana,Más de $1.200.000,$1.000.000
CONV-11738,2025-08-06,Necessitatibus ullam repellendus officiis.,20,benjamin.barrios.demo36933@gmail.com,"[""aliquam"", ""alias"", ""ex"", ""voluptas""]",Assumenda ducimus at vitae temporibus explicabo vitae.,Ninguno,80%,Solo,48,No,No,Venezolana,$400.000 - $600.000,Sin ahorro formal
CONV-11739,2026-02-28,Eum illo aliquid nesciunt. Iusto perferendis cumque.,25,benjamin.barrios.demo36933@gmail.com,"[""tenetur"", ""saepe"", ""iste""]",Quibusdam iste totam quae.,DS19,40%,Solo,19,Sí,No,Chilena,$400.000 - $600.000,Sin ahorro formal
CONV-11740,2025-10-15,Aliquid a quas nostrum ipsa.,14,benjamin.barrios.demo36933@gmail.com,"[""maiores"", ""accusantium"", ""voluptates"", ""mollitia""]",Quas veritatis magnam velit officia.,DS1,60%,Solo,47,Sí,Sí,Chilena,Más de $1.200.000,Sin ahorro formal
CONV-11741,2024-12-03,Alias consequuntur expedita temporibus officiis.,3,alvaro.lara.demo37151@yahoo.com,"[""natus"", ""rerum"", ""reiciendis""]",Sint adipisci odio vitae minus.,DS1,No registra,Cónyuge,58,No,No,Chilena,$900.001 - $1.200.000,$500.000
CONV-11742,2024-06-11,Eius doloribus quasi vero sunt. Vel incidunt enim tenetur minus atque. Assumenda ea sit.,7,alvaro.lara.demo37151@yahoo.com,"[""sit"", ""libero""]",Repudiandae impedit totam modi.,DS1,80%,Cónyuge,21,Sí,Sí,Chilena,$600.001 - $900.000,$500.000
CONV-11743,2025-10-09,Magnam omnis placeat voluptatem.,12,alvaro.lara.demo37151@yahoo.com,"[""maiores"", ""cumque"", ""vitae"", ""a""]",Omnis nulla voluptas praesentium assumenda hic.,Ninguno,60%,Otros,66,No,Sí,Chilena,Más de $1.200.000,$500.000
CONV-11744,2026-03-19,Enim laborum sed fuga doloribus nostrum pariatur.,25,gaspar.cabrera.demo38513@gmail.com,"[""modi"", ""doloremque"", ""quidem""]",Hic voluptas maxime autem sunt.,DS49,No registra,Otros,39,No,Sí,Chilena,$400.000 - $600.000,$500.000
CONV-11745,2025-02-25,Iure saepe et quisquam impedit voluptatum.,10,gaspar.cabrera.demo38513@gmail.com,"[""optio""]",Tenetur repellat dignissimos quisquam.,Pendiente evaluación,60%,Otros,70,No,Sí,Chilena,$400.000 - $600.000,$2.000.000
CONV-11746,2025-06-28,Molestiae dignissimos molestias labore.,15,gaspar.cabrera.demo38513@gmail.com,"[""consequuntur"", ""totam"", ""dicta"", ""quia""]",Voluptates quod reprehenderit illo molestias nostrum.,Ninguno,No registra,Otros,53,No,Sí,Venezolana,$400.000 - $600.000,Sin ahorro formal
CONV-11747,2026-04-05,Nam eius accusamus tempore.,17,carolina.munoz.demo17418@outlook.com,"[""commodi""]",Veniam quo eveniet esse.,Ninguno,40%,Familia,21,Sí,No,Chilena,$400.000 - $600.000,$2.000.000
CONV-11748,2024-08-11,Sunt sequi vitae in velit fugit atque.,7,antonia.munoz.demo14771@yahoo.com,"[""id"", ""eligendi"", ""ut""]",Nisi nihil odit praesentium doloremque.,DS1,40%,Solo,66,Sí,No,Colombiana,$400.000 - $600.000,$1.000.000
CONV-11749,2025-02-22,Nemo tempora sint quis eligendi non. Qui impedit sapiente aspernatur.,14,antonia.munoz.demo14771@yahoo.com,"[""eveniet""]",Eum consectetur maxime odit inventore voluptate.,Pendiente evaluación,40%,Cónyuge,51,Sí,No,Chilena,$900.001 - $1.200.000,Sin ahorro formal
CONV-11750,2026-01-28,Autem eveniet dolores. Officia incidunt dignissimos.,16,fernando.vega.demo47854@hotmail.com,"[""dolorem"", ""nihil"", ""eveniet""]",Aspernatur doloremque in voluptatum asperiores nostrum.,Pendiente evaluación,No registra,Cónyuge,59,No,No,Chilena,$400.000 - $600.000,Sin ahorro formal
CONV-11751,2024-07-25,Minus ad nostrum necessitatibus qui provident inventore.,5,leonardo.mercado.demo20332@outlook.com,"[""maiores"", ""repellendus""]",Minima distinctio exercitationem suscipit.,DS49,80%,Cónyuge,25,Sí,No,Colombiana,$900.001 - $1.200.000,Sin ahorro formal
CONV-11752,2025-06-08,Laudantium quam dolore magnam ipsam ad consectetur.,25,leonardo.mercado.demo20332@outlook.com,"[""possimus"", ""reprehenderit""]",Reprehenderit praesentium qui amet.,DS49,80%,Solo,42,No,Sí,Chilena,$600.001 - $900.000,$500.000
CONV-11753,2025-08-06,Reiciendis cumque corrupti quis culpa commodi.,8,leonardo.mercado.demo20332@outlook.com,"[""nemo""]",A laborum optio dolorem possimus expedita.,DS49,40%,Cónyuge,41,No,No,Chilena,$400.000 - $600.000,Sin ahorro formal
CONV-11754,2026-04-26,Distinctio quidem recusandae tempora voluptate expedita.,22,maria.parra.demo10024@outlook.com,"[""id""]",Delectus velit sequi accusantium totam voluptatem illum facilis.,DS49,40%,Cónyuge,41,Sí,No,Chilena,$600.001 - $900.000,Sin ahorro formal
CONV-11755,2024-06-03,Impedit quasi rerum est ad. Rem provident iure odit alias eius.,13,lorena.flores.demo20363@yahoo.com,"[""repellat"", ""possimus""]",Illum eius totam quisquam voluptatibus dolore atque.,DS1,40%,Otros,62,No,No,Chilena,$600.001 - $900.000,$1.000.000
CONV-11756,2024-08-28,Porro qui voluptatibus modi placeat beatae.,20,lorena.flores.demo20363@yahoo.com,"[""vel"", ""architecto""]",Numquam omnis quaerat ipsum eligendi.,DS19,60%,Familia,29,Sí,Sí,Chilena,$600.001 - $900.000,Sin ahorro formal
CONV-11757,2024-07-05,Aperiam repudiandae pariatur voluptates.,4,lorena.flores.demo20363@yahoo.com,"[""commodi""]",Aperiam nemo ex provident.,DS49,No registra,Solo,31,No,No,Chilena,$600.001 - $900.000,Sin ahorro formal
CONV-11758,2025-06-01,Eius quod ad corrupti.,14,francisco.beltran.demo18834@yahoo.com,"[""at"", ""perspiciatis"", ""aspernatur"", ""magnam""]",Ut distinctio rem enim cum nulla.,DS1,60%,Familia,20,Sí,Sí,Colombiana,$400.000 - $600.000,$1.000.000
CONV-11759,2025-05-17,Consectetur amet vero aspernatur. Animi totam voluptatum at saepe.,11,edith.sepulveda.demo50088@hotmail.com,"[""deserunt""]",Quisquam pariatur error dignissimos.,DS1,80%,Cónyuge,39,No,Sí,Chilena,$400.000 - $600.000,$2.000.000
CONV-11760,2026-05-13,Deleniti voluptatibus tempore minus beatae.,22,olga.acosta.demo34758@hotmail.com,"[""quibusdam"", ""nostrum""]",Iusto corporis facilis quia accusamus.,Ninguno,No registra,Cónyuge,51,No,Sí,Chilena,Más de $1.200.000,$2.000.000
CONV-11761,2024-08-22,Reprehenderit ipsam quae voluptate voluptates quisquam tempore.,17,olga.acosta.demo34758@hotmail.com,"[""nulla""]",Aliquid et numquam blanditiis.,DS1,40%,Solo,41,Sí,Sí,Chilena,Más de $1.200.000,$2.000.000
CONV-11762,2024-07-07,Aspernatur voluptate enim ad repellendus cum quasi. Nisi eligendi debitis quidem.,19,maximiliano.bravo.demo27870@outlook.com,"[""cum"", ""sequi""]",Provident unde eveniet ipsam.,DS49,40%,Otros,68,No,Sí,Chilena,Más de $1.200.000,$500.000
CONV-11763,2025-03-28,Fugit saepe impedit nostrum quaerat officia.,19,maximiliano.bravo.demo27870@outlook.com,"[""unde"", ""reiciendis""]",Et quasi ipsam quibusdam sequi.,Ninguno,60%,Solo,21,No,No,Peruana,$400.000 - $600.000,$1.000.000
CONV-11764,2026-05-16,Error quia maxime deserunt. Distinctio architecto quidem molestiae.,7,yasmin.perez.demo44281@outlook.com,"[""ex"", ""mollitia"", ""est""]",Repellendus perspiciatis quam nemo mollitia labore eos.,DS1,No registra,Solo,70,No,No,Chilena,Más de $1.200.000,Sin ahorro formal
CONV-11765,2026-03-11,Delectus qui cupiditate. Velit magnam facilis explicabo vero doloribus.,3,evaristo.espinoza.demo3251@gmail.com,"[""quos""]",Recusandae amet deserunt saepe sint aperiam.,Ninguno,40%,Solo,57,No,Sí,Venezolana,$600.001 - $900.000,$2.000.000
CONV-11766,2026-04-29,Ratione quas nobis.,20,amaro.gaete.demo3593@gmail.com,"[""modi"", ""animi"", ""itaque"", ""libero""]",Aut voluptatibus error repellat nesciunt neque.,Ninguno,80%,Cónyuge,28,No,No,Chilena,$600.001 - $900.000,Sin ahorro formal
CONV-11767,2025-11-10,Quos voluptas vitae dicta sapiente vel iure. Natus nam maxime perferendis magni non aut.,11,mario.pinto.demo27465@hotmail.com,"[""in"", ""sapiente""]",Vero quaerat occaecati cumque vel dolorem nobis corporis.,DS49,60%,Otros,38,Sí,Sí,Chilena,Más de $1.200.000,Sin ahorro formal
CONV-11768,2024-08-10,Quasi possimus saepe excepturi expedita.,14,mario.pinto.demo27465@hotmail.com,"[""ad""]",Aperiam culpa ratione.,DS19,40%,Solo,51,No,Sí,Chilena,$400.000 - $600.000,Sin ahorro formal
CONV-11769,2024-11-09,Saepe nihil nihil voluptas placeat. Accusantium velit ullam ipsam similique dolorem atque.,7,juan.villalobos.demo31330@yahoo.com,"[""eos""]",Mollitia facere cum accusamus totam esse.,DS49,No registra,Otros,19,No,Sí,Chilena,Más de $1.200.000,$1.000.000
CONV-11770,2024-06-05,In ipsam totam. Possimus perferendis rem ea doloremque. Ad laudantium architecto natus beatae.,4,sofia.aguilar.demo35467@hotmail.com,"[""pariatur"", ""numquam"", ""blanditiis"", ""maiores""]",Saepe doloremque reprehenderit asperiores.,DS1,No registra,Otros,50,Sí,No,Chilena,Más de $1.200.000,$1.000.000
CONV-11771,2026-03-06,A impedit dolorem enim voluptate error.,6,sofia.aguilar.demo35467@hotmail.com,"[""debitis"", ""iste"", ""repellat""]",Eligendi optio veritatis ad ratione molestiae voluptate quia.,DS19,40%,Solo,31,No,Sí,Chilena,$600.001 - $900.000,$2.000.000
CONV-11772,2025-10-15,Repudiandae reprehenderit quo harum exercitationem velit adipisci.,14,sofia.aguilar.demo35467@hotmail.com,"[""dolorum"", ""asperiores"", ""repellat"", ""dignissimos""]",Error reiciendis maxime autem illum quia corporis.,Ninguno,40%,Cónyuge,35,Sí,No,Chilena,$400.000 - $600.000,$1.000.000
CONV-11773,2025-01-01,Nemo dolor vero tempore. Fugiat saepe pariatur facere vitae.,4,marcelo.garrido.demo25576@yahoo.com,"[""debitis""]",Fuga accusantium dolorum cupiditate dicta.,Ninguno,80%,Familia,40,Sí,No,Chilena,Más de $1.200.000,Sin ahorro formal
CONV-11774,2026-04-28,Odit quas cumque facilis sapiente sit.,7,cintia.rios.demo23857@gmail.com,"[""quis"", ""iusto"", ""perferendis""]",Corrupti consequuntur quas.,DS49,80%,Cónyuge,40,Sí,No,Chilena,$900.001 - $1.200.000,$2.000.000
CONV-11775,2025-02-05,Quas earum dolorum minus.,10,cintia.rios.demo23857@gmail.com,"[""dolores"", ""dolores"", ""doloribus"", ""asperiores""]",Vel sapiente architecto.,DS19,No registra,Otros,34,Sí,No,Chilena,$600.001 - $900.000,$1.000.000
CONV-11776,2026-05-25,Culpa consequatur asperiores ipsam ipsum. Aliquid eos amet consectetur.,11,cintia.rios.demo23857@gmail.com,"[""veritatis""]",Necessitatibus nam at facere consequuntur.,DS1,60%,Otros,22,No,No,Chilena,Más de $1.200.000,$1.000.000
CONV-11777,2026-03-01,Assumenda blanditiis aperiam corporis vel.,12,matias.gomez.demo1927@hotmail.com,"[""perferendis"", ""corrupti"", ""fugiat""]",In aperiam totam esse.,Pendiente evaluación,80%,Cónyuge,28,No,Sí,Chilena,Más de $1.200.000,$1.000.000
CONV-11778,2024-07-22,Vitae pariatur veniam quo eius necessitatibus.,5,antonio.gallardo.demo1390@gmail.com,"[""cupiditate"", ""illo"", ""quo"", ""reiciendis""]",Maxime minima cupiditate quia.,Ninguno,60%,Otros,54,No,Sí,Chilena,$600.001 - $900.000,Sin ahorro formal
CONV-11779,2024-07-25,Molestias dignissimos ipsa ipsum. Pariatur similique dicta commodi.,22,thomas.olivares.demo35577@outlook.com,"[""iusto"", ""temporibus"", ""dicta"", ""nulla""]",Aspernatur consequatur animi dicta quod dignissimos aut.,DS49,No registra,Cónyuge,67,No,No,Chilena,$400.000 - $600.000,Sin ahorro formal
CONV-11780,2025-05-27,Error dolore omnis quos dolor delectus.,23,daniela.rojas.demo10945@outlook.com,"[""corporis"", ""quam"", ""nemo"", ""quaerat""]",Magni explicabo recusandae sapiente ullam nisi iste.,DS1,60%,Otros,24,Sí,Sí,Chilena,Más de $1.200.000,$500.000
CONV-11781,2025-11-07,Praesentium in placeat perferendis. At mollitia sapiente nobis neque atque.,10,alicia.fuentes.demo21181@yahoo.com,"[""nihil"", ""voluptatem"", ""accusamus"", ""doloribus""]",Quis culpa expedita laboriosam repudiandae dolorem tenetur.,DS49,No registra,Familia,57,No,No,Chilena,Más de $1.200.000,$500.000
CONV-11782,2026-01-01,Aliquam corrupti pariatur amet maiores repudiandae laboriosam.,16,alicia.fuentes.demo21181@yahoo.com,"[""aperiam"", ""quam"", ""non""]",Laborum tenetur voluptatum dolorem reiciendis voluptatibus minus.,Pendiente evaluación,80%,Familia,65,Sí,No,Chilena,$900.001 - $1.200.000,$500.000
CONV-11783,2024-06-15,Eveniet autem repellendus animi.,9,alicia.fuentes.demo21181@yahoo.com,"[""distinctio""]",Soluta nam facilis esse.,Ninguno,80%,Otros,61,Sí,No,Venezolana,$900.001 - $1.200.000,$1.000.000
CONV-11784,2025-02-26,Placeat itaque autem in cumque nobis recusandae assumenda.,25,nelly.mendez.demo7366@yahoo.com,"[""sapiente""]",Dignissimos id quos officiis delectus quod officiis.,DS1,40%,Otros,23,Sí,Sí,Chilena,Más de $1.200.000,$2.000.000
CONV-11785,2026-02-09,Ut odit magnam tempora. Quo voluptate incidunt quis perferendis ipsam.,7,lucas.rosales.demo50741@yahoo.com,"[""fuga"", ""modi""]",Itaque repudiandae amet nemo error laudantium.,DS19,No registra,Familia,39,No,No,Chilena,$600.001 - $900.000,Sin ahorro formal
CONV-11786,2024-07-22,Eius voluptatem repellat voluptatibus ullam veritatis. Dolorum dicta fuga aut.,15,lucas.rosales.demo50741@yahoo.com,"[""ullam"", ""corrupti"", ""blanditiis"", ""perspiciatis""]",Deserunt placeat excepturi perferendis aspernatur sit ullam.,Ninguno,60%,Cónyuge,34,No,No,Chilena,$400.000 - $600.000,$2.000.000
CONV-11787,2025-12-21,Architecto aperiam nam aperiam. Explicabo optio modi. Voluptatibus impedit quod odio.,9,lucas.rosales.demo50741@yahoo.com,"[""quaerat"", ""excepturi""]",Voluptatibus dicta recusandae quo.,DS49,80%,Otros,66,No,No,Chilena,Más de $1.200.000,$1.000.000
CONV-11788,2026-04-16,Culpa fuga cum fugiat.,7,bastian.saldana.demo22961@gmail.com,"[""harum"", ""impedit"", ""fugiat""]",Perspiciatis iste dicta nisi quia minima quis.,DS19,No registra,Solo,26,No,Sí,Chilena,Más de $1.200.000,$500.000
CONV-11789,2024-08-02,Quibusdam ipsum ipsa totam quod in tempore libero. Minus non odio maxime repudiandae in explicabo.,18,jaime.vejar.demo30914@outlook.com,"[""voluptas"", ""nulla""]",In mollitia saepe occaecati.,DS49,No registra,Familia,25,No,No,Chilena,$400.000 - $600.000,$500.000
CONV-11790,2024-11-12,Temporibus tempore officia hic animi. Id ipsa voluptas ad est.,11,lucas.carrasco.demo38057@hotmail.com,"[""pariatur"", ""minima"", ""fuga"", ""quisquam""]",Optio molestiae hic repudiandae.,DS1,80%,Familia,24,Sí,No,Venezolana,$400.000 - $600.000,$2.000.000
CONV-11791,2025-08-31,Quia exercitationem alias voluptatum suscipit praesentium.,7,carmen.tapia.demo43631@yahoo.com,"[""nostrum""]",Ut hic est dicta quas.,Pendiente evaluación,60%,Cónyuge,64,Sí,Sí,Chilena,$900.001 - $1.200.000,$1.000.000
CONV-11792,2025-02-23,Rem illo excepturi qui quae officiis. Autem inventore exercitationem nihil.,8,daniela.zapata.demo43496@outlook.com,"[""ad""]",Culpa et sed officia nam voluptatibus voluptate dicta.,DS49,60%,Solo,55,Sí,Sí,Chilena,$900.001 - $1.200.000,Sin ahorro formal
CONV-11793,2024-12-05,Illum impedit soluta aspernatur.,19,daniela.zapata.demo43496@outlook.com,"[""non"", ""ipsam"", ""vel"", ""deserunt""]",Dolorum libero natus aliquid.,DS19,80%,Familia,69,Sí,No,Chilena,$400.000 - $600.000,Sin ahorro formal
CONV-11794,2025-08-13,Doloremque qui provident ipsam a suscipit.,15,daniela.zapata.demo43496@outlook.com,"[""error"", ""ipsum""]",Earum assumenda voluptatibus velit accusamus vero.,DS49,No registra,Otros,22,Sí,Sí,Colombiana,$600.001 - $900.000,$500.000
CONV-11795,2026-04-11,Tempore ut delectus deserunt.,24,lorenza.vasquez.demo42568@outlook.com,"[""labore"", ""possimus"", ""recusandae""]",Exercitationem placeat architecto est nam nisi.,DS19,No registra,Familia,20,Sí,No,Chilena,$400.000 - $600.000,$2.000.000
CONV-11796,2025-08-25,Sint mollitia nostrum itaque quod dolorum.,8,catalina.marquez.demo3085@yahoo.com,"[""ab"", ""illo"", ""amet""]",Commodi fuga molestiae distinctio.,Pendiente evaluación,60%,Familia,31,No,No,Chilena,$600.001 - $900.000,Sin ahorro formal
CONV-11797,2025-03-15,Iure cum et ipsam. Enim blanditiis ut assumenda. Modi ut hic maiores.,13,domingo.fuentes.demo10586@yahoo.com,"[""corporis"", ""qui"", ""vero""]",Optio unde iusto.,Ninguno,No registra,Cónyuge,35,Sí,No,Chilena,Más de $1.200.000,$1.000.000
CONV-11798,2025-05-13,Sapiente tenetur sit aliquid. Vero eos at dolores dolores.,22,ignacio.jofre.demo26017@gmail.com,"[""nam"", ""alias"", ""corporis""]",Pariatur eveniet fuga quos at doloribus.,DS49,60%,Familia,19,No,No,Chilena,$900.001 - $1.200.000,$1.000.000
CONV-11799,2025-08-09,In nihil dicta culpa. Mollitia est fuga voluptatum illum.,11,ignacio.jofre.demo26017@gmail.com,"[""consequuntur"", ""rem""]",Occaecati nemo ab enim repellendus.,Ninguno,60%,Otros,59,No,Sí,Chilena,$600.001 - $900.000,$2.000.000
CONV-11800,2025-05-13,Quod ratione adipisci sint voluptatibus qui. Odit mollitia velit vel.,15,ignacio.jofre.demo26017@gmail.com,"[""reprehenderit"", ""magnam"", ""laborum"", ""recusandae""]",Facere reprehenderit repellat vel natus ipsum adipisci sapiente.,DS1,80%,Familia,23,Sí,No,Peruana,$900.001 - $1.200.000,Sin ahorro formal
CONV-11801,2026-02-25,Iusto quam sint. Alias aperiam animi eum neque.,17,juan.albornoz.demo34152@hotmail.com,"[""voluptatum"", ""animi""]",Nulla ad at necessitatibus illo amet quis.,Ninguno,60%,Solo,36,No,Sí,Chilena,$400.000 - $600.000,Sin ahorro formal
CONV-11802,2025-08-08,Consectetur praesentium dolor possimus omnis.,3,alfredo.lazcano.demo17414@hotmail.com,"[""ad""]",Occaecati quasi quae nostrum vel animi cupiditate.,DS19,80%,Familia,46,Sí,No,Chilena,$400.000 - $600.000,$1.000.000
CONV-11803,2024-11-02,Quibusdam id sapiente dignissimos fugiat rerum consequatur.,14,alfredo.lazcano.demo17414@hotmail.com,"[""ab"", ""tenetur"", ""voluptatem""]",Saepe doloribus ab asperiores illo unde eaque voluptates.,DS49,80%,Familia,20,No,Sí,Chilena,Más de $1.200.000,$500.000
CONV-11804,2026-02-18,Totam eaque laboriosam est possimus aliquam quos cumque.,20,alfredo.lazcano.demo17414@hotmail.com,"[""quibusdam""]",Minus iste deleniti aperiam cumque libero cupiditate.,Ninguno,No registra,Cónyuge,37,No,Sí,Venezolana,Más de $1.200.000,$2.000.000
CONV-11805,2025-08-17,Possimus iusto eos accusantium.,6,ian.droguett.demo41874@yahoo.com,"[""deserunt""]",Quibusdam temporibus quis necessitatibus doloremque optio.,DS19,40%,Familia,27,No,No,Chilena,$400.000 - $600.000,Sin ahorro formal
CONV-11806,2024-09-10,Cupiditate inventore error id nemo fuga veniam.,14,hector.fernandez.demo34331@yahoo.com,"[""quaerat"", ""vel""]",Dignissimos amet assumenda accusamus amet architecto quo.,DS1,80%,Cónyuge,45,Sí,No,Colombiana,$600.001 - $900.000,Sin ahorro formal
CONV-11807,2025-03-04,Facere aliquam optio dolorem voluptatum. Ducimus architecto consequuntur.,4,aladino.cespedes.demo9497@yahoo.com,"[""corrupti""]",Nesciunt accusantium inventore consequatur.,Pendiente evaluación,No registra,Cónyuge,33,No,Sí,Chilena,Más de $1.200.000,$1.000.000
CONV-11808,2026-05-21,Esse beatae rerum corrupti rem.,15,claudia.robles.demo9834@outlook.com,"[""odio"", ""fugit"", ""officia""]",Laudantium maiores earum magni.,DS1,40%,Otros,28,Sí,Sí,Chilena,$900.001 - $1.200.000,$1.000.000
CONV-11809,2025-09-19,Officiis aperiam ullam laboriosam itaque nam.,4,claudia.robles.demo9834@outlook.com,"[""repudiandae"", ""a"", ""ipsum"", ""soluta""]",Quasi nobis eum ullam.,Pendiente evaluación,80%,Solo,24,No,Sí,Colombiana,Más de $1.200.000,Sin ahorro formal
CONV-11810,2025-03-19,Voluptatibus animi autem ea culpa tempora.,22,pablo.sanchez.demo33259@yahoo.com,"[""error""]",Numquam sapiente inventore delectus.,Pendiente evaluación,40%,Otros,42,Sí,No,Chilena,$600.001 - $900.000,Sin ahorro formal
CONV-11811,2024-09-13,Reprehenderit voluptate libero facere illo recusandae.,3,cristian.beltran.demo4529@yahoo.com,"[""consequuntur"", ""ratione"", ""quod""]",Quisquam repellat omnis vitae.,DS1,40%,Otros,66,Sí,No,Chilena,$400.000 - $600.000,Sin ahorro formal
CONV-11812,2025-11-07,Nostrum blanditiis minima minima iste in quod quam.,20,cristian.beltran.demo4529@yahoo.com,"[""mollitia"", ""magnam""]",Velit provident error maxime.,DS1,80%,Otros,64,Sí,No,Chilena,Más de $1.200.000,$1.000.000
CONV-11813,2025-10-10,Officiis aliquid minima ratione. Dolor officia minima eius.,20,cristian.beltran.demo4529@yahoo.com,"[""aut"", ""iste"", ""iure"", ""a""]",Possimus consequatur ut assumenda.,Pendiente evaluación,40%,Familia,29,No,No,Chilena,$900.001 - $1.200.000,$500.000
CONV-11814,2025-04-02,Nesciunt neque libero cum exercitationem. Enim perspiciatis in omnis nesciunt.,8,fernanda.hermosilla.demo41488@gmail.com,"[""voluptate"", ""voluptatum""]",Veniam a quod ex eius eius beatae.,Ninguno,40%,Familia,34,No,Sí,Colombiana,$900.001 - $1.200.000,$500.000
CONV-11815,2025-12-19,Maxime non enim quo voluptate. Quas dolore nisi error. Unde maxime aliquid officia.,7,fernanda.hermosilla.demo41488@gmail.com,"[""harum"", ""rem"", ""reiciendis"", ""architecto""]",Suscipit hic accusantium eum nulla odit.,DS19,60%,Solo,50,Sí,Sí,Peruana,$600.001 - $900.000,$1.000.000
CONV-11816,2024-12-13,Veritatis neque quibusdam architecto.,21,fernanda.hermosilla.demo41488@gmail.com,"[""porro""]",Repellendus ea corporis aspernatur.,DS1,60%,Familia,34,No,No,Chilena,Más de $1.200.000,$1.000.000
CONV-11817,2024-10-12,Dolore architecto quod asperiores. Excepturi libero dolore facilis cumque.,5,rodrigo.godoy.demo3021@yahoo.com,"[""alias"", ""temporibus""]",Debitis sed quaerat laboriosam odio.,DS19,80%,Solo,69,Sí,No,Chilena,$900.001 - $1.200.000,$500.000
CONV-11818,2025-04-28,Voluptate corporis quaerat vitae libero. Libero hic placeat.,19,rodrigo.godoy.demo3021@yahoo.com,"[""quos"", ""eligendi"", ""iusto"", ""ut""]",Culpa mollitia aliquam voluptate eligendi asperiores ex.,DS19,40%,Familia,23,No,No,Chilena,Más de $1.200.000,$500.000
CONV-11819,2025-11-02,Perspiciatis cumque ipsum illo illum aliquid.,23,lucas.rojas.demo2757@yahoo.com,"[""est"", ""laborum""]",Distinctio non sit ipsum repellat.,Ninguno,No registra,Solo,35,No,Sí,Chilena,Más de $1.200.000,Sin ahorro formal
CONV-11820,2025-09-29,Illum modi totam excepturi error consectetur dolorem iure.,14,lucas.rojas.demo2757@yahoo.com,"[""omnis"", ""tenetur"", ""asperiores"", ""minus""]",Delectus corrupti beatae reprehenderit perferendis explicabo quo.,DS49,60%,Solo,18,No,No,Chilena,$400.000 - $600.000,$2.000.000
CONV-11821,2025-07-17,Aliquam cum temporibus molestias autem.,13,lucas.rojas.demo2757@yahoo.com,"[""eius"", ""laborum""]",Et voluptate voluptates.,Ninguno,No registra,Solo,39,Sí,Sí,Chilena,$400.000 - $600.000,$500.000
CONV-11822,2024-12-21,Consequuntur praesentium sit ipsam aperiam reiciendis quaerat.,22,abel.parra.demo33989@yahoo.com,"[""reiciendis"", ""accusamus"", ""fugit"", ""qui""]",Atque animi dignissimos exercitationem.,DS1,40%,Otros,42,No,No,Chilena,$400.000 - $600.000,$500.000
CONV-11823,2025-02-01,Deserunt cumque iusto vel harum explicabo deleniti quos.,4,abel.parra.demo33989@yahoo.com,"[""veniam""]",Doloremque at provident in quibusdam necessitatibus ipsa.,Ninguno,60%,Otros,28,No,No,Chilena,$900.001 - $1.200.000,Sin ahorro formal
CONV-11824,2025-09-26,Dolorem nam asperiores voluptatem. Architecto dolorum enim labore laboriosam qui vero.,22,abel.parra.demo33989@yahoo.com,"[""aut""]",Veritatis illum fuga ex.,DS19,40%,Cónyuge,47,No,No,Chilena,$400.000 - $600.000,$500.000
CONV-11825,2025-09-22,Similique totam ab nihil.,21,maria.vasquez.demo17291@outlook.com,"[""est"", ""eum"", ""dolor"", ""excepturi""]",Ipsum dolorem ratione voluptate exercitationem.,DS49,40%,Otros,44,Sí,No,Colombiana,$400.000 - $600.000,$1.000.000
CONV-11826,2025-08-22,Architecto cumque officiis nostrum.,18,maria.vasquez.demo17291@outlook.com,"[""necessitatibus"", ""magni"", ""sequi"", ""nemo""]",Error veritatis exercitationem soluta cum modi.,DS1,No registra,Cónyuge,40,No,No,Chilena,$400.000 - $600.000,$500.000
CONV-11827,2025-10-28,Eligendi eaque odio dolores tempora facilis sunt.,9,maria.vasquez.demo17291@outlook.com,"[""tempore"", ""dignissimos""]",Cum magni vitae praesentium possimus.,Pendiente evaluación,60%,Otros,67,No,No,Chilena,$900.001 - $1.200.000,$500.000
CONV-11828,2025-06-15,Mollitia nihil dolorum. Quam necessitatibus neque non.,17,olivia.barrios.demo8816@yahoo.com,"[""a"", ""velit""]",Facilis ducimus aperiam id aspernatur at eos.,DS49,40%,Otros,35,Sí,Sí,Chilena,$900.001 - $1.200.000,$1.000.000
CONV-11829,2026-05-07,Fugit nam aliquam illo repellendus aliquid suscipit repudiandae.,19,olivia.barrios.demo8816@yahoo.com,"[""nihil"", ""aut"", ""molestiae"", ""quisquam""]",Deserunt voluptatum molestiae ipsum voluptatem explicabo.,Ninguno,80%,Cónyuge,40,Sí,No,Chilena,$900.001 - $1.200.000,$2.000.000
CONV-11830,2025-11-11,Distinctio quos corrupti natus autem sunt error. Esse nesciunt modi facilis.,5,olivia.barrios.demo8816@yahoo.com,"[""sequi"", ""rem"", ""aut"", ""fuga""]",Sit sequi reiciendis vitae corporis.,Ninguno,40%,Solo,64,Sí,Sí,Chilena,$400.000 - $600.000,Sin ahorro formal
CONV-11831,2024-09-01,Quod eligendi suscipit animi.,10,thomas.ahumada.demo38481@outlook.com,"[""quae"", ""nostrum"", ""animi""]",Accusantium suscipit dolorum fugit beatae dolor commodi.,Pendiente evaluación,No registra,Cónyuge,27,No,No,Chilena,$400.000 - $600.000,$500.000
CONV-11832,2025-02-23,Minus quia laboriosam accusamus ipsam voluptas ab necessitatibus.,24,thomas.ahumada.demo38481@outlook.com,"[""commodi"", ""at"", ""sunt""]",Voluptate nemo nostrum accusamus blanditiis voluptatibus.,DS49,60%,Otros,58,Sí,No,Chilena,Más de $1.200.000,$1.000.000
CONV-11833,2024-08-01,Expedita dignissimos aperiam commodi quidem maiores libero. Sit officia in quisquam.,10,thomas.ahumada.demo38481@outlook.com,"[""quas""]",Neque fuga possimus magnam minima.,DS19,60%,Otros,29,No,No,Chilena,$400.000 - $600.000,$1.000.000
CONV-11834,2025-07-30,Harum asperiores quod aliquid perferendis aspernatur corrupti saepe.,10,ariel.martinez.demo18628@gmail.com,"[""atque"", ""est""]",Labore cum non doloremque facere ipsum.,Ninguno,80%,Familia,41,No,Sí,Chilena,$900.001 - $1.200.000,$500.000
CONV-11835,2026-04-02,Dolores quidem natus odio voluptates unde. Natus animi illum illo.,18,ariel.martinez.demo18628@gmail.com,"[""ad"", ""doloribus""]",Facere occaecati harum ipsam.,DS19,80%,Cónyuge,59,Sí,No,Chilena,$900.001 - $1.200.000,$500.000
CONV-11836,2025-09-29,Mollitia necessitatibus sit quod hic dolorem. Sapiente placeat quasi harum voluptatum.,24,ariel.martinez.demo18628@gmail.com,"[""quasi"", ""tempore"", ""molestiae"", ""incidunt""]",Officiis veniam impedit perspiciatis omnis error reiciendis.,DS49,60%,Solo,57,No,Sí,Chilena,$600.001 - $900.000,$2.000.000
CONV-11837,2025-11-02,Optio reiciendis esse at ipsam.,11,daniela.palma.demo30658@outlook.com,"[""atque"", ""blanditiis"", ""debitis""]",Magnam laboriosam temporibus earum eveniet.,DS19,80%,Otros,55,No,Sí,Chilena,$900.001 - $1.200.000,$1.000.000
CONV-11838,2024-10-16,Mollitia consectetur totam consequuntur.,4,daniela.palma.demo30658@outlook.com,"[""hic"", ""voluptate"", ""delectus""]",Voluptates saepe necessitatibus ratione minima sequi laborum.,DS1,60%,Cónyuge,35,Sí,No,Chilena,Más de $1.200.000,$500.000
CONV-11839,2026-05-14,Possimus excepturi aliquam suscipit. Tempore sapiente quidem beatae minima ipsum.,12,jose.ibarra.demo18537@gmail.com,"[""itaque"", ""at"", ""laudantium"", ""blanditiis""]",Ipsa inventore aut.,DS19,80%,Solo,25,Sí,Sí,Chilena,$900.001 - $1.200.000,Sin ahorro formal
CONV-11840,2024-12-07,Rerum officiis velit ipsum.,4,jose.ibarra.demo18537@gmail.com,"[""rerum"", ""beatae"", ""molestias""]",Culpa voluptate velit suscipit sint eos.,DS1,80%,Otros,53,Sí,No,Colombiana,$900.001 - $1.200.000,$2.000.000
CONV-11841,2026-03-06,Doloremque iure accusamus voluptatibus corporis rerum iusto.,17,ignacia.ramirez.demo49139@yahoo.com,"[""vel"", ""possimus"", ""maiores""]",Adipisci commodi voluptatum repudiandae quos deleniti dignissimos.,Ninguno,80%,Familia,47,Sí,Sí,Chilena,$400.000 - $600.000,Sin ahorro formal
CONV-11842,2025-01-10,Quia laborum officia ullam accusamus quisquam quo.,3,ignacia.ramirez.demo49139@yahoo.com,"[""laborum""]",Laboriosam eveniet natus magnam sit.,DS49,80%,Solo,60,Sí,No,Chilena,$400.000 - $600.000,Sin ahorro formal
CONV-11843,2025-10-13,Expedita nesciunt in inventore ea neque.,10,ignacia.ramirez.demo49139@yahoo.com,"[""reprehenderit""]",Reiciendis modi mollitia accusantium magni fuga illum.,Pendiente evaluación,No registra,Cónyuge,62,No,No,Chilena,$900.001 - $1.200.000,$1.000.000
CONV-11844,2025-07-09,Rem modi totam ea. Non voluptate quae explicabo commodi. Facilis rem nihil.,12,rocio.jimenez.demo42859@hotmail.com,"[""doloribus"", ""eum""]",Eligendi saepe exercitationem cumque rerum eos.,DS19,80%,Otros,30,No,No,Chilena,$600.001 - $900.000,$2.000.000
CONV-11845,2024-07-08,Natus occaecati nemo quod consectetur cumque.,8,emily.sepulveda.demo42072@outlook.com,"[""modi"", ""molestias"", ""autem"", ""vero""]",Nisi ipsam ea saepe consequuntur beatae porro.,DS1,No registra,Solo,55,No,No,Chilena,$400.000 - $600.000,Sin ahorro formal
CONV-11846,2026-02-24,Sit dignissimos placeat quidem alias.,15,emily.sepulveda.demo42072@outlook.com,"[""a"", ""hic"", ""dolorem""]",Quis quas quaerat vel cupiditate dicta.,Pendiente evaluación,60%,Solo,29,Sí,Sí,Chilena,$600.001 - $900.000,Sin ahorro formal
CONV-11847,2025-08-08,Dolore dicta maxime omnis odit unde aliquid.,18,adela.espinoza.demo42337@gmail.com,"[""voluptatum"", ""aliquid""]",Expedita libero temporibus aliquam repellat.,Pendiente evaluación,No registra,Cónyuge,61,Sí,No,Chilena,$900.001 - $1.200.000,$2.000.000
CONV-11848,2026-04-29,Dolore reprehenderit rerum doloribus quidem.,20,adela.espinoza.demo42337@gmail.com,"[""quam""]",Eos tenetur aspernatur quisquam neque nisi.,Ninguno,No registra,Cónyuge,37,No,No,Chilena,$400.000 - $600.000,Sin ahorro formal
CONV-11849,2025-02-10,Necessitatibus suscipit a numquam consequuntur architecto.,23,adela.espinoza.demo42337@gmail.com,"[""soluta"", ""repudiandae"", ""facilis"", ""reprehenderit""]",Ad veniam libero fugit animi natus.,DS1,80%,Cónyuge,32,No,Sí,Venezolana,$900.001 - $1.200.000,$500.000
CONV-11850,2026-02-11,Odit cupiditate necessitatibus voluptatem doloribus fuga id.,24,camila.gomez.demo11938@outlook.com,"[""vel"", ""deleniti"", ""repudiandae"", ""eum""]",Reiciendis excepturi iste voluptates enim ducimus.,DS19,No registra,Familia,49,Sí,Sí,Chilena,$400.000 - $600.000,$500.000
CONV-11851,2025-02-26,Dolorem quibusdam cumque. Ullam nihil id a consectetur reiciendis.,10,camila.gomez.demo11938@outlook.com,"[""sapiente"", ""laboriosam"", ""aperiam"", ""dolore""]",Cupiditate rem ullam eveniet.,DS49,40%,Otros,40,Sí,No,Chilena,$400.000 - $600.000,Sin ahorro formal
CONV-11852,2025-05-23,Voluptas omnis unde beatae odit provident veritatis. Fuga accusantium animi illum sit.,3,camila.gomez.demo11938@outlook.com,"[""sunt"", ""quisquam"", ""eveniet"", ""nisi""]",Assumenda tempore quas eum impedit.,Pendiente evaluación,40%,Otros,68,Sí,Sí,Chilena,$400.000 - $600.000,$1.000.000
CONV-11853,2025-07-18,Officia harum ducimus officiis vel odit repellendus.,18,leonel.carrasco.demo33323@gmail.com,"[""odit""]",Error voluptas iure quos.,DS49,80%,Cónyuge,21,No,Sí,Chilena,Más de $1.200.000,$500.000
CONV-11854,2024-08-20,Vitae soluta perspiciatis. Maiores cumque voluptatem velit ex. Inventore rem id.,9,leonel.carrasco.demo33323@gmail.com,"[""ullam""]",Quidem illo in mollitia.,DS49,80%,Otros,37,No,No,Chilena,$600.001 - $900.000,$1.000.000
CONV-11855,2025-06-03,Odio iusto quam laboriosam veritatis eligendi.,5,camila.roman.demo13251@hotmail.com,"[""consequuntur""]",Deserunt quibusdam harum eius impedit odio praesentium.,Pendiente evaluación,80%,Otros,33,No,Sí,Chilena,Más de $1.200.000,Sin ahorro formal
CONV-11856,2025-04-14,Voluptatem porro quos quos porro aliquam sapiente.,17,miguel.perez.demo20416@outlook.com,"[""deserunt"", ""fugiat"", ""repellendus"", ""eaque""]",Odit id rem delectus repellat aperiam.,Ninguno,40%,Cónyuge,39,Sí,Sí,Chilena,Más de $1.200.000,$2.000.000
CONV-11857,2025-02-28,Ex veritatis id dolor in aut labore.,12,miguel.perez.demo20416@outlook.com,"[""reprehenderit"", ""facere"", ""quae"", ""adipisci""]",Consequuntur eius non velit dolorem explicabo dolore.,DS19,80%,Solo,57,No,Sí,Colombiana,Más de $1.200.000,$1.000.000
CONV-11858,2025-03-05,Dolorem enim adipisci similique est nostrum accusantium.,7,thomas.rubio.demo40978@gmail.com,"[""at"", ""minus""]",Fuga necessitatibus explicabo incidunt unde ipsa cumque amet.,DS49,No registra,Familia,62,Sí,Sí,Venezolana,$900.001 - $1.200.000,Sin ahorro formal
CONV-11859,2026-03-28,Suscipit fugit sequi sapiente.,14,thomas.rubio.demo40978@gmail.com,"[""perspiciatis"", ""eum"", ""sapiente""]",Ipsum sequi quisquam dignissimos sed.,DS1,40%,Cónyuge,44,No,Sí,Chilena,$900.001 - $1.200.000,$1.000.000
CONV-11860,2024-07-19,Sed magni veritatis sint natus. Sint nostrum expedita fugit vitae vel.,23,erika.cordero.demo46595@yahoo.com,"[""aut"", ""soluta"", ""itaque"", ""voluptatem""]",Neque molestias vel ratione porro placeat provident.,DS1,60%,Otros,26,Sí,No,Chilena,$600.001 - $900.000,$1.000.000
CONV-11861,2025-03-10,Doloribus aliquam ea corrupti eum iste aliquam.,22,maritza.velasquez.demo39941@outlook.com,"[""nobis"", ""vel"", ""fuga""]",Accusantium quisquam officiis quasi.,DS19,40%,Solo,65,No,Sí,Chilena,$400.000 - $600.000,Sin ahorro formal
CONV-11862,2025-12-08,Ad nesciunt molestias facilis vel illo aspernatur porro.,5,matias.aravena.demo24086@hotmail.com,"[""magnam"", ""error"", ""porro"", ""molestiae""]",Dolor vitae aspernatur neque necessitatibus praesentium facere harum.,DS1,60%,Familia,20,No,No,Chilena,$600.001 - $900.000,Sin ahorro formal
CONV-11863,2025-04-11,Rem cumque vel quibusdam explicabo ea facilis. Qui porro eaque laborum ducimus.,6,raul.madariaga.demo10368@gmail.com,"[""perferendis"", ""consectetur"", ""quisquam""]",Asperiores fugit repellendus dolorum.,Ninguno,40%,Otros,50,Sí,No,Chilena,Más de $1.200.000,$500.000
CONV-11864,2024-06-14,Rem inventore maxime recusandae.,24,raul.madariaga.demo10368@gmail.com,"[""rerum""]",Nesciunt aspernatur quia fuga ducimus.,Ninguno,60%,Familia,64,Sí,No,Chilena,$400.000 - $600.000,Sin ahorro formal
CONV-11865,2024-06-04,Iste hic amet eius totam.,22,alexis.mancilla.demo17852@gmail.com,"[""expedita"", ""unde"", ""illum"", ""laboriosam""]",Maiores soluta sint quisquam repudiandae adipisci.,DS1,No registra,Familia,20,No,No,Chilena,Más de $1.200.000,$1.000.000
CONV-11866,2024-06-03,Possimus velit minus dignissimos.,11,alexis.mancilla.demo17852@gmail.com,"[""tempore"", ""ipsum""]",Et modi ut assumenda eligendi omnis aspernatur laborum.,DS1,40%,Cónyuge,61,Sí,Sí,Chilena,$600.001 - $900.000,$500.000
CONV-11867,2025-11-29,Itaque quasi nemo ex qui ullam unde.,19,carlos.saavedra.demo16140@gmail.com,"[""voluptas"", ""ratione"", ""consectetur""]",Pariatur dolore mollitia molestias harum perspiciatis facere.,DS1,40%,Familia,63,Sí,Sí,Venezolana,$900.001 - $1.200.000,$500.000
CONV-11868,2025-08-16,Eveniet amet illo aperiam consectetur.,21,carlos.saavedra.demo16140@gmail.com,"[""minus"", ""debitis"", ""sit""]",A distinctio laudantium incidunt.,Pendiente evaluación,80%,Cónyuge,33,Sí,No,Chilena,Más de $1.200.000,$1.000.000
CONV-11869,2025-10-23,Ad mollitia doloremque quod.,11,carlos.saavedra.demo16140@gmail.com,"[""magnam"", ""molestias"", ""laborum""]",Voluptas maiores ipsa aperiam.,DS1,No registra,Cónyuge,65,No,Sí,Chilena,$600.001 - $900.000,Sin ahorro formal
CONV-11870,2025-10-07,Voluptatum totam nemo ratione illum sed dolores reprehenderit.,8,alice.alvarez.demo1251@hotmail.com,"[""exercitationem"", ""quia"", ""porro"", ""odio""]",Cumque aliquam culpa temporibus modi eos.,Ninguno,60%,Familia,18,Sí,No,Chilena,$600.001 - $900.000,$2.000.000
CONV-11871,2024-11-22,Delectus cum excepturi harum doloribus deserunt.,4,alice.alvarez.demo1251@hotmail.com,"[""sequi"", ""tempore"", ""repellendus""]",Deleniti eligendi aliquid itaque illum sequi exercitationem.,DS49,40%,Familia,31,No,Sí,Chilena,Más de $1.200.000,$500.000
CONV-11872,2025-06-06,Alias harum debitis vel.,9,alice.alvarez.demo1251@hotmail.com,"[""perspiciatis"", ""nam"", ""sit""]",Quam sit architecto.,DS49,40%,Familia,50,Sí,Sí,Chilena,$600.001 - $900.000,$500.000
CONV-11873,2025-03-29,Aspernatur nisi repudiandae ratione aspernatur.,12,andrea.parra.demo4700@yahoo.com,"[""accusantium"", ""expedita"", ""quasi"", ""unde""]",Placeat in minima nobis doloremque provident laudantium aut.,Ninguno,80%,Familia,37,Sí,Sí,Chilena,$400.000 - $600.000,$500.000
CONV-11874,2024-12-24,Debitis delectus aperiam minus necessitatibus.,3,andrea.parra.demo4700@yahoo.com,"[""consequatur""]",Repellat deleniti animi ea.,DS1,No registra,Familia,46,No,Sí,Chilena,$600.001 - $900.000,$1.000.000
CONV-11875,2025-04-24,Nesciunt doloribus totam natus harum alias.,12,patricio.pacheco.demo39810@hotmail.com,"[""quos"", ""amet""]",Expedita numquam nihil soluta quo consectetur.,Ninguno,40%,Otros,35,Sí,Sí,Chilena,$900.001 - $1.200.000,$500.000
CONV-11876,2024-11-24,Officiis unde temporibus voluptatum quisquam delectus dignissimos alias.,6,patricio.pacheco.demo39810@hotmail.com,"[""molestiae"", ""maiores"", ""id""]",Nemo aut perspiciatis vero.,Ninguno,80%,Familia,65,No,No,Chilena,$400.000 - $600.000,$1.000.000
CONV-11877,2024-12-09,Culpa eius placeat incidunt dolor.,10,jennifer.ulloa.demo37807@yahoo.com,"[""quisquam"", ""dolores"", ""ab"", ""blanditiis""]",Atque nulla laborum porro earum vel a.,Pendiente evaluación,60%,Familia,69,No,Sí,Venezolana,$400.000 - $600.000,$1.000.000
CONV-11878,2025-03-26,A quibusdam magnam quam repellendus. Sit exercitationem fugiat rerum quam amet.,6,erick.pavez.demo24266@gmail.com,"[""libero"", ""placeat""]",Voluptates vero laudantium pariatur fugiat voluptates autem.,DS19,60%,Otros,36,No,No,Colombiana,$600.001 - $900.000,Sin ahorro formal
CONV-11879,2025-04-23,Inventore fugit modi impedit molestiae.,21,erick.pavez.demo24266@gmail.com,"[""enim"", ""deserunt"", ""ut""]",Aut eos sunt nihil nemo quod cupiditate.,DS19,40%,Otros,21,No,Sí,Chilena,Más de $1.200.000,$1.000.000
CONV-11880,2025-03-27,Ab ullam impedit saepe veritatis.,11,maria.velasquez.demo5178@gmail.com,"[""laborum"", ""maiores""]",Doloribus illo asperiores adipisci ab.,DS49,80%,Familia,27,No,Sí,Chilena,$900.001 - $1.200.000,$500.000
CONV-11881,2026-01-07,Magnam illum optio saepe. A voluptatum distinctio quidem.,20,pamela.reyes.demo50436@gmail.com,"[""fugit""]",Pariatur perferendis labore officia harum minus natus eaque.,DS19,40%,Solo,67,No,No,Chilena,$600.001 - $900.000,$1.000.000
CONV-11882,2025-02-13,Praesentium illum sit laboriosam unde.,4,linda.escalona.demo8694@outlook.com,"[""quasi"", ""quo"", ""autem""]",Officia cumque esse odit labore modi.,Ninguno,60%,Cónyuge,48,No,Sí,Chilena,$400.000 - $600.000,$2.000.000
CONV-11883,2026-01-05,Dicta ipsa cumque quidem. Quam quisquam voluptatibus velit tenetur sapiente error.,19,linda.escalona.demo8694@outlook.com,"[""itaque"", ""repudiandae"", ""veritatis""]",Consequuntur ea veniam quam commodi vel.,DS19,40%,Otros,40,No,No,Chilena,Más de $1.200.000,$2.000.000
CONV-11884,2024-08-17,Numquam delectus dicta facere fugit similique.,3,linda.escalona.demo8694@outlook.com,"[""repellendus"", ""nulla"", ""maiores""]",A at consequatur quis aut harum quod.,DS49,40%,Familia,60,Sí,No,Chilena,Más de $1.200.000,$1.000.000
CONV-11885,2026-03-12,Beatae blanditiis quisquam illo cumque magni dolorem.,21,israel.contreras.demo13400@yahoo.com,"[""vitae""]",Labore voluptas ex non.,DS19,60%,Solo,23,No,Sí,Chilena,Más de $1.200.000,Sin ahorro formal
CONV-11886,2024-10-23,Iure nihil corporis dolore. Quo minus nihil.,13,israel.contreras.demo13400@yahoo.com,"[""libero""]",Quasi numquam assumenda recusandae hic.,DS49,60%,Cónyuge,39,Sí,No,Chilena,Más de $1.200.000,$500.000
CONV-11887,2024-12-06,Hic fuga delectus dolore. Voluptatem omnis autem.,14,israel.contreras.demo13400@yahoo.com,"[""nemo"", ""incidunt"", ""quam"", ""excepturi""]",Quod sed repudiandae eos cumque placeat.,DS49,80%,Solo,22,No,No,Chilena,Más de $1.200.000,Sin ahorro formal
CONV-11888,2026-01-04,Cupiditate optio repudiandae earum.,8,antonio.rodriguez.demo51194@hotmail.com,"[""recusandae"", ""aperiam"", ""eos""]",Esse est aspernatur incidunt minus ut autem.,DS49,No registra,Familia,61,Sí,Sí,Chilena,Más de $1.200.000,$2.000.000
CONV-11889,2024-07-24,Ullam neque eius totam.,15,daniela.castillo.demo34922@yahoo.com,"[""id"", ""harum""]",Illum nulla cum iste quas blanditiis.,DS1,80%,Solo,52,No,Sí,Chilena,$900.001 - $1.200.000,Sin ahorro formal
CONV-11890,2026-02-11,Molestiae velit vitae consequatur doloribus.,6,daniela.castillo.demo34922@yahoo.com,"[""cumque"", ""omnis"", ""quae"", ""suscipit""]",Iusto quasi quisquam corrupti facere nostrum ex.,Pendiente evaluación,No registra,Solo,69,No,Sí,Chilena,$600.001 - $900.000,Sin ahorro formal
CONV-11891,2024-09-07,Omnis tenetur iure ea deserunt veritatis.,23,trinidad.bahamondes.demo40483@gmail.com,"[""magni"", ""facilis""]",Eaque autem veniam non quod esse omnis.,Pendiente evaluación,40%,Solo,24,No,Sí,Chilena,$600.001 - $900.000,Sin ahorro formal
CONV-11892,2024-06-01,Necessitatibus fugit aspernatur facilis ducimus accusantium.,23,trinidad.bahamondes.demo40483@gmail.com,"[""officiis"", ""voluptate"", ""aspernatur""]",Labore officiis ipsam non.,DS49,40%,Solo,23,No,Sí,Chilena,$400.000 - $600.000,$2.000.000
CONV-11893,2025-12-17,At facere ipsa facilis aspernatur ipsa qui saepe.,4,elias.belmar.demo22601@outlook.com,"[""temporibus""]",Ab possimus error quis aliquam modi.,Ninguno,60%,Cónyuge,29,No,Sí,Chilena,$600.001 - $900.000,Sin ahorro formal
CONV-11894,2025-03-10,Eaque magni veniam magni.,21,katherinne.plaza.demo32536@outlook.com,"[""quibusdam"", ""laudantium""]",Illo veritatis esse possimus nam.,Ninguno,80%,Solo,34,Sí,No,Chilena,Más de $1.200.000,Sin ahorro formal
CONV-11895,2025-02-21,Tempore officiis animi. Enim facilis cumque aliquid maxime.,20,katherinne.plaza.demo32536@outlook.com,"[""optio"", ""possimus""]",Explicabo ipsum porro porro.,Pendiente evaluación,60%,Otros,61,Sí,Sí,Chilena,$600.001 - $900.000,$1.000.000
CONV-11896,2025-11-08,In at iste ut corporis culpa natus. Cum debitis quibusdam.,15,romina.lorca.demo49503@hotmail.com,"[""aperiam"", ""hic"", ""illo"", ""tenetur""]",Inventore laboriosam autem iure aliquid doloribus eum accusantium.,Pendiente evaluación,60%,Solo,33,Sí,Sí,Chilena,$600.001 - $900.000,Sin ahorro formal
CONV-11897,2025-02-17,Accusamus eos sit harum.,9,aldo.alarcon.demo26576@gmail.com,"[""veritatis"", ""aliquam"", ""excepturi"", ""distinctio""]",Autem deserunt at exercitationem alias in debitis hic.,Pendiente evaluación,40%,Otros,68,Sí,No,Chilena,$900.001 - $1.200.000,$1.000.000
CONV-11898,2024-08-07,Velit natus molestiae officiis. Tenetur pariatur atque saepe culpa quia.,7,aldo.alarcon.demo26576@gmail.com,"[""non"", ""eveniet""]",Quidem voluptate nemo totam odit adipisci aperiam.,DS1,60%,Solo,37,No,No,Chilena,$600.001 - $900.000,$500.000
CONV-11899,2026-05-17,Ducimus labore exercitationem quidem voluptas ea voluptas officia.,25,aldo.alarcon.demo26576@gmail.com,"[""iure"", ""consequatur"", ""placeat"", ""enim""]",Eveniet asperiores optio earum voluptatum doloribus cumque veniam.,Pendiente evaluación,No registra,Familia,39,Sí,Sí,Chilena,Más de $1.200.000,$1.000.000
CONV-11900,2026-02-24,Molestiae vitae minus quisquam velit labore. Nesciunt error similique reprehenderit.,3,elcira.gomez.demo34118@hotmail.com,"[""tempora""]",Numquam officia corrupti nisi similique tempore cum ipsam.,DS49,40%,Cónyuge,60,No,Sí,Chilena,$400.000 - $600.000,$2.000.000
CONV-11901,2024-09-03,Doloremque vitae minima. Eos voluptatibus nostrum corrupti suscipit iste voluptatibus.,16,elcira.gomez.demo34118@hotmail.com,"[""qui""]",Cumque est nesciunt quos dolorem.,DS1,No registra,Otros,29,No,No,Chilena,Más de $1.200.000,$1.000.000
CONV-11902,2024-11-21,Neque incidunt repellat corrupti unde iste est ab.,12,elcira.gomez.demo34118@hotmail.com,"[""nostrum"", ""in""]",Dignissimos odio quos deserunt impedit sint.,Pendiente evaluación,No registra,Solo,21,Sí,Sí,Chilena,Más de $1.200.000,$2.000.000
CONV-11903,2025-07-19,Veniam nisi qui cumque reprehenderit eaque laborum.,21,marcia.parra.demo24730@outlook.com,"[""quo"", ""debitis"", ""ad""]",Non error aliquam ad doloribus eos amet.,DS1,80%,Cónyuge,32,Sí,No,Chilena,$400.000 - $600.000,$1.000.000
CONV-11904,2025-09-13,Officia harum a delectus esse expedita. Quae perferendis quibusdam aliquid odit pariatur.,25,marcia.parra.demo24730@outlook.com,"[""repellendus"", ""et""]",Voluptates accusantium error mollitia perferendis repellat rerum eum.,DS1,40%,Otros,37,Sí,Sí,Peruana,Más de $1.200.000,$500.000
CONV-11905,2025-02-02,Incidunt ratione sed temporibus hic molestiae vitae.,18,francisco.lorca.demo33918@hotmail.com,"[""provident""]",Officia blanditiis libero cum.,DS49,40%,Familia,23,No,Sí,Chilena,$400.000 - $600.000,$500.000
CONV-11906,2026-01-27,Explicabo iusto quibusdam.,19,francisco.lorca.demo33918@hotmail.com,"[""similique"", ""ea""]",Dolorem tempore rerum incidunt.,DS1,80%,Cónyuge,69,No,Sí,Colombiana,$600.001 - $900.000,$500.000
CONV-11907,2025-06-14,Blanditiis asperiores odio minus.,23,rodrigo.torres.demo40563@gmail.com,"[""facere"", ""fugit""]",Deleniti id assumenda minima ducimus.,Ninguno,No registra,Familia,21,Sí,Sí,Venezolana,$600.001 - $900.000,$500.000
CONV-11908,2025-06-11,Perspiciatis architecto ea at repudiandae animi. Dolores alias porro ipsam.,13,rodrigo.torres.demo40563@gmail.com,"[""eum""]",Eligendi placeat cumque magni dolores iusto ad.,DS49,No registra,Solo,38,No,Sí,Chilena,$900.001 - $1.200.000,$1.000.000
CONV-11909,2025-09-05,Amet voluptatem harum natus maxime. Ullam eum expedita.,7,aladino.vasquez.demo2734@hotmail.com,"[""nihil"", ""vel"", ""vero"", ""odio""]",In nam laborum accusamus.,DS19,80%,Otros,66,No,Sí,Chilena,$600.001 - $900.000,$500.000
CONV-11910,2025-06-17,Eum tempore asperiores non.,18,aladino.vasquez.demo2734@hotmail.com,"[""consectetur"", ""sunt"", ""illo""]",Explicabo vero harum laborum vero pariatur a fuga.,DS49,80%,Cónyuge,22,Sí,Sí,Colombiana,$900.001 - $1.200.000,$2.000.000
CONV-11911,2024-11-05,Consequuntur et voluptatibus cumque. Id voluptate culpa aliquam officia.,6,francis.parra.demo31347@yahoo.com,"[""ullam""]",Suscipit ipsam labore blanditiis.,Pendiente evaluación,60%,Familia,36,No,Sí,Venezolana,$900.001 - $1.200.000,$500.000
CONV-11912,2026-05-11,Harum commodi mollitia incidunt labore.,19,alejandro.toro.demo10509@yahoo.com,"[""voluptatem"", ""perspiciatis"", ""consequuntur"", ""possimus""]",Ad quo laudantium.,Pendiente evaluación,40%,Cónyuge,68,No,Sí,Chilena,$400.000 - $600.000,$1.000.000
CONV-11913,2024-07-30,Eius hic laudantium ab voluptatum delectus.,16,alejandro.toro.demo10509@yahoo.com,"[""non""]",Quia non dicta recusandae.,Ninguno,40%,Solo,62,Sí,Sí,Chilena,$400.000 - $600.000,$1.000.000
CONV-11914,2026-04-04,Dolorem dolor vel minima nulla. Assumenda sapiente voluptate perspiciatis dolorem.,17,alejandro.toro.demo10509@yahoo.com,"[""officia"", ""incidunt"", ""voluptatem"", ""molestiae""]",Nemo dolorem illum dolorum saepe consequuntur necessitatibus.,DS19,No registra,Cónyuge,48,No,Sí,Chilena,$600.001 - $900.000,$500.000
CONV-11915,2026-01-26,Cupiditate perspiciatis esse officiis nihil.,3,paulette.fuentes.demo49276@outlook.com,"[""dolorum"", ""quisquam"", ""excepturi""]",Nesciunt similique recusandae eveniet.,Pendiente evaluación,40%,Familia,52,No,No,Chilena,Más de $1.200.000,Sin ahorro formal
CONV-11916,2024-12-03,Quo ducimus optio perferendis a non.,17,amanda.cid.demo31535@hotmail.com,"[""suscipit"", ""deserunt"", ""autem""]",Placeat voluptas et est a aliquid.,DS19,No registra,Solo,61,Sí,No,Chilena,Más de $1.200.000,Sin ahorro formal
CONV-11917,2025-04-09,Autem unde ab. Fugit suscipit culpa modi quos alias.,9,amanda.cid.demo31535@hotmail.com,"[""beatae""]",Nulla unde vitae nam necessitatibus harum aliquam.,DS49,40%,Cónyuge,32,No,Sí,Chilena,$400.000 - $600.000,$500.000
CONV-11918,2025-11-09,Dignissimos quia dolorum.,12,amanda.cid.demo31535@hotmail.com,"[""temporibus""]",Provident reiciendis quas possimus adipisci.,DS49,No registra,Otros,46,Sí,Sí,Chilena,$400.000 - $600.000,$500.000
CONV-11919,2026-04-29,Dignissimos reiciendis vel reprehenderit facere aliquid eos. Maxime ducimus fugiat itaque.,25,rene.medina.demo1980@gmail.com,"[""perferendis"", ""earum"", ""corporis""]",Commodi ullam atque maiores.,DS1,80%,Solo,46,No,No,Venezolana,$900.001 - $1.200.000,Sin ahorro formal
CONV-11920,2025-12-15,Tempora iure cumque ex ipsa ex incidunt. Quas officia nesciunt labore modi.,6,rene.medina.demo1980@gmail.com,"[""error""]",Fugit optio quibusdam iusto.,DS1,60%,Cónyuge,46,No,No,Chilena,$900.001 - $1.200.000,Sin ahorro formal
CONV-11921,2025-03-23,Aut aperiam numquam voluptatum voluptatibus.,6,segundo.vasquez.demo18940@gmail.com,"[""consectetur"", ""assumenda"", ""blanditiis""]",Nisi expedita possimus quo eveniet autem.,DS49,80%,Solo,58,Sí,No,Chilena,$900.001 - $1.200.000,$1.000.000
CONV-11922,2025-10-29,Quia nam magni explicabo temporibus molestias.,8,segundo.vasquez.demo18940@gmail.com,"[""eos""]",Explicabo laboriosam odit ad accusantium.,DS19,No registra,Cónyuge,55,Sí,Sí,Chilena,$900.001 - $1.200.000,$1.000.000
CONV-11923,2024-07-04,Velit aspernatur neque explicabo placeat quis nihil.,18,fernanda.flores.demo33802@gmail.com,"[""adipisci"", ""doloribus"", ""eius"", ""blanditiis""]",Voluptates magni reprehenderit ad deleniti tenetur.,Ninguno,80%,Otros,67,No,No,Chilena,Más de $1.200.000,$1.000.000
CONV-11924,2025-01-20,Porro libero sit. Aperiam reprehenderit omnis ipsum quisquam. Dicta saepe nostrum totam.,18,ignacio.barrios.demo31500@yahoo.com,"[""accusamus"", ""natus"", ""dolore"", ""quod""]",In sunt impedit ea occaecati.,DS49,40%,Otros,32,No,No,Chilena,$900.001 - $1.200.000,Sin ahorro formal
CONV-11925,2025-11-02,Delectus inventore incidunt culpa rem.,6,ignacio.barrios.demo31500@yahoo.com,"[""commodi"", ""cupiditate""]",Exercitationem corporis quisquam odit voluptate provident beatae.,DS19,40%,Cónyuge,55,Sí,Sí,Chilena,Más de $1.200.000,$500.000
CONV-11926,2026-05-12,Illo inventore dolorum doloremque pariatur eveniet facere.,8,ignacio.barrios.demo31500@yahoo.com,"[""at"", ""quos""]",Voluptatibus magni fugit.,DS49,No registra,Familia,69,No,No,Chilena,$600.001 - $900.000,$500.000
CONV-11927,2024-06-21,Accusantium necessitatibus maiores asperiores repellat quos impedit.,18,patricia.vargas.demo48905@yahoo.com,"[""ab"", ""aperiam"", ""cupiditate"", ""excepturi""]",Suscipit voluptates totam doloremque dicta.,DS1,No registra,Cónyuge,28,No,No,Chilena,$900.001 - $1.200.000,$2.000.000
CONV-11928,2024-11-25,Fugit doloremque deleniti facilis. Expedita iure dolorem.,24,rosa.valdes.demo14850@outlook.com,"[""id""]",Suscipit ipsa similique deserunt earum voluptatum doloremque nobis.,Ninguno,80%,Cónyuge,62,No,Sí,Chilena,$400.000 - $600.000,$500.000
CONV-11929,2026-04-01,Commodi beatae sequi rerum voluptas nesciunt eos.,17,rosa.valdes.demo14850@outlook.com,"[""temporibus"", ""tempore"", ""laborum"", ""fuga""]",Blanditiis sit dicta autem.,DS49,60%,Cónyuge,54,No,No,Chilena,$400.000 - $600.000,Sin ahorro formal
CONV-11930,2026-03-23,Nihil nobis vitae impedit quam assumenda nisi. Asperiores eos maiores.,12,maria.vidal.demo51859@gmail.com,"[""eos"", ""tempore""]",Consectetur impedit omnis saepe.,Ninguno,No registra,Solo,25,Sí,Sí,Venezolana,Más de $1.200.000,$500.000
CONV-11931,2025-03-06,Esse debitis repudiandae rem dignissimos aliquam.,12,maria.vidal.demo51859@gmail.com,"[""tenetur"", ""quos"", ""fugit"", ""ad""]",Quas commodi ad suscipit esse odio incidunt.,Ninguno,No registra,Otros,35,Sí,No,Chilena,$600.001 - $900.000,Sin ahorro formal
CONV-11932,2025-10-19,Recusandae laudantium cupiditate.,6,pamela.lazcano.demo44423@yahoo.com,"[""suscipit""]",Nemo dolorum quam iste quis.,Pendiente evaluación,80%,Solo,52,Sí,No,Chilena,$400.000 - $600.000,$2.000.000
CONV-11933,2026-05-17,Cumque atque provident sapiente iure mollitia ipsum reiciendis.,20,pamela.lazcano.demo44423@yahoo.com,"[""pariatur""]",Nihil iusto magni quod.,Pendiente evaluación,No registra,Familia,70,No,No,Venezolana,$400.000 - $600.000,Sin ahorro formal
CONV-11934,2024-10-10,At aut animi sed consequuntur necessitatibus.,12,hector.montecino.demo2447@hotmail.com,"[""rem"", ""quaerat"", ""quis"", ""cum""]",Quisquam officiis distinctio quod optio.,Ninguno,60%,Familia,49,No,Sí,Colombiana,$400.000 - $600.000,$1.000.000
CONV-11935,2026-03-25,Aliquam molestiae eos laudantium.,10,pedro.cardenas.demo8784@outlook.com,"[""vel"", ""adipisci"", ""dicta"", ""cumque""]",Veritatis numquam culpa tenetur corrupti tempore ullam.,DS19,No registra,Cónyuge,38,Sí,Sí,Chilena,$900.001 - $1.200.000,$2.000.000
CONV-11936,2025-10-07,Exercitationem dicta exercitationem doloremque.,6,carlos.castillo.demo42377@outlook.com,"[""voluptas""]",Est dignissimos vero magni provident libero necessitatibus.,DS19,80%,Cónyuge,46,No,Sí,Chilena,$900.001 - $1.200.000,$1.000.000
CONV-11937,2026-02-11,Dolor reprehenderit laboriosam delectus officia. Porro id saepe vero.,13,carlos.castillo.demo42377@outlook.com,"[""suscipit"", ""rerum"", ""eligendi"", ""eos""]",Totam officiis eaque maxime beatae quos.,DS19,80%,Cónyuge,22,Sí,Sí,Chilena,Más de $1.200.000,$500.000
CONV-11938,2025-03-06,Hic ipsam ipsum id itaque at. Ab doloremque sapiente quod perferendis dicta.,22,florencia.perez.demo18898@gmail.com,"[""ipsa"", ""ipsum"", ""asperiores""]",Fuga architecto dicta delectus.,DS19,No registra,Otros,18,No,Sí,Venezolana,$600.001 - $900.000,Sin ahorro formal
CONV-11939,2024-12-26,Error dolore itaque. Quod fugit placeat eos.,21,florencia.perez.demo18898@gmail.com,"[""doloremque"", ""voluptas""]",Maiores laudantium voluptates alias officia cumque.,Pendiente evaluación,60%,Otros,27,Sí,No,Chilena,$400.000 - $600.000,Sin ahorro formal
CONV-11940,2025-01-07,Deserunt nisi sit asperiores sint magnam.,17,angelo.cortes.demo3936@yahoo.com,"[""qui""]",Sed fugiat asperiores velit sequi voluptas sunt.,DS49,No registra,Solo,67,Sí,No,Chilena,Más de $1.200.000,Sin ahorro formal
CONV-11941,2024-09-29,Magnam ea et incidunt animi et.,24,angelo.cortes.demo3936@yahoo.com,"[""nam"", ""eaque""]",Ad laudantium explicabo suscipit ab veniam.,Pendiente evaluación,80%,Solo,52,Sí,No,Chilena,$600.001 - $900.000,$1.000.000
CONV-11942,2025-07-09,Quam illo vero officiis sint officia quos.,20,angelo.cortes.demo3936@yahoo.com,"[""debitis""]",Commodi laboriosam aspernatur debitis veritatis.,DS1,40%,Solo,68,Sí,Sí,Chilena,$400.000 - $600.000,$2.000.000
CONV-11943,2025-03-01,Ut ad eum illo dolorum minima quaerat. Ad assumenda id.,20,tiare.castillo.demo2749@yahoo.com,"[""reiciendis"", ""maxime"", ""impedit"", ""quisquam""]",Expedita assumenda amet ea.,Ninguno,40%,Cónyuge,34,Sí,No,Venezolana,Más de $1.200.000,$2.000.000
CONV-11944,2026-05-16,Deleniti consectetur eveniet magni velit laborum. Distinctio esse tempore dicta in.,7,tiare.castillo.demo2749@yahoo.com,"[""qui"", ""laudantium"", ""error"", ""fuga""]",Autem aspernatur temporibus eligendi.,DS49,80%,Cónyuge,40,No,No,Chilena,$900.001 - $1.200.000,Sin ahorro formal
CONV-11945,2024-07-19,Aspernatur accusantium perferendis voluptas ipsum perferendis nihil.,11,andy.flores.demo8463@gmail.com,"[""aliquam"", ""neque"", ""eaque"", ""nesciunt""]",Repellat minus optio esse aut.,DS49,40%,Solo,35,No,No,Chilena,Más de $1.200.000,$2.000.000
CONV-11946,2026-05-15,Itaque dignissimos hic voluptatum magnam delectus pariatur.,8,andy.flores.demo8463@gmail.com,"[""eum"", ""occaecati"", ""sequi""]",Error repellat recusandae laboriosam consequatur voluptatum exercitationem optio.,DS1,40%,Solo,58,Sí,Sí,Chilena,$400.000 - $600.000,$2.000.000
CONV-11947,2025-02-19,Nesciunt vero repellendus culpa quibusdam unde molestiae.,9,andy.flores.demo8463@gmail.com,"[""aperiam""]",Labore commodi asperiores possimus eveniet ipsa modi commodi.,Ninguno,No registra,Cónyuge,41,No,No,Chilena,$900.001 - $1.200.000,Sin ahorro formal
CONV-11948,2025-08-20,Placeat maxime culpa laborum ducimus culpa. Sequi modi asperiores libero accusantium.,17,dylan.dominguez.demo24073@hotmail.com,"[""unde""]",Suscipit a asperiores similique.,Pendiente evaluación,60%,Solo,60,Sí,Sí,Chilena,$900.001 - $1.200.000,$2.000.000
CONV-11949,2026-04-04,Amet dolore eligendi voluptatum nemo.,10,dylan.dominguez.demo24073@hotmail.com,"[""aliquid"", ""illum"", ""reiciendis""]",Nihil similique nulla pariatur.,DS49,40%,Otros,58,Sí,No,Venezolana,Más de $1.200.000,$500.000
CONV-11950,2024-11-11,Iste aliquid itaque tempora. Aliquid odio neque alias. Pariatur unde in.,19,dylan.dominguez.demo24073@hotmail.com,"[""tempore""]",Deserunt veritatis repudiandae minima est eligendi.,DS49,80%,Otros,67,No,No,Chilena,$900.001 - $1.200.000,$2.000.000
CONV-11951,2025-01-05,Magnam quaerat tenetur rem.,4,maria.leiva.demo14755@yahoo.com,"[""aperiam"", ""eos"", ""ullam"", ""facilis""]",Ipsum quis debitis commodi reprehenderit corporis nesciunt.,DS19,No registra,Familia,54,Sí,Sí,Chilena,Más de $1.200.000,$2.000.000
CONV-11952,2025-05-27,Suscipit amet et in rerum voluptates.,18,daniel.munoz.demo28746@gmail.com,"[""veritatis""]",Et dicta sint deserunt natus voluptatem similique odit.,DS1,40%,Cónyuge,54,No,Sí,Chilena,$900.001 - $1.200.000,$1.000.000
CONV-11953,2024-07-12,Odio repellendus dolor voluptas sit. Minima quam libero.,21,mario.delgado.demo28540@hotmail.com,"[""occaecati"", ""suscipit"", ""minima""]",Dolores recusandae beatae numquam veritatis.,DS49,60%,Familia,41,Sí,Sí,Chilena,$400.000 - $600.000,$2.000.000
CONV-11954,2024-10-29,Aliquam eius optio doloribus quam in. Maxime doloribus beatae aperiam.,14,javier.hernandez.demo24071@outlook.com,"[""esse""]",Tempora pariatur consequatur provident saepe nostrum deserunt.,Ninguno,No registra,Familia,36,No,Sí,Chilena,$600.001 - $900.000,$500.000
CONV-11955,2025-06-25,Inventore voluptate praesentium ut occaecati. Soluta velit iure rem omnis saepe dolores.,17,dominga.garay.demo23180@outlook.com,"[""necessitatibus"", ""tempore"", ""eaque"", ""molestiae""]",Aut quam ab.,Ninguno,60%,Otros,39,No,Sí,Chilena,$900.001 - $1.200.000,$2.000.000
CONV-11956,2024-06-30,Illum fuga inventore. Aliquam aliquid voluptates harum.,18,sabina.alvarado.demo12160@hotmail.com,"[""sit"", ""eligendi"", ""quidem"", ""voluptas""]",Quo quas est commodi iure vero.,DS1,60%,Familia,46,No,No,Chilena,Más de $1.200.000,$500.000
CONV-11957,2025-01-27,Tenetur odio iusto excepturi vel at.,7,sabina.alvarado.demo12160@hotmail.com,"[""laborum""]",Eos quia doloremque doloremque fugit quo.,Ninguno,40%,Familia,27,Sí,Sí,Venezolana,$600.001 - $900.000,$500.000
CONV-11958,2025-01-06,Quo eum magni a sit consequuntur nesciunt asperiores.,4,loreto.tapia.demo18539@hotmail.com,"[""quo"", ""occaecati""]",Id dolore reiciendis.,Pendiente evaluación,60%,Familia,33,Sí,Sí,Chilena,$900.001 - $1.200.000,$500.000
CONV-11959,2025-08-07,Quia eaque aperiam laboriosam a voluptatum id voluptatem. Maxime sed blanditiis.,15,loreto.tapia.demo18539@hotmail.com,"[""dicta"", ""repellendus"", ""eius"", ""error""]",Dicta velit amet culpa corrupti possimus omnis.,Ninguno,No registra,Otros,43,No,No,Chilena,Más de $1.200.000,$1.000.000
CONV-11960,2024-09-26,Iure provident vel sapiente mollitia.,12,loreto.tapia.demo18539@hotmail.com,"[""voluptatum"", ""odio"", ""esse""]",Nesciunt ex itaque tempora deleniti reiciendis.,Pendiente evaluación,60%,Solo,23,No,Sí,Chilena,Más de $1.200.000,$1.000.000
CONV-11961,2024-10-06,Aliquid itaque iusto nam vero amet optio.,15,yeison.valenzuela.demo22693@outlook.com,"[""non""]",Cumque ipsum enim fuga quis eveniet optio sequi.,DS19,60%,Cónyuge,28,No,No,Chilena,Más de $1.200.000,$1.000.000
CONV-11962,2025-03-25,Nihil quas quis tenetur eaque quas qui cum. Nemo placeat praesentium ab aut sunt ad.,5,yeison.valenzuela.demo22693@outlook.com,"[""numquam"", ""voluptatum"", ""nostrum"", ""excepturi""]",Possimus ea cupiditate fugit.,DS19,80%,Otros,58,No,Sí,Chilena,Más de $1.200.000,Sin ahorro formal
CONV-11963,2025-07-14,Fugit distinctio labore minus velit quos facilis.,24,yeison.valenzuela.demo22693@outlook.com,"[""praesentium"", ""saepe"", ""molestias"", ""eligendi""]",Nostrum adipisci nemo.,Ninguno,40%,Otros,62,No,Sí,Chilena,$600.001 - $900.000,$500.000
CONV-11964,2024-07-20,Asperiores facere voluptatum et exercitationem facere.,20,oscar.chavez.demo20434@outlook.com,"[""asperiores""]",Dolorum minima commodi tenetur quam porro.,DS49,80%,Familia,47,Sí,Sí,Chilena,$400.000 - $600.000,$2.000.000
CONV-11965,2025-02-11,Dolores laboriosam voluptate consectetur distinctio.,5,oscar.chavez.demo20434@outlook.com,"[""accusamus"", ""sed"", ""eum""]",Blanditiis ex odit.,Ninguno,No registra,Familia,68,Sí,Sí,Chilena,$600.001 - $900.000,$1.000.000
CONV-11966,2024-06-10,Architecto nobis deserunt accusantium.,15,alicia.velasquez.demo27202@yahoo.com,"[""velit"", ""accusamus"", ""ipsa"", ""ea""]",Veniam nesciunt temporibus tenetur facilis facere.,Ninguno,60%,Otros,64,No,Sí,Chilena,$600.001 - $900.000,$2.000.000
CONV-11967,2025-08-30,Aliquam facilis reprehenderit eaque dolorem inventore a.,11,alicia.velasquez.demo27202@yahoo.com,"[""optio"", ""inventore"", ""molestiae"", ""blanditiis""]",Vitae ab suscipit eius illo ducimus nesciunt pariatur.,DS49,40%,Familia,38,No,No,Chilena,$400.000 - $600.000,$1.000.000
CONV-11968,2025-09-04,Incidunt facilis debitis fuga illum.,5,alicia.velasquez.demo27202@yahoo.com,"[""error"", ""unde"", ""odit""]",Delectus error quod vero laborum vitae reprehenderit distinctio.,Ninguno,80%,Cónyuge,47,No,No,Chilena,$400.000 - $600.000,$1.000.000
CONV-11969,2026-05-25,Ex facilis ipsum optio vel.,24,carlos.aros.demo353@outlook.com,"[""ipsa"", ""et"", ""quos"", ""labore""]",Odit impedit at sed sunt non explicabo.,DS49,80%,Solo,44,No,No,Colombiana,$600.001 - $900.000,Sin ahorro formal
CONV-11970,2025-04-21,Autem architecto magnam ex quam at.,16,carlos.aros.demo353@outlook.com,"[""omnis"", ""eveniet""]",Odit sint cupiditate velit commodi dicta.,DS49,No registra,Cónyuge,52,No,No,Chilena,$900.001 - $1.200.000,$500.000
CONV-11971,2024-10-17,Inventore iste officiis reprehenderit aut earum at.,6,nelson.vargas.demo49125@outlook.com,"[""quasi"", ""mollitia"", ""beatae"", ""saepe""]",Libero placeat dolorem occaecati possimus aspernatur.,DS19,80%,Familia,25,Sí,Sí,Chilena,$400.000 - $600.000,Sin ahorro formal
CONV-11972,2025-10-17,Eum tempore provident odio voluptatum.,7,nelson.vargas.demo49125@outlook.com,"[""repellat"", ""dolores"", ""expedita""]",Deleniti dolore ea.,DS19,No registra,Cónyuge,37,Sí,Sí,Chilena,$600.001 - $900.000,$500.000
CONV-11973,2025-08-10,Molestiae possimus debitis architecto praesentium nisi veritatis.,22,raul.barraza.demo30476@hotmail.com,"[""impedit"", ""fugiat"", ""dolores"", ""officiis""]",Pariatur unde ipsa tenetur in omnis.,DS49,No registra,Cónyuge,69,No,Sí,Chilena,$900.001 - $1.200.000,$2.000.000
CONV-11974,2024-06-23,Perferendis quae molestiae sapiente cumque doloribus corporis.,21,carolina.silva.demo45629@yahoo.com,"[""nemo"", ""voluptas"", ""corrupti"", ""commodi""]",Nihil saepe atque enim.,DS49,No registra,Cónyuge,37,No,No,Chilena,Más de $1.200.000,$1.000.000
CONV-11975,2025-11-06,Incidunt excepturi magni minus ipsam atque explicabo.,25,carolina.silva.demo45629@yahoo.com,"[""eius"", ""itaque"", ""facilis"", ""vel""]",Voluptatum at dolorem quos hic qui odit doloremque.,Pendiente evaluación,No registra,Otros,39,No,No,Colombiana,Más de $1.200.000,$500.000
CONV-11976,2024-10-24,Quibusdam quisquam quaerat autem tenetur earum ratione. Sed saepe explicabo quidem deserunt.,18,sonia.garcia.demo45803@hotmail.com,"[""deserunt""]",Fuga voluptatibus quas nam magnam.,DS49,60%,Solo,70,No,Sí,Chilena,$900.001 - $1.200.000,$1.000.000
CONV-11977,2025-08-16,Quos ipsa impedit sit debitis. Voluptates ex veniam explicabo enim ratione.,24,antonella.riveros.demo31191@outlook.com,"[""unde"", ""nulla"", ""neque"", ""nulla""]",Qui molestias esse exercitationem ut doloribus.,DS49,80%,Otros,26,Sí,No,Chilena,$900.001 - $1.200.000,$500.000
CONV-11978,2024-12-15,Natus iusto provident delectus.,6,antonella.riveros.demo31191@outlook.com,"[""nisi"", ""magnam"", ""fugiat""]",Quidem necessitatibus voluptas.,DS1,40%,Cónyuge,43,No,Sí,Chilena,$600.001 - $900.000,Sin ahorro formal
CONV-11979,2025-04-06,Libero sed tenetur ducimus molestias nesciunt.,15,antonella.riveros.demo31191@outlook.com,"[""commodi""]",Dolorem quas earum unde minima perferendis veritatis.,Pendiente evaluación,80%,Familia,51,Sí,No,Chilena,$900.001 - $1.200.000,Sin ahorro formal
CONV-11980,2025-05-24,Minus laudantium ratione explicabo sint ullam. Optio hic eveniet id velit.,22,elena.roman.demo33254@gmail.com,"[""necessitatibus"", ""odio"", ""quis""]",Ut et aut earum quod qui.,DS49,80%,Otros,33,Sí,Sí,Chilena,$600.001 - $900.000,$500.000
CONV-11981,2026-01-10,Omnis accusamus provident consectetur facere.,15,oscar.inostroza.demo21111@yahoo.com,"[""numquam"", ""ab"", ""quaerat""]",A pariatur quae nisi nemo voluptatum.,Ninguno,80%,Solo,18,Sí,No,Chilena,$400.000 - $600.000,$500.000
CONV-11982,2026-05-23,Ipsa ea cumque esse quia. Nam aliquam hic. Nam suscipit eius.,6,oscar.inostroza.demo21111@yahoo.com,"[""ab"", ""impedit"", ""fugit""]",Odit corporis placeat eligendi odio nemo tempore.,DS19,80%,Solo,39,Sí,Sí,Chilena,$400.000 - $600.000,Sin ahorro formal
CONV-11983,2026-05-04,Consequuntur nemo odit minima at aperiam asperiores.,14,oscar.inostroza.demo21111@yahoo.com,"[""soluta"", ""sequi""]",Maxime magnam excepturi error in minus.,DS49,60%,Familia,45,No,No,Venezolana,$400.000 - $600.000,$500.000
CONV-11984,2024-07-22,Officia laborum distinctio earum repellat inventore hic aliquam.,15,jonathan.parra.demo27131@outlook.com,"[""architecto"", ""nihil""]",Ex qui soluta labore rerum excepturi aut.,Pendiente evaluación,40%,Familia,33,Sí,Sí,Chilena,$400.000 - $600.000,$2.000.000
CONV-11985,2026-04-10,Quis nihil optio vitae distinctio quisquam. Sed impedit commodi labore unde.,12,jonathan.parra.demo27131@outlook.com,"[""esse"", ""soluta""]",Harum voluptate magnam sequi at.,Ninguno,No registra,Familia,24,Sí,Sí,Chilena,Más de $1.200.000,Sin ahorro formal
CONV-11986,2024-07-05,Nulla facere fuga sint soluta qui.,25,javiera.pizarro.demo20677@outlook.com,"[""velit"", ""doloremque"", ""porro""]",Nostrum nostrum dignissimos quisquam odit.,Pendiente evaluación,60%,Otros,69,Sí,Sí,Chilena,$400.000 - $600.000,$2.000.000
CONV-11987,2026-05-04,Culpa ipsam deserunt modi.,11,luna.gonzalez.demo44426@yahoo.com,"[""omnis""]",Dicta quasi consequuntur eius maiores.,Pendiente evaluación,80%,Familia,30,No,Sí,Colombiana,Más de $1.200.000,$500.000
CONV-11988,2025-03-07,Qui ea porro quis vero.,22,david.padilla.demo46566@hotmail.com,"[""id"", ""id"", ""esse"", ""itaque""]",Voluptatum accusantium non quo sequi blanditiis.,DS1,No registra,Solo,42,No,Sí,Chilena,$600.001 - $900.000,$2.000.000
CONV-11989,2026-01-07,Molestiae ipsa molestiae quisquam. Quas officia illum autem quas itaque excepturi ut.,19,sixto.cabrera.demo36230@yahoo.com,"[""voluptatum"", ""voluptates""]",Iste assumenda assumenda.,DS49,No registra,Solo,50,No,No,Colombiana,$600.001 - $900.000,$2.000.000
CONV-11990,2026-03-14,Minus cumque accusantium in pariatur aliquam beatae.,18,sixto.cabrera.demo36230@yahoo.com,"[""nostrum"", ""aliquid"", ""fuga""]",Et explicabo totam.,DS49,40%,Cónyuge,38,No,No,Chilena,$600.001 - $900.000,Sin ahorro formal
CONV-11991,2025-08-01,Illum magni a fugiat fuga libero fugiat ipsum.,7,david.gonzalez.demo2500@hotmail.com,"[""perferendis"", ""nisi""]",Illo possimus voluptatibus rem sequi necessitatibus.,DS49,40%,Otros,53,No,Sí,Chilena,Más de $1.200.000,$1.000.000
CONV-11992,2026-04-06,Maiores ea adipisci nisi occaecati tempore corporis reprehenderit.,20,david.gonzalez.demo2500@hotmail.com,"[""suscipit"", ""voluptatibus""]",Esse soluta iure consectetur autem earum amet.,DS19,40%,Familia,19,Sí,Sí,Peruana,$600.001 - $900.000,$500.000
CONV-11993,2024-09-18,Corporis assumenda occaecati consequuntur deleniti repellat.,3,elizabeth.romero.demo38353@hotmail.com,"[""sapiente"", ""ducimus""]",Excepturi accusantium mollitia ad quaerat quod itaque.,Ninguno,40%,Familia,52,No,Sí,Chilena,Más de $1.200.000,$500.000
CONV-11994,2025-06-02,Ratione incidunt tenetur placeat.,8,elizabeth.romero.demo38353@hotmail.com,"[""similique""]",Ipsum asperiores maxime delectus sed consectetur.,Ninguno,40%,Solo,22,No,No,Chilena,$400.000 - $600.000,$500.000
CONV-11995,2024-12-11,Officiis excepturi eligendi aliquam.,16,jose.galvez.demo20098@yahoo.com,"[""reiciendis"", ""sint"", ""laboriosam"", ""at""]",Vel a sit.,Ninguno,80%,Cónyuge,49,No,Sí,Chilena,$600.001 - $900.000,$2.000.000
CONV-11996,2025-04-17,Cumque ut velit dicta blanditiis eum.,25,jose.galvez.demo20098@yahoo.com,"[""quae"", ""inventore"", ""accusantium""]",Non nesciunt consequatur porro.,DS1,40%,Familia,59,Sí,Sí,Colombiana,$600.001 - $900.000,$500.000
CONV-11997,2025-11-27,Optio eveniet ipsam laboriosam. Iste accusamus tempora sequi quisquam.,22,jose.galvez.demo20098@yahoo.com,"[""cumque""]",Laudantium voluptate aliquid et laboriosam in.,Pendiente evaluación,80%,Cónyuge,43,Sí,No,Chilena,$600.001 - $900.000,$2.000.000
CONV-11998,2026-03-18,Dolores nesciunt aperiam ex consectetur autem culpa.,24,pedro.cardenas.demo22186@hotmail.com,"[""accusamus"", ""eos"", ""minus""]",Doloremque sapiente laudantium fuga.,DS19,80%,Solo,24,No,Sí,Chilena,$900.001 - $1.200.000,$1.000.000
CONV-11999,2025-06-09,Molestiae nobis similique unde placeat.,25,pedro.cardenas.demo22186@hotmail.com,"[""nulla""]",Accusantium praesentium saepe explicabo ipsum tempora inventore.,DS19,40%,Familia,23,Sí,Sí,Chilena,$400.000 - $600.000,Sin ahorro formal
CONV-12000,2025-01-23,Quas explicabo hic quos odio aliquam. Nostrum maiores asperiores minus quod pariatur.,17,pedro.cardenas.demo22186@hotmail.com,"[""velit""]",Aliquid quo labore quisquam quisquam.,DS19,40%,Familia,65,Sí,Sí,Venezolana,$600.001 - $900.000,$1.000.000
CONV-12001,2025-09-12,Reiciendis autem placeat officiis amet exercitationem provident.,20,maria.acuna.demo50743@outlook.com,"[""autem"", ""dolorem"", ""provident""]",Facere officia beatae vero deleniti voluptas.,DS19,40%,Familia,34,No,No,Chilena,$600.001 - $900.000,$1.000.000
CONV-12002,2025-05-13,Eligendi beatae qui dolores. Ab magnam ea quis nostrum provident iure.,16,maria.acuna.demo50743@outlook.com,"[""sit"", ""provident"", ""minima"", ""aut""]",Minus similique molestiae excepturi molestiae.,DS19,60%,Solo,67,Sí,No,Chilena,$600.001 - $900.000,$500.000
CONV-12003,2024-11-01,Illum architecto sequi ea. Eaque deserunt tempora esse.,10,maria.acuna.demo50743@outlook.com,"[""voluptate"", ""mollitia"", ""alias"", ""beatae""]",Voluptas itaque asperiores distinctio consequuntur.,DS19,80%,Familia,25,No,Sí,Chilena,Más de $1.200.000,$2.000.000
CONV-12004,2025-04-15,Alias quo reiciendis nam modi voluptas possimus.,18,francisco.ortiz.demo41732@outlook.com,"[""dolorem""]",Illum natus provident ratione dignissimos blanditiis harum perferendis.,DS19,40%,Familia,49,Sí,No,Chilena,$600.001 - $900.000,Sin ahorro formal
CONV-12005,2026-02-21,Velit autem molestiae accusantium saepe perferendis nemo. Ullam quam ipsam corrupti.,25,ricardo.mendoza.demo34778@gmail.com,"[""unde"", ""ea"", ""ipsa"", ""temporibus""]",Maiores eos animi rerum similique.,DS1,60%,Solo,21,Sí,No,Chilena,$400.000 - $600.000,$2.000.000
CONV-12006,2025-04-27,Vitae voluptas odit odio. Odit laborum voluptatum quidem esse maxime expedita.,16,ricardo.mendoza.demo34778@gmail.com,"[""facere"", ""aliquid"", ""dolorum""]",Quos iure qui saepe tempore eos adipisci.,Ninguno,60%,Familia,42,Sí,Sí,Venezolana,$900.001 - $1.200.000,$2.000.000
CONV-12007,2025-01-25,Laborum molestiae aut sapiente saepe. Illo tenetur a at.,25,ricardo.mendoza.demo34778@gmail.com,"[""itaque"", ""sed"", ""quas""]",Numquam iusto rerum facere.,DS49,60%,Solo,48,Sí,Sí,Chilena,$400.000 - $600.000,Sin ahorro formal
CONV-12008,2024-12-27,Dolor reprehenderit deserunt esse nisi assumenda facilis dolor.,15,alfredo.salgado.demo18540@hotmail.com,"[""harum"", ""sequi"", ""recusandae""]",Assumenda quod fuga veniam accusantium saepe.,DS19,60%,Familia,67,No,No,Chilena,$400.000 - $600.000,$2.000.000
CONV-12009,2026-04-24,Quasi exercitationem neque harum.,18,elba.olivares.demo18870@yahoo.com,"[""maiores"", ""veniam"", ""eum"", ""distinctio""]",Porro fuga similique impedit architecto sed.,DS19,No registra,Familia,25,No,No,Chilena,$600.001 - $900.000,$500.000
CONV-12010,2024-07-06,Doloremque veritatis dicta alias saepe quia.,12,luis.velasquez.demo37888@yahoo.com,"[""excepturi"", ""quasi"", ""natus""]",Quis illo id maiores accusamus cum nostrum.,DS19,80%,Otros,25,No,No,Venezolana,$400.000 - $600.000,$1.000.000
CONV-12011,2025-08-25,Iste deserunt deserunt qui ut nemo. Cumque asperiores vel rem ipsum.,9,luis.velasquez.demo37888@yahoo.com,"[""soluta"", ""ducimus""]",Fuga nam reiciendis magnam a impedit.,Pendiente evaluación,40%,Solo,57,Sí,No,Chilena,$600.001 - $900.000,$500.000
CONV-12012,2025-07-29,Cum temporibus impedit quo. Aperiam eum nemo qui quis.,24,luis.velasquez.demo37888@yahoo.com,"[""labore"", ""dignissimos"", ""hic"", ""iusto""]",Ducimus mollitia doloremque atque.,DS1,80%,Otros,34,Sí,Sí,Chilena,$600.001 - $900.000,$2.000.000
CONV-12013,2025-06-29,Saepe voluptas tempora atque. Error aut eum ipsum deserunt.,15,paul.martinez.demo39983@yahoo.com,"[""omnis"", ""quos"", ""vero""]",Soluta voluptates numquam eum maiores cupiditate.,DS19,80%,Solo,21,No,No,Peruana,Más de $1.200.000,$1.000.000
CONV-12014,2026-04-24,Consequuntur dolore incidunt nemo reiciendis velit dicta.,16,jorge.cabezas.demo34123@yahoo.com,"[""aliquid""]",Quibusdam delectus inventore maxime iste aut.,DS19,80%,Familia,61,Sí,No,Chilena,Más de $1.200.000,$2.000.000
CONV-12015,2024-12-30,Repudiandae culpa sequi nemo.,10,jorge.cabezas.demo34123@yahoo.com,"[""repudiandae"", ""labore"", ""distinctio""]",Quod quas iusto praesentium fugiat officiis.,DS49,40%,Cónyuge,56,Sí,Sí,Chilena,Más de $1.200.000,$2.000.000
CONV-12016,2025-04-21,A culpa sapiente suscipit. Aliquid veniam pariatur sint natus reiciendis.,11,jorge.cabezas.demo34123@yahoo.com,"[""a""]",Soluta eveniet eligendi cum quod blanditiis alias.,Pendiente evaluación,60%,Familia,58,No,Sí,Chilena,Más de $1.200.000,$2.000.000
CONV-12017,2026-02-09,Veniam sint consequatur vel ipsum beatae. Repellendus velit maiores aperiam.,11,vicente.araneda.demo13155@outlook.com,"[""voluptatem"", ""labore"", ""in""]",Hic adipisci ut quasi amet.,Ninguno,40%,Cónyuge,28,Sí,No,Chilena,$400.000 - $600.000,$500.000
CONV-12018,2026-05-04,Quae iste maiores veniam. Saepe quisquam provident quod.,21,vicente.araneda.demo13155@outlook.com,"[""eveniet""]",Ex rem vitae minus excepturi.,Pendiente evaluación,No registra,Familia,56,Sí,No,Venezolana,$600.001 - $900.000,$500.000
CONV-12019,2025-03-23,Eaque quia saepe cupiditate impedit voluptatem nostrum.,17,mauricio.ruz.demo10574@yahoo.com,"[""omnis"", ""molestiae"", ""provident"", ""provident""]",Ipsa voluptates iste illo tempora nesciunt fugiat distinctio.,DS19,No registra,Otros,59,No,Sí,Venezolana,$900.001 - $1.200.000,$500.000
CONV-12020,2024-10-30,Ex repellendus ducimus aliquam quas a. Cupiditate et rerum quibusdam.,24,albert.cortes.demo21855@yahoo.com,"[""a"", ""impedit""]",Excepturi aperiam ex quod architecto nihil molestiae.,DS49,No registra,Familia,52,No,No,Chilena,$600.001 - $900.000,$500.000
CONV-12021,2026-01-07,Ratione veniam corrupti odio perferendis aspernatur quas.,19,albert.cortes.demo21855@yahoo.com,"[""temporibus"", ""cumque"", ""atque""]",Inventore quas exercitationem dolor odit doloribus libero.,Pendiente evaluación,40%,Cónyuge,67,Sí,Sí,Chilena,$900.001 - $1.200.000,$500.000
CONV-12022,2026-03-19,Necessitatibus hic assumenda quis.,8,albert.cortes.demo21855@yahoo.com,"[""animi"", ""suscipit""]",Eos repellendus soluta nostrum eligendi.,Pendiente evaluación,40%,Solo,40,No,Sí,Chilena,Más de $1.200.000,$1.000.000
CONV-12023,2026-04-22,Expedita ea accusantium architecto. Ut a dolorum vel.,18,rodrigo.fuentealba.demo51278@yahoo.com,"[""facere"", ""soluta"", ""dignissimos""]",Molestias ea minima libero totam excepturi minima velit.,DS49,No registra,Cónyuge,53,No,No,Venezolana,$400.000 - $600.000,$2.000.000
CONV-12024,2025-06-08,Nam distinctio id nesciunt officia ex.,22,rodrigo.fuentealba.demo51278@yahoo.com,"[""perferendis"", ""odio"", ""unde""]",Enim rem excepturi ad.,Pendiente evaluación,80%,Cónyuge,45,No,Sí,Chilena,$900.001 - $1.200.000,$500.000
CONV-12025,2026-02-19,Fugiat dignissimos eos est explicabo quasi. Commodi assumenda quibusdam pariatur.,5,susana.munoz.demo24138@yahoo.com,"[""illo"", ""amet"", ""debitis"", ""consequuntur""]",Eveniet quae deleniti quidem.,Pendiente evaluación,60%,Solo,40,No,No,Chilena,$600.001 - $900.000,Sin ahorro formal
CONV-12026,2025-02-12,Voluptatibus ipsum eveniet. Laborum qui qui debitis officia dolorum modi.,3,susana.munoz.demo24138@yahoo.com,"[""quia"", ""necessitatibus"", ""quam"", ""accusantium""]",Aperiam numquam quo rem laboriosam.,DS49,No registra,Otros,23,Sí,No,Chilena,$400.000 - $600.000,$500.000
CONV-12027,2025-12-30,Dolorum voluptatum aut consequatur non vel magnam.,6,susana.munoz.demo24138@yahoo.com,"[""voluptatibus"", ""itaque""]",Vel accusamus repellat asperiores asperiores vero.,Ninguno,40%,Familia,39,No,Sí,Chilena,Más de $1.200.000,$500.000
CONV-12028,2024-08-16,Facilis debitis dolore minus natus delectus dolore.,10,sara.diaz.demo16645@gmail.com,"[""rem"", ""consequatur"", ""labore"", ""ex""]",Repellendus qui nulla quidem dolor.,DS19,40%,Solo,23,No,No,Chilena,Más de $1.200.000,Sin ahorro formal
CONV-12029,2026-05-11,Repellat eligendi culpa omnis accusamus nulla.,7,sara.diaz.demo16645@gmail.com,"[""accusantium"", ""labore"", ""voluptates"", ""maiores""]",Tenetur soluta saepe.,DS19,80%,Cónyuge,45,Sí,Sí,Chilena,Más de $1.200.000,$2.000.000
CONV-12030,2026-03-12,Voluptatem asperiores praesentium repellat quam illum fugit.,15,maria.zuniga.demo1830@hotmail.com,"[""mollitia"", ""atque"", ""quaerat"", ""molestias""]",Odio repellendus vero expedita.,DS19,80%,Familia,19,Sí,No,Chilena,Más de $1.200.000,$500.000
CONV-12031,2024-09-02,Sequi quae reprehenderit esse alias.,9,ana.ibanez.demo38161@outlook.com,"[""fugit""]",Deserunt fugit iure porro dolores sequi nihil.,DS1,60%,Familia,59,No,Sí,Chilena,$600.001 - $900.000,Sin ahorro formal
CONV-12032,2026-03-29,Architecto quia mollitia a enim.,13,ana.ibanez.demo38161@outlook.com,"[""blanditiis""]",Eum eos perferendis architecto.,DS19,80%,Familia,25,Sí,Sí,Chilena,$600.001 - $900.000,$2.000.000
CONV-12033,2024-06-05,Nam id laborum odit occaecati eligendi quaerat quisquam.,20,elias.briones.demo44042@outlook.com,"[""aut"", ""eveniet"", ""quia"", ""illum""]",Modi perspiciatis molestias impedit illum.,Ninguno,40%,Otros,29,No,Sí,Chilena,Más de $1.200.000,$1.000.000
CONV-12034,2025-06-25,Maxime expedita ab neque. Quas non hic ducimus.,19,elias.briones.demo44042@outlook.com,"[""non"", ""adipisci""]",Suscipit earum odio laudantium vero quidem totam.,DS1,60%,Cónyuge,60,No,Sí,Chilena,$900.001 - $1.200.000,$1.000.000
CONV-12035,2024-11-20,Quas itaque magni autem consectetur cupiditate. Animi aut quisquam quod suscipit.,23,antonio.fierro.demo36833@outlook.com,"[""modi"", ""adipisci""]",Consequuntur commodi et quas earum maiores quaerat.,DS19,40%,Cónyuge,59,No,No,Chilena,Más de $1.200.000,Sin ahorro formal
CONV-12036,2026-02-27,Voluptates veniam hic cumque occaecati culpa quia.,5,antonio.fierro.demo36833@outlook.com,"[""consequatur"", ""enim"", ""voluptates"", ""cupiditate""]",Tempore laborum labore molestias dolorum dolorum excepturi quam.,DS1,80%,Familia,27,No,Sí,Chilena,$600.001 - $900.000,$1.000.000
CONV-12037,2024-09-28,Odit esse inventore mollitia adipisci esse.,16,luis.gomez.demo16659@outlook.com,"[""minima""]",Quo suscipit consectetur eligendi.,Pendiente evaluación,40%,Otros,37,Sí,Sí,Chilena,$900.001 - $1.200.000,$2.000.000
CONV-12038,2025-08-09,Molestias incidunt quam ea.,22,ignacio.guzman.demo22519@yahoo.com,"[""voluptatibus"", ""et""]",Facere occaecati alias nostrum facere.,DS19,60%,Solo,41,Sí,No,Venezolana,$600.001 - $900.000,$1.000.000
CONV-12039,2024-12-30,Nobis id maxime hic blanditiis. Pariatur omnis similique aperiam numquam.,18,manuel.acosta.demo32859@hotmail.com,"[""harum"", ""sapiente"", ""iste"", ""inventore""]",Minus perferendis quasi.,DS19,80%,Cónyuge,49,No,Sí,Chilena,$900.001 - $1.200.000,$500.000
CONV-12040,2025-01-29,Sequi nobis tempore sunt amet.,22,manuel.acosta.demo32859@hotmail.com,"[""accusantium"", ""impedit"", ""earum""]",Deserunt voluptas harum quasi.,Ninguno,60%,Solo,49,No,Sí,Chilena,$400.000 - $600.000,$500.000
CONV-12041,2024-10-17,Ipsam quasi repudiandae voluptatibus.,10,maria.salazar.demo43817@hotmail.com,"[""natus"", ""explicabo""]",Expedita non ratione vero.,DS1,40%,Solo,28,No,No,Chilena,Más de $1.200.000,$500.000
CONV-12042,2024-06-09,Aliquid quis a facere labore. Nulla reiciendis atque iste.,7,maria.salazar.demo43817@hotmail.com,"[""quod""]",Natus quam sunt molestiae quas sint.,DS19,80%,Solo,61,Sí,Sí,Chilena,Más de $1.200.000,$2.000.000
CONV-12043,2024-09-24,Adipisci natus earum nam corporis.,9,eliana.contreras.demo4993@hotmail.com,"[""itaque"", ""aliquam"", ""similique""]",Maxime amet sunt sit cumque.,DS19,No registra,Solo,36,No,Sí,Venezolana,Más de $1.200.000,$1.000.000
CONV-12044,2025-10-05,Eligendi repellat facilis cumque corporis nesciunt.,21,javiera.espinoza.demo30583@gmail.com,"[""sunt""]",Inventore ea nam commodi.,Ninguno,40%,Solo,38,Sí,No,Venezolana,Más de $1.200.000,$2.000.000
CONV-12045,2024-07-26,Quisquam ipsum ut modi omnis nihil impedit quia.,20,javiera.espinoza.demo30583@gmail.com,"[""esse""]",Corrupti corporis eveniet similique nihil modi.,Pendiente evaluación,60%,Otros,34,Sí,Sí,Chilena,$400.000 - $600.000,$1.000.000
CONV-12046,2024-08-24,Tenetur dolorum nobis earum molestias odit commodi.,19,javiera.espinoza.demo30583@gmail.com,"[""quia"", ""facere"", ""molestiae"", ""inventore""]",Consequatur impedit blanditiis consequuntur accusamus.,Pendiente evaluación,60%,Otros,55,No,No,Chilena,$600.001 - $900.000,$1.000.000
CONV-12047,2025-04-18,Porro molestiae tempora magni.,12,amanda.brito.demo46124@outlook.com,"[""cumque""]",Veniam quas cum.,Pendiente evaluación,80%,Solo,51,Sí,No,Chilena,$600.001 - $900.000,$1.000.000
CONV-12048,2026-02-10,Reprehenderit facilis itaque in.,19,mirko.torres.demo47196@yahoo.com,"[""quibusdam"", ""molestiae""]",Aut molestias ratione magni.,Ninguno,No registra,Otros,34,Sí,No,Chilena,$400.000 - $600.000,$2.000.000
CONV-12049,2026-04-18,Officia facere sit ullam neque similique omnis.,18,andrea.uribe.demo7604@yahoo.com,"[""fuga"", ""reiciendis""]",Nemo odio sit ipsa ea dolor.,DS49,No registra,Otros,46,Sí,Sí,Chilena,$600.001 - $900.000,$2.000.000
CONV-12050,2024-08-02,Nostrum placeat impedit reprehenderit.,4,andrea.uribe.demo7604@yahoo.com,"[""iste"", ""animi""]",Sed officia dolor aut nemo hic.,Ninguno,40%,Otros,23,No,No,Chilena,$600.001 - $900.000,$1.000.000
CONV-12051,2025-04-12,Sunt illo tempora quasi. Dolore reprehenderit natus deleniti.,22,clara.villarroel.demo39399@hotmail.com,"[""tenetur"", ""veniam"", ""voluptatem"", ""odit""]",Iste aspernatur aliquid recusandae.,DS19,No registra,Cónyuge,61,Sí,No,Chilena,Más de $1.200.000,$1.000.000
CONV-12052,2025-08-28,Dolor numquam nihil quia corrupti.,3,clara.villarroel.demo39399@hotmail.com,"[""unde"", ""a""]",Asperiores ducimus praesentium.,DS49,80%,Solo,43,No,No,Chilena,$400.000 - $600.000,Sin ahorro formal
CONV-12053,2025-08-05,Unde consequatur mollitia ea mollitia necessitatibus.,14,clara.villarroel.demo39399@hotmail.com,"[""vero""]",Quibusdam temporibus explicabo esse.,DS19,No registra,Otros,40,Sí,Sí,Chilena,$400.000 - $600.000,$1.000.000
CONV-12054,2026-03-25,Dignissimos aliquam vel consequuntur laborum eum voluptate quaerat.,3,michael.castillo.demo9988@outlook.com,"[""facere""]",Dolore harum alias voluptatem.,DS19,80%,Otros,59,No,Sí,Venezolana,$900.001 - $1.200.000,$2.000.000
CONV-12055,2025-11-16,Quia sapiente sunt eveniet sequi quia.,6,kiara.maldonado.demo3443@hotmail.com,"[""omnis"", ""perferendis"", ""sed"", ""molestias""]",Totam ipsam nesciunt.,DS19,40%,Familia,68,Sí,No,Chilena,$600.001 - $900.000,$500.000
CONV-12056,2025-08-23,Aliquid nihil quo suscipit nam.,23,juan.rodriguez.demo43573@gmail.com,"[""unde""]",Quas dolor corrupti vero esse fugiat ipsum.,DS19,60%,Solo,67,Sí,Sí,Chilena,$900.001 - $1.200.000,$500.000
CONV-12057,2024-11-23,Veniam reprehenderit dolorem rerum eaque dolorem amet placeat.,24,juan.riveros.demo8531@gmail.com,"[""consectetur"", ""reprehenderit"", ""totam"", ""iusto""]",Consequatur accusantium fuga maxime.,DS1,80%,Otros,65,No,Sí,Chilena,Más de $1.200.000,$2.000.000
CONV-12058,2024-11-22,Perspiciatis cupiditate animi cum earum eum.,17,juan.riveros.demo8531@gmail.com,"[""totam""]",Et repellat nobis quidem facilis repudiandae.,DS49,40%,Cónyuge,51,No,Sí,Chilena,Más de $1.200.000,$1.000.000
CONV-12059,2025-10-16,Dolores quia pariatur minima atque.,22,veronica.guzman.demo24514@yahoo.com,"[""quae"", ""recusandae"", ""asperiores""]",Minima non deleniti natus vel.,DS49,40%,Solo,67,No,No,Chilena,$400.000 - $600.000,$1.000.000
CONV-12060,2025-03-08,Provident pariatur quidem molestiae ratione.,16,veronica.guzman.demo24514@yahoo.com,"[""pariatur"", ""sapiente""]",Vitae veritatis sapiente et.,DS1,80%,Solo,62,Sí,Sí,Chilena,$600.001 - $900.000,$2.000.000
CONV-12061,2025-09-11,Explicabo odit error optio cum. Similique ipsa ipsum ea maiores accusamus magnam.,5,jonas.cerda.demo2296@yahoo.com,"[""tempore"", ""eos"", ""mollitia""]",Recusandae neque cupiditate nulla.,DS49,40%,Cónyuge,31,Sí,Sí,Chilena,Más de $1.200.000,Sin ahorro formal
CONV-12062,2024-10-02,Placeat fuga eligendi ipsa natus. Corporis consequuntur est a hic.,10,jonas.cerda.demo2296@yahoo.com,"[""voluptas"", ""nihil"", ""cupiditate"", ""totam""]",Laborum iure eos fugiat reprehenderit.,Ninguno,60%,Solo,53,No,No,Chilena,$600.001 - $900.000,Sin ahorro formal
CONV-12063,2025-10-02,Dicta amet sequi maxime magni hic. Ipsam ad qui nostrum ducimus voluptas.,15,jonas.cerda.demo2296@yahoo.com,"[""dolorem"", ""architecto""]",Quam voluptates fugiat placeat.,Ninguno,60%,Otros,67,Sí,No,Chilena,$900.001 - $1.200.000,Sin ahorro formal
CONV-12064,2025-12-09,Numquam ea quod porro. Voluptas officia qui tempora nam.,15,joselyn.fuentealba.demo18387@gmail.com,"[""maxime""]",Facere cum ex ipsam voluptate nisi sit.,DS1,60%,Solo,34,Sí,No,Chilena,$900.001 - $1.200.000,$1.000.000
CONV-12065,2026-05-29,Voluptates maiores provident non.,15,matias.diaz.demo34938@outlook.com,"[""sint""]",Expedita autem veniam provident rem laborum ullam.,Pendiente evaluación,60%,Solo,53,Sí,No,Chilena,$900.001 - $1.200.000,$1.000.000
CONV-12066,2026-05-05,Facilis fugiat atque. Delectus aut asperiores ipsa ex.,11,matias.diaz.demo34938@outlook.com,"[""facilis"", ""illo"", ""culpa"", ""adipisci""]",At corrupti accusantium ratione.,DS1,No registra,Solo,21,No,Sí,Chilena,$600.001 - $900.000,Sin ahorro formal
CONV-12067,2025-07-14,Itaque nisi veniam iste magnam nemo. Maiores optio voluptates hic.,8,carmen.orellana.demo7865@outlook.com,"[""blanditiis"", ""magnam"", ""minima"", ""necessitatibus""]",Corrupti facilis maiores maxime voluptatibus sit.,DS49,80%,Otros,69,No,No,Chilena,$400.000 - $600.000,Sin ahorro formal
CONV-12068,2025-05-04,Nisi impedit quo explicabo nisi amet.,17,karina.quiroz.demo37880@yahoo.com,"[""voluptate"", ""nulla"", ""quis""]",Consequuntur tenetur laborum culpa officia consequuntur aspernatur.,DS1,80%,Otros,41,Sí,No,Chilena,$400.000 - $600.000,$500.000
CONV-12069,2024-07-30,Unde in officia illo neque doloremque. Mollitia quis repellat amet. Cum aut fugiat.,20,karina.quiroz.demo37880@yahoo.com,"[""sed""]",Harum numquam minus neque voluptatem.,DS1,No registra,Solo,34,Sí,Sí,Chilena,$600.001 - $900.000,$2.000.000
CONV-12070,2025-03-29,Earum reprehenderit ex praesentium similique ad.,14,luis.cuevas.demo16027@hotmail.com,"[""suscipit""]",Error quibusdam magni quae et voluptates.,Pendiente evaluación,60%,Familia,66,Sí,Sí,Chilena,$400.000 - $600.000,$2.000.000
CONV-12071,2024-09-24,Autem esse id. Optio ea reprehenderit modi.,19,luis.cuevas.demo16027@hotmail.com,"[""unde"", ""autem"", ""dolores""]",Explicabo exercitationem quidem.,DS19,60%,Cónyuge,53,Sí,Sí,Chilena,Más de $1.200.000,Sin ahorro formal
CONV-12072,2026-04-20,Dignissimos quasi sunt laborum cum. Temporibus ipsam quibusdam cum.,14,virginia.gonzalez.demo47986@yahoo.com,"[""excepturi"", ""maxime"", ""explicabo""]",Veniam temporibus aperiam voluptas.,DS1,60%,Familia,37,No,No,Chilena,$900.001 - $1.200.000,Sin ahorro formal
CONV-12073,2026-04-21,Sint voluptates nihil itaque provident ut ducimus in.,7,virginia.gonzalez.demo47986@yahoo.com,"[""amet"", ""consequatur"", ""quam""]",Neque iure aliquam sit.,Ninguno,80%,Solo,69,No,No,Chilena,$900.001 - $1.200.000,$500.000
CONV-12074,2025-11-06,Debitis odit tempore error saepe.,25,nicol.leiva.demo7284@hotmail.com,"[""iste"", ""repellat"", ""recusandae""]",Libero amet ducimus provident eveniet cupiditate repudiandae.,DS1,40%,Cónyuge,50,Sí,Sí,Chilena,Más de $1.200.000,$2.000.000
CONV-12075,2025-01-11,Accusamus at dolores dolores. Odit magni expedita nesciunt non blanditiis.,22,nicol.leiva.demo7284@hotmail.com,"[""autem"", ""ab"", ""incidunt""]",Magnam eos aperiam odio expedita.,DS19,No registra,Otros,22,No,Sí,Chilena,$600.001 - $900.000,$2.000.000
CONV-12076,2026-01-01,Ipsum totam quidem eum. Quos autem dolores officiis.,6,alex.medina.demo20961@yahoo.com,"[""dicta"", ""numquam"", ""laboriosam""]",Quasi aliquam qui asperiores quibusdam rerum quae.,Pendiente evaluación,No registra,Solo,34,No,No,Colombiana,Más de $1.200.000,$1.000.000
CONV-12077,2024-10-29,Quaerat repudiandae suscipit repudiandae totam dolorum natus.,6,alex.medina.demo20961@yahoo.com,"[""dolorem"", ""debitis""]",Similique voluptatum adipisci.,DS1,40%,Otros,24,No,No,Chilena,Más de $1.200.000,Sin ahorro formal
CONV-12078,2025-11-05,Architecto consequatur velit sint labore.,24,vicente.valdebenito.demo26051@yahoo.com,"[""voluptate"", ""beatae""]",Minus iure aut voluptatibus illo.,Ninguno,40%,Familia,56,No,Sí,Chilena,$600.001 - $900.000,$2.000.000
CONV-12079,2024-10-03,Veritatis totam minus debitis.,17,vicente.valdebenito.demo26051@yahoo.com,"[""corporis""]",Ea itaque recusandae sit veritatis laborum.,Ninguno,80%,Cónyuge,38,Sí,No,Chilena,$600.001 - $900.000,$1.000.000
CONV-12080,2025-11-16,Nesciunt libero sequi iusto suscipit ut. Esse minus tempore sint.,17,vicente.valdebenito.demo26051@yahoo.com,"[""nihil""]",Cupiditate culpa quisquam dolorem nam minima.,DS19,40%,Familia,35,No,Sí,Chilena,$400.000 - $600.000,Sin ahorro formal
CONV-12081,2026-01-08,Animi sint sunt possimus consequatur asperiores. Ab optio neque ipsum molestias.,25,juan.garcia.demo14841@outlook.com,"[""reprehenderit"", ""eveniet""]",Necessitatibus labore rem voluptatum veritatis doloribus.,DS49,40%,Solo,33,Sí,Sí,Chilena,$400.000 - $600.000,$500.000
CONV-12082,2026-04-04,Harum accusamus magni similique beatae adipisci.,16,juan.garcia.demo14841@outlook.com,"[""maxime"", ""vel""]",Hic exercitationem pariatur harum.,Ninguno,60%,Solo,69,Sí,No,Chilena,$900.001 - $1.200.000,$1.000.000
CONV-12083,2024-10-06,Possimus reiciendis a placeat. Corrupti alias minus fuga amet.,23,juan.garcia.demo14841@outlook.com,"[""nihil"", ""animi"", ""hic"", ""suscipit""]",Veniam reiciendis ducimus ipsa laboriosam.,Ninguno,No registra,Otros,58,No,Sí,Venezolana,$600.001 - $900.000,$500.000
CONV-12084,2024-11-20,Cupiditate inventore molestias unde ea laborum maiores.,20,gabriela.diaz.demo11763@outlook.com,"[""praesentium"", ""itaque"", ""deserunt""]",Accusamus blanditiis quisquam incidunt dignissimos nam consequuntur.,Ninguno,40%,Solo,66,Sí,No,Chilena,Más de $1.200.000,$2.000.000
CONV-12085,2025-10-09,Deserunt delectus ex asperiores. Necessitatibus dicta mollitia amet.,10,gabriela.diaz.demo11763@outlook.com,"[""saepe"", ""quam"", ""fugiat"", ""aliquam""]",Porro soluta autem quasi placeat enim autem.,DS49,No registra,Solo,26,Sí,Sí,Chilena,Más de $1.200.000,$2.000.000
CONV-12086,2026-05-02,Placeat qui enim quis veritatis error voluptatibus.,24,gabriela.diaz.demo11763@outlook.com,"[""porro"", ""quia""]",Distinctio facere deleniti qui.,Pendiente evaluación,No registra,Otros,21,No,No,Chilena,$400.000 - $600.000,$500.000
CONV-12087,2024-08-14,Quisquam facere nesciunt accusantium.,14,alexis.herrera.demo51164@gmail.com,"[""vel"", ""aut""]",Vel vel nobis id.,DS19,No registra,Familia,21,Sí,No,Chilena,Más de $1.200.000,$500.000
CONV-12088,2024-10-12,Mollitia et placeat voluptates cum fugit dicta.,21,gerardo.aravena.demo9224@outlook.com,"[""vel""]",Consectetur facilis impedit modi reprehenderit qui aperiam veniam.,Ninguno,80%,Cónyuge,67,Sí,Sí,Chilena,$600.001 - $900.000,$2.000.000
CONV-12089,2025-06-08,Suscipit unde tempora dolor at voluptatem.,6,ramon.gajardo.demo36599@hotmail.com,"[""repellendus"", ""molestias"", ""enim"", ""nisi""]",Natus animi alias quis harum.,DS19,80%,Solo,33,Sí,Sí,Chilena,Más de $1.200.000,$2.000.000
CONV-12090,2025-03-06,Expedita quam optio exercitationem autem.,4,ramon.andrade.demo16251@outlook.com,"[""tenetur"", ""laboriosam"", ""et""]",Exercitationem omnis molestias voluptas dolor suscipit.,DS19,80%,Cónyuge,49,No,Sí,Chilena,$600.001 - $900.000,$1.000.000
CONV-12091,2024-07-24,Nobis quia odit fugit facere corporis alias.,22,ramon.andrade.demo16251@outlook.com,"[""magnam"", ""corrupti"", ""doloribus""]",Ducimus animi hic dicta minima dignissimos provident.,Ninguno,No registra,Otros,44,Sí,No,Chilena,$400.000 - $600.000,$500.000
CONV-12092,2024-09-12,Ipsam repellendus nisi eius at explicabo neque.,4,vanessa.romero.demo1685@outlook.com,"[""animi"", ""recusandae"", ""hic""]",Suscipit quisquam accusamus natus quisquam suscipit dolor.,DS49,No registra,Familia,46,Sí,No,Venezolana,$900.001 - $1.200.000,$500.000
CONV-12093,2024-12-15,Mollitia reprehenderit at ab quo. Nesciunt quas explicabo.,21,vanessa.romero.demo1685@outlook.com,"[""rerum"", ""assumenda"", ""fuga""]",Voluptatibus dolore molestias tempora dolorum.,DS19,80%,Familia,43,Sí,Sí,Chilena,$400.000 - $600.000,$2.000.000
CONV-12094,2025-09-29,Illum animi odit repellat corporis.,5,vanessa.romero.demo1685@outlook.com,"[""modi"", ""voluptatem"", ""molestiae""]",Et magni similique quis repellat vitae ut.,Ninguno,No registra,Familia,32,Sí,Sí,Chilena,$400.000 - $600.000,$2.000.000
CONV-12095,2024-09-04,At neque est perspiciatis fugit dolor voluptates.,22,maria.rojas.demo12613@outlook.com,"[""quo"", ""animi""]",Doloribus facilis assumenda sint nobis nesciunt tenetur.,DS19,40%,Familia,65,No,Sí,Chilena,Más de $1.200.000,$2.000.000
CONV-12096,2026-02-28,Quos soluta ipsa vero maxime modi sunt. Laborum cum illo nam.,7,maria.rojas.demo12613@outlook.com,"[""fugit"", ""dolor"", ""doloribus"", ""incidunt""]",Quasi dolorem repudiandae perferendis doloremque dolorem.,Pendiente evaluación,80%,Otros,33,No,Sí,Chilena,$600.001 - $900.000,$2.000.000
CONV-12097,2026-05-02,Beatae ab quas facere. Iusto repellat quam at.,8,miguel.gonzalez.demo15649@yahoo.com,"[""itaque""]",Suscipit enim neque perferendis.,Pendiente evaluación,60%,Solo,38,Sí,No,Chilena,Más de $1.200.000,$1.000.000
CONV-12098,2026-04-01,Dolorem perspiciatis explicabo cupiditate temporibus itaque unde.,3,daniel.riveros.demo29944@gmail.com,"[""alias"", ""aut""]",Provident saepe animi corporis autem unde deleniti.,DS19,No registra,Cónyuge,47,Sí,No,Chilena,$900.001 - $1.200.000,Sin ahorro formal
CONV-12099,2024-11-26,Atque sunt ut eos omnis. Soluta atque hic eveniet. Tempora assumenda nulla amet enim omnis.,25,sebastian.concha.demo3484@yahoo.com,"[""reprehenderit"", ""nulla"", ""molestiae"", ""pariatur""]",Enim provident at.,DS19,40%,Otros,50,No,No,Chilena,$400.000 - $600.000,$2.000.000
CONV-12100,2025-08-25,Repellendus assumenda rerum vel officia quos eum.,16,sandra.munoz.demo33630@yahoo.com,"[""veniam""]",Harum soluta provident praesentium in dolorum nisi.,DS1,No registra,Familia,32,Sí,Sí,Chilena,$600.001 - $900.000,Sin ahorro formal
CONV-12101,2025-02-18,Iste doloribus illum recusandae quod.,25,elena.cruz.demo43591@yahoo.com,"[""perferendis"", ""doloribus"", ""amet""]",Officiis quisquam soluta a.,Ninguno,No registra,Cónyuge,60,Sí,Sí,Venezolana,Más de $1.200.000,$1.000.000
CONV-12102,2024-11-12,Voluptatem veniam ut quod numquam nostrum tempora. Quidem et soluta in.,20,elena.cruz.demo43591@yahoo.com,"[""dolores""]",Sunt culpa aperiam aperiam pariatur ea.,DS49,40%,Solo,42,Sí,No,Chilena,Más de $1.200.000,$1.000.000
CONV-12103,2024-12-21,Maxime vitae perspiciatis error quia quo. Quaerat dolorem aliquam.,25,marta.galvez.demo42870@hotmail.com,"[""repudiandae"", ""laborum"", ""id""]",Earum ea quam illum tenetur.,Pendiente evaluación,80%,Cónyuge,23,No,No,Chilena,$600.001 - $900.000,Sin ahorro formal
CONV-12104,2024-08-28,Inventore dicta eveniet facere eaque sed pariatur. Placeat ea quod.,12,marta.galvez.demo42870@hotmail.com,"[""voluptatum"", ""in"", ""velit""]",Ducimus delectus placeat.,Ninguno,No registra,Cónyuge,70,Sí,No,Chilena,$600.001 - $900.000,$500.000
CONV-12105,2025-02-14,Vitae cumque molestias qui mollitia. Fuga perspiciatis optio ratione cum voluptas aliquam.,10,marta.galvez.demo42870@hotmail.com,"[""facilis""]",Excepturi maxime animi at nostrum.,Ninguno,40%,Solo,19,Sí,Sí,Chilena,Más de $1.200.000,Sin ahorro formal
CONV-12106,2025-05-28,Sapiente qui porro aliquid.,20,lucila.parra.demo33214@yahoo.com,"[""ex"", ""provident""]",Perspiciatis doloribus corporis perferendis reiciendis.,DS19,80%,Solo,53,No,No,Chilena,$400.000 - $600.000,$500.000
CONV-12107,2025-12-30,Voluptatem deleniti cupiditate aperiam.,5,lucila.parra.demo33214@yahoo.com,"[""ex"", ""aut""]",Necessitatibus dolor voluptatum alias ullam.,DS49,No registra,Cónyuge,20,No,Sí,Peruana,Más de $1.200.000,$1.000.000
CONV-12108,2024-11-19,Delectus aliquam corrupti tenetur officiis est qui. Facilis odio odio eaque.,18,lucila.parra.demo33214@yahoo.com,"[""corporis"", ""voluptatem""]",Quam officiis dolorum iste corporis culpa facere.,DS49,60%,Familia,58,Sí,No,Chilena,$400.000 - $600.000,$2.000.000
CONV-12109,2025-02-21,Minima nam tempore neque doloribus. Animi cum libero nisi mollitia tempore.,4,catalina.bello.demo6144@outlook.com,"[""saepe"", ""ex"", ""eligendi"", ""odit""]",Labore est blanditiis aperiam incidunt voluptatem nemo ipsa.,DS19,No registra,Solo,61,Sí,Sí,Venezolana,$400.000 - $600.000,$2.000.000
CONV-12110,2025-05-08,Voluptatibus voluptatem architecto sequi.,24,catalina.bello.demo6144@outlook.com,"[""illo"", ""magnam"", ""nulla""]",Perspiciatis praesentium mollitia laborum ducimus.,DS49,40%,Solo,69,No,No,Chilena,$400.000 - $600.000,Sin ahorro formal
CONV-12111,2026-04-20,Nihil voluptas eaque debitis nihil ducimus incidunt.,8,javiera.sanchez.demo24558@outlook.com,"[""ex"", ""dolore"", ""vitae""]",Ab molestias accusantium.,DS49,40%,Solo,60,Sí,No,Venezolana,$600.001 - $900.000,Sin ahorro formal
CONV-12112,2025-09-12,Tenetur eveniet quo.,5,christian.araya.demo30964@hotmail.com,"[""quas"", ""aspernatur""]",Laudantium harum eos ut.,DS19,60%,Otros,37,Sí,Sí,Colombiana,$900.001 - $1.200.000,$1.000.000
CONV-12113,2025-01-27,Repellat earum nemo est unde sunt error.,17,christian.araya.demo30964@hotmail.com,"[""at"", ""quia"", ""alias""]",Quasi cupiditate accusantium aperiam rerum.,Pendiente evaluación,80%,Otros,62,No,Sí,Chilena,$600.001 - $900.000,$2.000.000
CONV-12114,2025-08-08,Est autem sed iste tenetur. Blanditiis ipsam iure ab cum.,10,zulema.martinez.demo6316@yahoo.com,"[""vel""]",Nam cumque eum qui aliquid temporibus deleniti numquam.,Ninguno,40%,Cónyuge,26,No,No,Chilena,$900.001 - $1.200.000,$2.000.000
CONV-12115,2025-10-16,Aperiam suscipit provident voluptatem nobis et odit sint.,3,magaly.estay.demo31336@outlook.com,"[""quae""]",Similique possimus ullam reiciendis quaerat a.,Pendiente evaluación,40%,Cónyuge,24,No,No,Chilena,$600.001 - $900.000,$2.000.000
CONV-12116,2025-06-01,Nesciunt eveniet blanditiis libero molestiae amet vel dignissimos.,4,magaly.estay.demo31336@outlook.com,"[""quisquam"", ""ex"", ""omnis""]",Corrupti cumque magnam quas quos ab eos non.,Ninguno,80%,Familia,49,Sí,No,Chilena,$900.001 - $1.200.000,Sin ahorro formal
CONV-12117,2025-08-28,Ullam mollitia velit. Veritatis aliquid magni fugit officia nulla quos.,22,gloria.romero.demo19369@gmail.com,"[""tempora"", ""ipsum""]",Soluta nesciunt sint minus quidem.,DS49,80%,Cónyuge,49,Sí,Sí,Chilena,$400.000 - $600.000,$2.000.000
CONV-12118,2024-06-03,Modi assumenda praesentium et est consequuntur.,16,priscilla.hernandez.demo8381@yahoo.com,"[""veniam""]",Dignissimos delectus eos non assumenda eum.,DS49,40%,Cónyuge,35,Sí,No,Chilena,$900.001 - $1.200.000,$1.000.000
CONV-12119,2026-05-27,Suscipit minus minima tempora nam. Sit natus delectus quidem. Quisquam consectetur id ipsam.,12,priscilla.hernandez.demo8381@yahoo.com,"[""ab"", ""quo"", ""totam""]",Neque vero doloremque at inventore corrupti quisquam.,Pendiente evaluación,40%,Otros,29,Sí,Sí,Chilena,$600.001 - $900.000,Sin ahorro formal
CONV-12120,2025-03-25,Sunt dolor neque vel suscipit nulla.,8,jerson.santana.demo817@outlook.com,"[""omnis"", ""veritatis"", ""illum"", ""delectus""]",Voluptas ipsum earum unde.,Ninguno,60%,Familia,57,No,No,Venezolana,$900.001 - $1.200.000,Sin ahorro formal
CONV-12121,2025-11-08,Labore et dolorum nemo.,10,jerson.santana.demo817@outlook.com,"[""distinctio""]",Sunt odio fuga repellat accusamus.,DS1,40%,Solo,70,Sí,No,Chilena,$600.001 - $900.000,$500.000
CONV-12122,2025-02-16,Nesciunt ratione voluptatum aperiam laborum ullam laborum aliquid.,14,manuel.rebolledo.demo1443@outlook.com,"[""cupiditate"", ""nulla"", ""architecto""]",Velit sint quaerat perferendis quas voluptatibus incidunt.,DS49,No registra,Familia,24,Sí,Sí,Chilena,$900.001 - $1.200.000,$500.000
CONV-12123,2024-11-06,Voluptas perferendis voluptatibus delectus laudantium doloribus.,15,manuel.rebolledo.demo1443@outlook.com,"[""perferendis"", ""provident"", ""vitae"", ""esse""]",Ad odit pariatur neque.,DS1,60%,Solo,22,No,No,Colombiana,$600.001 - $900.000,$1.000.000
CONV-12124,2026-04-08,Itaque tempora debitis modi maxime ex maxime minus.,25,luisa.perez.demo50567@yahoo.com,"[""culpa""]",Repellat fugiat voluptas tempora.,DS1,40%,Solo,53,No,No,Chilena,$900.001 - $1.200.000,$2.000.000
CONV-12125,2024-09-09,Voluptate dolorum quia mollitia voluptate vitae eum.,10,maria.arancibia.demo7125@gmail.com,"[""quam""]",Dolores nostrum dolores reiciendis ad accusamus accusantium.,DS1,No registra,Solo,31,No,Sí,Chilena,$600.001 - $900.000,$1.000.000
CONV-12126,2025-08-20,Earum est sunt voluptatibus laudantium nostrum.,6,rodrigo.romero.demo49541@outlook.com,"[""debitis"", ""non"", ""repellendus""]",Unde atque voluptate quam ex libero sequi.,Ninguno,80%,Familia,39,No,No,Chilena,Más de $1.200.000,$2.000.000
CONV-12127,2024-12-22,Nostrum voluptatibus rerum. Exercitationem optio sapiente sint.,6,rodrigo.romero.demo49541@outlook.com,"[""sit""]",Voluptatibus quam illum quis aut.,Ninguno,40%,Otros,51,No,Sí,Chilena,$400.000 - $600.000,$500.000
CONV-12128,2025-08-09,Ad eos modi excepturi quia debitis tenetur.,24,ana.toro.demo5729@yahoo.com,"[""modi"", ""cumque""]",Nulla rerum consectetur magnam quo adipisci.,Ninguno,60%,Familia,39,No,Sí,Venezolana,Más de $1.200.000,$2.000.000
CONV-12129,2025-12-30,Corporis provident illo velit aspernatur alias accusamus.,17,ana.toro.demo5729@yahoo.com,"[""voluptas""]",Consequatur velit in in distinctio.,DS1,No registra,Cónyuge,54,Sí,No,Chilena,$400.000 - $600.000,$500.000
CONV-12130,2024-10-08,Accusamus dolore exercitationem corrupti voluptatem.,22,ana.toro.demo5729@yahoo.com,"[""iusto"", ""aut"", ""distinctio""]",Laboriosam in odio dolor in eaque voluptate.,Ninguno,40%,Otros,25,Sí,Sí,Chilena,$900.001 - $1.200.000,Sin ahorro formal
CONV-12131,2025-11-08,Numquam ducimus eos et odio.,21,maricela.jimenez.demo24636@gmail.com,"[""quia"", ""at"", ""corporis""]",Dolorem molestias aperiam repellendus minus nulla a.,Ninguno,60%,Familia,46,No,No,Chilena,$400.000 - $600.000,$2.000.000
CONV-12132,2025-05-10,Aspernatur officia voluptatum. Nobis voluptatibus quidem mollitia.,25,luis.delgado.demo16@hotmail.com,"[""placeat"", ""provident""]",Voluptatum occaecati quidem expedita dignissimos similique consectetur.,DS1,80%,Cónyuge,55,No,No,Chilena,Más de $1.200.000,Sin ahorro formal
CONV-12133,2024-10-05,Vel quis odit porro. Odio tempora veniam occaecati optio.,15,elena.carrasco.demo31849@hotmail.com,"[""beatae""]",Accusantium nostrum tempore commodi praesentium.,Pendiente evaluación,40%,Cónyuge,19,No,No,Chilena,Más de $1.200.000,$1.000.000
CONV-12134,2025-09-29,Ab voluptas officia est nostrum perferendis eos.,21,robinson.zuniga.demo4117@gmail.com,"[""minima"", ""optio"", ""hic""]",Voluptatum consequatur iusto iure dolor soluta.,DS19,80%,Cónyuge,62,No,No,Chilena,$900.001 - $1.200.000,$2.000.000
CONV-12135,2026-05-17,Eligendi temporibus omnis asperiores in aliquid.,23,robinson.zuniga.demo4117@gmail.com,"[""autem"", ""accusamus"", ""facilis""]",Neque sunt aspernatur ad accusamus.,DS49,No registra,Solo,27,No,No,Venezolana,Más de $1.200.000,$1.000.000
CONV-12136,2025-05-29,Explicabo et animi a.,9,manuel.torres.demo38762@gmail.com,"[""excepturi""]",Labore sit ab repellendus vitae debitis cum.,DS1,60%,Cónyuge,62,Sí,Sí,Peruana,Más de $1.200.000,Sin ahorro formal
CONV-12137,2025-03-27,Fugit aliquam dolore. Amet laboriosam ut harum.,8,manuel.torres.demo38762@gmail.com,"[""sit"", ""alias"", ""voluptates"", ""libero""]",Voluptatum sint ut odit nesciunt earum blanditiis.,Ninguno,80%,Familia,33,No,No,Chilena,Más de $1.200.000,Sin ahorro formal
CONV-12138,2025-04-04,Rem omnis reprehenderit exercitationem possimus dolore.,25,manuel.torres.demo38762@gmail.com,"[""repudiandae"", ""expedita"", ""fuga""]",Perspiciatis vel totam impedit.,DS49,60%,Solo,65,Sí,Sí,Chilena,Más de $1.200.000,$500.000
CONV-12139,2025-08-16,Est accusantium odit laboriosam. Dolorum amet optio adipisci harum.,17,antonia.diaz.demo48239@yahoo.com,"[""aperiam""]",Saepe quibusdam repudiandae nobis iste.,Ninguno,No registra,Cónyuge,29,Sí,Sí,Chilena,Más de $1.200.000,$500.000
CONV-12140,2024-08-09,Ex blanditiis quaerat accusantium cumque molestias.,12,antonia.diaz.demo48239@yahoo.com,"[""voluptas"", ""mollitia""]",Ratione distinctio magnam.,DS49,80%,Solo,18,No,Sí,Chilena,$400.000 - $600.000,$500.000
CONV-12141,2024-08-28,Voluptatem dolore dolor libero. Tempora neque amet sequi sunt modi.,15,antonia.diaz.demo48239@yahoo.com,"[""labore""]",Inventore soluta quis blanditiis accusamus.,DS1,40%,Cónyuge,46,No,Sí,Chilena,$900.001 - $1.200.000,$2.000.000
CONV-12142,2024-06-11,Consectetur sit neque nam consequatur aliquam fuga dolores.,3,irene.sanchez.demo27823@hotmail.com,"[""quia"", ""tempore""]",Provident perspiciatis quod vel earum reprehenderit harum.,DS19,60%,Otros,22,No,Sí,Chilena,Más de $1.200.000,$2.000.000
CONV-12143,2025-01-31,Et dolorum similique temporibus.,23,irene.sanchez.demo27823@hotmail.com,"[""aspernatur"", ""in"", ""excepturi"", ""nisi""]",Repudiandae recusandae magni eveniet.,DS1,40%,Otros,60,Sí,No,Chilena,Más de $1.200.000,Sin ahorro formal
CONV-12144,2024-11-20,Magnam odio quae neque. Est enim dolores dolorum deserunt unde quis.,15,javier.belmar.demo27194@yahoo.com,"[""ratione"", ""soluta"", ""nihil""]",Iste distinctio omnis cum aliquam.,DS19,80%,Otros,40,Sí,Sí,Chilena,Más de $1.200.000,$1.000.000
CONV-12145,2025-10-28,Illo fugiat quibusdam dignissimos. Unde velit itaque rem harum.,23,javier.belmar.demo27194@yahoo.com,"[""occaecati"", ""odio""]",Magnam laboriosam rerum ipsum.,Ninguno,40%,Solo,49,Sí,No,Chilena,$600.001 - $900.000,$1.000.000
CONV-12146,2025-08-28,Veniam quia consequatur ipsam aperiam odio.,22,amalia.olivares.demo39749@gmail.com,"[""quibusdam"", ""fugit""]",Quas harum maiores explicabo reiciendis magnam architecto modi.,Pendiente evaluación,40%,Otros,68,Sí,No,Chilena,$600.001 - $900.000,$2.000.000
CONV-12147,2025-10-19,Ad excepturi aliquam assumenda ex praesentium.,11,amalia.olivares.demo39749@gmail.com,"[""at""]",Odit molestias officiis.,Ninguno,No registra,Otros,59,Sí,Sí,Colombiana,$900.001 - $1.200.000,$2.000.000
CONV-12148,2026-03-15,Rem dicta ea id repudiandae. Veritatis architecto non.,14,isabel.henriquez.demo48158@gmail.com,"[""laudantium"", ""tempore"", ""id""]",Inventore assumenda adipisci magni.,DS49,80%,Otros,41,Sí,No,Chilena,$400.000 - $600.000,Sin ahorro formal
CONV-12149,2024-06-17,Similique fugiat dolorum enim quos provident est.,14,isabel.henriquez.demo48158@gmail.com,"[""sapiente"", ""mollitia""]",Suscipit nihil architecto tenetur tempore veniam.,DS49,40%,Familia,60,Sí,No,Chilena,$600.001 - $900.000,Sin ahorro formal
CONV-12150,2024-07-31,Consequuntur incidunt provident quo. Sit consectetur aliquid accusantium.,25,julio.ruiz.demo38537@outlook.com,"[""magni""]",Veritatis iusto voluptate sed enim dolorum.,Ninguno,80%,Otros,28,Sí,Sí,Chilena,$900.001 - $1.200.000,$500.000
CONV-12151,2024-06-01,Autem quos dignissimos voluptas itaque illo minima.,5,julio.ruiz.demo38537@outlook.com,"[""explicabo""]",Autem expedita hic labore aliquid reiciendis.,DS19,No registra,Familia,36,No,No,Chilena,$600.001 - $900.000,$500.000
CONV-12152,2025-03-13,Dolorum dicta cumque fugiat quam error consequatur.,5,julio.ruiz.demo38537@outlook.com,"[""tempora"", ""neque""]",Aliquam dolore sunt consequuntur nulla voluptatum.,Ninguno,80%,Familia,68,Sí,Sí,Chilena,$600.001 - $900.000,$500.000
CONV-12153,2025-05-08,Pariatur voluptas eaque corporis.,23,alberto.castillo.demo46069@gmail.com,"[""quo"", ""voluptatem""]",Labore earum quisquam officia pariatur dicta.,DS1,No registra,Otros,20,No,No,Venezolana,$900.001 - $1.200.000,$2.000.000
CONV-12154,2024-08-09,Mollitia ratione excepturi ex.,12,jorge.henriquez.demo24000@gmail.com,"[""deserunt""]",Error modi facilis nam vel.,DS49,40%,Familia,70,No,Sí,Chilena,$400.000 - $600.000,$2.000.000
CONV-12155,2026-01-16,Dolorum id rerum reiciendis praesentium dolorum natus quae.,18,jorge.henriquez.demo24000@gmail.com,"[""sed""]",Quia corporis ex.,Ninguno,80%,Otros,59,Sí,Sí,Colombiana,$400.000 - $600.000,Sin ahorro formal
CONV-12156,2025-11-21,Rerum consequatur tenetur nihil.,23,jorge.henriquez.demo24000@gmail.com,"[""quas"", ""corporis"", ""minus""]",Est quae blanditiis distinctio officiis cupiditate mollitia.,Ninguno,40%,Solo,55,Sí,Sí,Chilena,$900.001 - $1.200.000,Sin ahorro formal
CONV-12157,2026-05-14,Minus dolore impedit earum fugiat perferendis.,23,francisco.herrera.demo22597@hotmail.com,"[""necessitatibus"", ""perspiciatis"", ""temporibus"", ""tenetur""]",Labore reprehenderit quam quibusdam.,Ninguno,40%,Otros,36,No,No,Chilena,Más de $1.200.000,Sin ahorro formal
CONV-12158,2025-06-05,Impedit repellat nemo adipisci cum voluptatum placeat.,9,nahuel.acuna.demo15508@outlook.com,"[""laudantium"", ""rem"", ""ipsum"", ""porro""]",Magnam nihil dignissimos amet id.,Ninguno,40%,Otros,22,Sí,No,Chilena,Más de $1.200.000,Sin ahorro formal
CONV-12159,2024-09-28,Libero assumenda beatae explicabo omnis minus tempora nobis.,7,nahuel.acuna.demo15508@outlook.com,"[""quasi"", ""dicta"", ""explicabo"", ""nihil""]",Enim rem enim amet rerum aspernatur.,Ninguno,40%,Solo,68,No,Sí,Chilena,Más de $1.200.000,Sin ahorro formal
CONV-12160,2025-03-20,Deserunt saepe temporibus eligendi optio quos necessitatibus.,14,nahuel.acuna.demo15508@outlook.com,"[""velit""]",Aliquam magnam qui dolore mollitia perspiciatis.,DS1,60%,Solo,49,No,No,Chilena,Más de $1.200.000,$2.000.000
CONV-12161,2026-05-21,Minima sapiente possimus ex necessitatibus labore.,17,rolando.leon.demo8087@yahoo.com,"[""temporibus"", ""voluptatem"", ""earum"", ""quasi""]",Exercitationem maxime consectetur reiciendis.,DS19,60%,Otros,35,Sí,No,Chilena,$400.000 - $600.000,$500.000
CONV-12162,2024-06-06,Quibusdam corrupti inventore quidem incidunt necessitatibus.,5,rolando.leon.demo8087@yahoo.com,"[""placeat"", ""non""]",Iusto consequatur voluptatem esse dolore neque.,Pendiente evaluación,No registra,Cónyuge,68,Sí,Sí,Chilena,$900.001 - $1.200.000,Sin ahorro formal
CONV-12163,2025-01-01,Hic aliquam assumenda sed illo a.,24,anibal.rojas.demo11821@outlook.com,"[""qui""]",Minima sint excepturi at recusandae tenetur exercitationem facere.,DS49,60%,Familia,42,Sí,Sí,Chilena,Más de $1.200.000,Sin ahorro formal
CONV-12164,2025-12-01,Natus sapiente eveniet quod inventore.,8,erik.munoz.demo38077@outlook.com,"[""magnam""]",Aspernatur numquam voluptates itaque consequatur ipsam velit.,DS1,80%,Otros,57,Sí,No,Chilena,Más de $1.200.000,$1.000.000
CONV-12165,2024-12-24,Veniam occaecati voluptatum dolore hic doloremque odit.,14,erik.munoz.demo38077@outlook.com,"[""neque"", ""reprehenderit""]",Incidunt nisi eum adipisci cumque.,Pendiente evaluación,40%,Otros,63,No,Sí,Chilena,Más de $1.200.000,$500.000
CONV-12166,2025-10-21,Nisi cum rem. Atque consequuntur corrupti ut aut aperiam.,3,alejandra.alvarez.demo23631@hotmail.com,"[""molestiae""]",Accusamus expedita veritatis ducimus.,DS19,40%,Cónyuge,26,No,No,Chilena,$900.001 - $1.200.000,$2.000.000
CONV-12167,2024-09-20,Quos culpa harum corporis quae. Ipsa eaque quis autem corporis.,3,nancy.guerrero.demo38200@gmail.com,"[""error""]",Reiciendis porro ut.,DS19,40%,Solo,54,Sí,Sí,Peruana,$900.001 - $1.200.000,Sin ahorro formal
CONV-12168,2024-11-28,Quos unde placeat. Ipsum debitis accusamus necessitatibus maiores sapiente.,4,nancy.guerrero.demo38200@gmail.com,"[""suscipit"", ""libero""]",Id aliquam excepturi adipisci explicabo pariatur.,Ninguno,No registra,Otros,54,No,No,Chilena,$600.001 - $900.000,$1.000.000
CONV-12169,2026-02-11,Voluptates adipisci animi reiciendis iste voluptatum.,25,marcia.manriquez.demo9143@outlook.com,"[""impedit""]",Ut perspiciatis magni soluta provident.,Ninguno,40%,Otros,48,Sí,No,Chilena,$900.001 - $1.200.000,Sin ahorro formal
CONV-12170,2024-06-22,Totam quod molestiae rem soluta. Suscipit eligendi tempora a alias quidem beatae velit.,25,marcia.manriquez.demo9143@outlook.com,"[""repellendus"", ""maiores"", ""unde""]",Vitae natus iusto assumenda vel.,Pendiente evaluación,40%,Otros,54,Sí,Sí,Peruana,$400.000 - $600.000,$2.000.000
CONV-12171,2025-03-31,Neque rerum omnis non numquam. Explicabo assumenda atque quis.,17,marcia.manriquez.demo9143@outlook.com,"[""blanditiis"", ""a"", ""ratione"", ""voluptates""]",Est velit unde ad.,DS19,60%,Familia,38,No,No,Colombiana,$600.001 - $900.000,$500.000
CONV-12172,2025-01-17,Vero delectus ex ipsa incidunt. Nobis in ipsam ea. Repudiandae provident laudantium ex.,10,jose.palma.demo22313@gmail.com,"[""enim"", ""illo"", ""aut"", ""eveniet""]",Voluptate quibusdam voluptatibus non libero.,DS49,80%,Familia,56,No,No,Chilena,$900.001 - $1.200.000,$500.000
CONV-12173,2025-07-27,Eius earum labore. Consectetur harum corrupti similique ad.,9,jose.palma.demo22313@gmail.com,"[""autem""]",Eum consectetur perspiciatis itaque quo officiis.,DS19,60%,Otros,53,No,No,Chilena,$400.000 - $600.000,$1.000.000
CONV-12174,2025-03-15,Aut laudantium accusamus placeat ducimus eligendi.,20,jose.palma.demo22313@gmail.com,"[""dolore"", ""deleniti""]",Quo distinctio nihil reprehenderit.,DS1,No registra,Cónyuge,66,No,Sí,Chilena,$600.001 - $900.000,Sin ahorro formal
CONV-12175,2024-12-03,Id assumenda placeat ratione eius commodi voluptates.,12,osvaldo.albornoz.demo5142@yahoo.com,"[""eius"", ""molestiae""]",Enim eum ex alias eligendi officiis.,Pendiente evaluación,40%,Otros,66,Sí,Sí,Chilena,Más de $1.200.000,$2.000.000
CONV-12176,2025-01-12,Voluptatum reiciendis natus maiores. Maiores culpa atque.,12,osvaldo.albornoz.demo5142@yahoo.com,"[""quidem"", ""fugit"", ""vitae""]",Reiciendis aperiam nobis voluptas iste.,DS19,40%,Cónyuge,28,Sí,No,Chilena,$600.001 - $900.000,$2.000.000
CONV-12177,2025-10-27,Numquam ratione tempore nihil tempore.,22,osvaldo.albornoz.demo5142@yahoo.com,"[""maiores"", ""quam""]",Mollitia dolores consequuntur iste.,DS19,60%,Cónyuge,29,Sí,No,Chilena,Más de $1.200.000,$500.000
CONV-12178,2024-08-19,Natus animi ducimus facilis.,10,cesar.zenteno.demo25721@hotmail.com,"[""occaecati"", ""aspernatur"", ""alias""]",Ullam similique nostrum molestias natus quidem.,Pendiente evaluación,No registra,Cónyuge,30,No,Sí,Chilena,$600.001 - $900.000,$500.000
CONV-12179,2025-09-02,Repellendus iure enim ea nulla sint deserunt ullam.,3,nelly.rios.demo37454@hotmail.com,"[""pariatur"", ""incidunt"", ""rerum""]",Eius quam at sunt beatae natus.,Pendiente evaluación,80%,Cónyuge,53,No,No,Chilena,$600.001 - $900.000,Sin ahorro formal
CONV-12180,2024-08-02,Voluptates vitae exercitationem repellendus. Earum quos commodi ipsa.,13,nelly.rios.demo37454@hotmail.com,"[""facilis""]",Cupiditate iure mollitia suscipit nihil in.,Pendiente evaluación,40%,Cónyuge,32,No,No,Chilena,$600.001 - $900.000,$1.000.000
CONV-12181,2025-12-18,Soluta aspernatur iste omnis. Hic magnam necessitatibus nemo eum.,15,gema.leiva.demo36635@hotmail.com,"[""ipsa"", ""provident""]",Dignissimos excepturi natus.,Pendiente evaluación,40%,Cónyuge,60,Sí,Sí,Chilena,$600.001 - $900.000,$500.000
CONV-12182,2026-01-16,Impedit eos quidem est necessitatibus.,16,gema.leiva.demo36635@hotmail.com,"[""sint"", ""fuga"", ""sit""]",Delectus sunt commodi eaque quidem.,DS19,80%,Solo,54,Sí,Sí,Chilena,$600.001 - $900.000,$1.000.000
CONV-12183,2024-10-26,Alias id ut nam. Quae molestiae aliquid temporibus. Blanditiis eligendi pariatur excepturi.,7,mia.concha.demo4463@gmail.com,"[""odio"", ""quia""]",Repudiandae est optio eius neque.,DS1,No registra,Cónyuge,59,No,No,Chilena,$900.001 - $1.200.000,Sin ahorro formal
CONV-12184,2025-06-19,Adipisci quisquam mollitia fugiat.,13,mia.concha.demo4463@gmail.com,"[""dolores"", ""incidunt"", ""placeat"", ""accusantium""]",Ipsum repellat illum numquam.,DS1,60%,Cónyuge,20,Sí,No,Chilena,$400.000 - $600.000,$2.000.000
CONV-12185,2024-08-19,Fugit beatae ducimus quisquam deleniti laboriosam.,13,katherine.castillo.demo8670@outlook.com,"[""commodi"", ""repudiandae""]",Dicta corrupti rerum sequi placeat.,DS19,80%,Solo,24,Sí,No,Chilena,Más de $1.200.000,$2.000.000
CONV-12186,2025-04-02,Fugiat omnis quibusdam blanditiis voluptas earum explicabo.,18,katherine.castillo.demo8670@outlook.com,"[""aliquam""]",A labore mollitia laborum tempora sint.,DS1,60%,Familia,42,Sí,Sí,Chilena,$600.001 - $900.000,$1.000.000
CONV-12187,2025-07-16,Non accusamus voluptate est quo exercitationem.,7,katherine.castillo.demo8670@outlook.com,"[""ratione""]",Dignissimos voluptatem rem a ipsa.,DS49,No registra,Familia,64,Sí,Sí,Chilena,Más de $1.200.000,$1.000.000
CONV-12188,2024-12-25,Earum vero quasi vero inventore natus harum.,19,priscilla.saldana.demo917@gmail.com,"[""ipsam""]",Minima maiores asperiores soluta dignissimos accusantium magni.,Ninguno,No registra,Cónyuge,50,No,Sí,Chilena,$900.001 - $1.200.000,Sin ahorro formal
CONV-12189,2024-06-14,Numquam assumenda cumque doloribus eius nulla aspernatur.,14,priscilla.saldana.demo917@gmail.com,"[""animi"", ""magnam""]",Eaque animi sequi itaque aliquam incidunt consequuntur.,DS1,No registra,Solo,50,Sí,No,Peruana,$400.000 - $600.000,$500.000
CONV-12190,2025-06-17,Eum doloremque veniam iusto aspernatur cum.,15,priscilla.saldana.demo917@gmail.com,"[""vero"", ""maxime"", ""sit""]",Esse nam laboriosam veritatis.,Pendiente evaluación,80%,Solo,39,Sí,No,Chilena,$900.001 - $1.200.000,$1.000.000
CONV-12191,2025-12-31,Enim fugiat praesentium est.,17,evelyn.toledo.demo29650@gmail.com,"[""odio"", ""ipsam"", ""repellendus""]",Cum commodi suscipit recusandae repellat.,DS1,60%,Solo,36,No,Sí,Venezolana,$900.001 - $1.200.000,$1.000.000
CONV-12192,2025-04-18,Iusto quos optio quae possimus corporis.,6,evelyn.toledo.demo29650@gmail.com,"[""ipsa"", ""quibusdam"", ""doloremque"", ""optio""]",Laboriosam ratione rerum necessitatibus magni nam.,DS1,No registra,Familia,56,No,Sí,Chilena,$600.001 - $900.000,Sin ahorro formal
CONV-12193,2025-06-26,Quis ipsam sit. Ducimus quod odio eos totam. Consequatur aut sequi.,13,rodrigo.vera.demo994@hotmail.com,"[""exercitationem"", ""expedita"", ""voluptatem"", ""nemo""]",Consequuntur neque quaerat illo quasi dolor repudiandae.,Ninguno,40%,Otros,63,No,No,Chilena,Más de $1.200.000,$2.000.000
CONV-12194,2025-09-14,Esse iste aut nihil provident enim omnis.,8,rodrigo.vera.demo994@hotmail.com,"[""quis"", ""maxime"", ""vero"", ""quaerat""]",A ducimus eum eligendi.,Ninguno,40%,Familia,67,Sí,No,Venezolana,$900.001 - $1.200.000,$1.000.000
CONV-12195,2025-10-25,Distinctio ipsam doloremque. Aliquid totam animi hic provident temporibus rem.,25,rodrigo.vera.demo994@hotmail.com,"[""excepturi""]",Error beatae illo quod.,DS1,60%,Cónyuge,45,Sí,No,Chilena,$900.001 - $1.200.000,$500.000
CONV-12196,2024-07-30,Nostrum unde ab harum explicabo. Eligendi nemo eum dignissimos voluptatibus.,7,roberto.cruz.demo26620@hotmail.com,"[""a"", ""distinctio""]",Dicta maxime doloribus et.,DS19,No registra,Solo,41,No,No,Chilena,Más de $1.200.000,$1.000.000
CONV-12197,2025-10-13,Itaque voluptatum eum fugit. Minus aut ipsa praesentium ratione.,14,roberto.cruz.demo26620@hotmail.com,"[""soluta"", ""eos"", ""possimus"", ""culpa""]",Dignissimos neque corporis nisi.,DS1,No registra,Solo,51,Sí,No,Venezolana,Más de $1.200.000,$2.000.000
CONV-12198,2025-03-12,Voluptatibus laborum fugiat est deserunt placeat laborum.,15,isabel.diaz.demo7318@gmail.com,"[""qui"", ""necessitatibus"", ""aperiam"", ""earum""]",Recusandae molestias quibusdam.,DS49,80%,Cónyuge,57,Sí,Sí,Venezolana,Más de $1.200.000,$500.000
CONV-12199,2026-03-18,Impedit saepe laboriosam.,20,isabel.diaz.demo7318@gmail.com,"[""excepturi""]",Sequi optio mollitia maxime.,DS49,80%,Familia,43,No,No,Chilena,$600.001 - $900.000,$500.000
CONV-12200,2025-11-23,Odio dolore atque quaerat.,25,filomena.saez.demo12330@yahoo.com,"[""veniam"", ""vitae"", ""eum"", ""a""]",Consequuntur dicta sit consequuntur provident.,DS49,40%,Familia,29,No,No,Chilena,$600.001 - $900.000,$2.000.000
CONV-12201,2024-10-29,Consectetur labore ad velit facilis accusantium.,20,filomena.saez.demo12330@yahoo.com,"[""doloremque"", ""pariatur""]",Adipisci dolorem quas quisquam veritatis inventore culpa.,Ninguno,No registra,Cónyuge,41,Sí,No,Venezolana,$400.000 - $600.000,$500.000
CONV-12202,2025-07-17,Impedit incidunt ut qui explicabo.,25,cecilia.naranjo.demo27563@hotmail.com,"[""doloribus"", ""sunt"", ""ut"", ""ipsa""]",Assumenda similique ullam debitis aperiam fuga sint.,Pendiente evaluación,80%,Cónyuge,24,Sí,Sí,Chilena,Más de $1.200.000,$1.000.000
CONV-12203,2024-09-02,Expedita quasi eaque alias numquam illum velit.,13,carolina.riffo.demo46885@gmail.com,"[""praesentium"", ""inventore"", ""beatae"", ""architecto""]",Facilis quos odio quo.,DS1,60%,Cónyuge,28,No,Sí,Venezolana,Más de $1.200.000,$1.000.000
CONV-12204,2024-09-16,Minus quos repudiandae facere exercitationem repudiandae iure.,7,carolina.riffo.demo46885@gmail.com,"[""corrupti"", ""dolores""]",Odio id amet doloribus.,DS1,40%,Cónyuge,48,No,No,Venezolana,Más de $1.200.000,Sin ahorro formal
CONV-12205,2026-03-20,Tempora placeat veritatis earum magni. Illo eos quod doloremque accusamus.,4,carolina.riffo.demo46885@gmail.com,"[""odio"", ""necessitatibus""]",Corrupti mollitia laboriosam quo explicabo laborum dolorem.,Ninguno,60%,Solo,61,No,No,Chilena,$600.001 - $900.000,Sin ahorro formal
CONV-12206,2025-06-07,Ratione assumenda error. Quae vel totam asperiores dolore animi.,10,valentina.araya.demo5435@yahoo.com,"[""quaerat""]",Deleniti sunt aspernatur officiis inventore libero.,DS1,40%,Otros,48,Sí,Sí,Chilena,$600.001 - $900.000,$2.000.000
CONV-12207,2024-09-30,Harum doloremque ad consequatur unde iste praesentium.,11,franco.sandoval.demo24607@hotmail.com,"[""dignissimos"", ""deserunt""]",Quam ipsam quis sint maiores.,DS49,No registra,Familia,29,Sí,Sí,Chilena,$900.001 - $1.200.000,$500.000
CONV-12208,2024-12-11,Explicabo quis consequatur sint. Qui explicabo omnis autem.,13,franco.sandoval.demo24607@hotmail.com,"[""illo""]",Suscipit illo blanditiis adipisci omnis nesciunt nulla omnis.,DS49,60%,Otros,59,Sí,Sí,Chilena,$900.001 - $1.200.000,Sin ahorro formal
CONV-12209,2025-12-14,Eos nulla sapiente perspiciatis iste autem iste itaque. Ea nemo impedit pariatur repellat.,7,franco.sandoval.demo24607@hotmail.com,"[""vel"", ""rerum"", ""qui""]",Exercitationem ratione fuga.,Ninguno,80%,Familia,28,No,No,Chilena,$900.001 - $1.200.000,$2.000.000
CONV-12210,2024-08-13,Expedita ducimus molestias dicta quibusdam. Veniam cumque illo unde libero aperiam nesciunt.,12,maria.rodriguez.demo13686@outlook.com,"[""nostrum"", ""autem"", ""sapiente""]",Cupiditate molestias aspernatur dolorem ad earum.,Ninguno,80%,Familia,50,No,Sí,Chilena,Más de $1.200.000,$500.000
CONV-12211,2025-08-28,Pariatur esse tempore incidunt ipsum quo.,25,maria.rodriguez.demo13686@outlook.com,"[""eaque"", ""similique""]",Voluptatem numquam in qui aliquid numquam.,DS1,40%,Solo,49,Sí,Sí,Chilena,$400.000 - $600.000,$500.000
CONV-12212,2024-09-14,Rerum commodi id. Fugit placeat totam animi.,21,maria.rodriguez.demo13686@outlook.com,"[""nulla"", ""consequuntur""]",Perferendis quisquam sequi atque fuga.,Pendiente evaluación,60%,Solo,44,Sí,No,Chilena,$900.001 - $1.200.000,$1.000.000
CONV-12213,2024-08-05,Sint adipisci animi molestiae expedita.,4,rodrigo.aguilar.demo6141@gmail.com,"[""omnis"", ""dolores""]",Perferendis veritatis vero maiores.,DS19,40%,Otros,59,Sí,No,Chilena,$600.001 - $900.000,Sin ahorro formal
CONV-12214,2026-03-28,Ipsum soluta in explicabo sit.,12,rodrigo.aguilar.demo6141@gmail.com,"[""officiis"", ""nisi""]",Provident culpa explicabo reprehenderit pariatur officiis porro natus.,DS49,80%,Cónyuge,40,No,Sí,Chilena,Más de $1.200.000,$2.000.000
CONV-12215,2025-01-26,Sequi odio at nulla.,24,rodrigo.aguilar.demo6141@gmail.com,"[""illo""]",Corporis laudantium deleniti commodi praesentium doloremque ad.,Pendiente evaluación,No registra,Cónyuge,51,No,No,Chilena,$400.000 - $600.000,$1.000.000
CONV-12216,2025-05-26,Corrupti in distinctio quidem. Nihil vero accusamus dignissimos fugiat.,11,paulo.hormazabal.demo15299@gmail.com,"[""nisi""]",Eius fugit delectus quae.,DS1,60%,Solo,36,Sí,No,Chilena,$900.001 - $1.200.000,$1.000.000
CONV-12217,2026-05-10,Neque vero accusamus at necessitatibus voluptas. Error quaerat officiis nisi.,7,paulo.hormazabal.demo15299@gmail.com,"[""placeat"", ""quas"", ""dolor""]",Molestiae doloremque voluptates.,Ninguno,40%,Otros,24,Sí,Sí,Chilena,$900.001 - $1.200.000,$500.000
CONV-12218,2026-04-01,Maxime similique labore reiciendis est. Alias amet possimus iste sunt.,21,paulo.hormazabal.demo15299@gmail.com,"[""laudantium"", ""neque"", ""fuga"", ""eligendi""]",Earum labore numquam amet nesciunt sit.,DS1,60%,Familia,50,Sí,Sí,Chilena,Más de $1.200.000,$500.000
CONV-12219,2025-06-09,Minus aut assumenda earum sapiente.,9,juan.gomez.demo14314@gmail.com,"[""neque"", ""voluptatem"", ""hic"", ""eaque""]",Blanditiis maiores tempora veniam repellat possimus pariatur.,DS1,40%,Cónyuge,18,No,Sí,Chilena,Más de $1.200.000,$2.000.000
CONV-12220,2024-06-17,Vel unde dignissimos aliquam quidem porro. Voluptatum aut odit dignissimos. Ullam officia quo nam.,22,mario.morales.demo44156@outlook.com,"[""eius"", ""tenetur""]",Dignissimos maxime provident sapiente non incidunt alias.,DS49,40%,Familia,50,Sí,Sí,Chilena,$400.000 - $600.000,$2.000.000
CONV-12221,2025-10-08,Quo quod quae harum tenetur eveniet doloribus temporibus.,24,mario.morales.demo44156@outlook.com,"[""unde"", ""iste"", ""sed"", ""maiores""]",Porro reprehenderit id optio ratione.,DS1,No registra,Cónyuge,49,No,Sí,Chilena,$900.001 - $1.200.000,$1.000.000
CONV-12222,2025-03-31,Magni ab repellendus velit nemo sed nesciunt.,20,mario.morales.demo44156@outlook.com,"[""sequi"", ""incidunt"", ""tempora""]",Similique saepe autem ad iste.,DS1,40%,Solo,64,Sí,Sí,Chilena,$600.001 - $900.000,$1.000.000
CONV-12223,2025-09-12,At quidem illum impedit. Modi eius illum quam.,10,helen.concha.demo36246@gmail.com,"[""officiis"", ""accusantium"", ""corrupti"", ""quis""]",Natus officia laborum eos quae.,DS19,40%,Familia,40,Sí,Sí,Chilena,$600.001 - $900.000,$500.000
CONV-12224,2024-06-19,Omnis occaecati earum animi incidunt dolores vitae.,19,helen.concha.demo36246@gmail.com,"[""eos""]",Corrupti praesentium quidem iure.,Pendiente evaluación,40%,Familia,51,Sí,Sí,Chilena,$600.001 - $900.000,Sin ahorro formal
CONV-12225,2025-11-15,Quod cupiditate repudiandae unde. Id exercitationem eius blanditiis.,16,helen.concha.demo36246@gmail.com,"[""fugiat"", ""autem"", ""nemo"", ""reprehenderit""]",Voluptatibus dolore quo vitae reiciendis eveniet dolor.,Pendiente evaluación,No registra,Familia,30,Sí,No,Chilena,$900.001 - $1.200.000,Sin ahorro formal
CONV-12226,2025-05-23,Velit voluptatem asperiores omnis eum omnis necessitatibus.,21,john.aravena.demo31954@yahoo.com,"[""totam"", ""rerum"", ""sequi""]",Minima ducimus quasi tenetur omnis sit in.,DS19,No registra,Cónyuge,36,No,Sí,Chilena,$600.001 - $900.000,$1.000.000
CONV-12227,2026-01-02,Non repellat quo eveniet tempora.,3,jose.figueroa.demo24388@gmail.com,"[""deleniti""]",Distinctio sequi omnis veniam ut ipsa harum.,Pendiente evaluación,40%,Familia,38,No,Sí,Colombiana,$600.001 - $900.000,$500.000
CONV-12228,2025-11-10,Eaque distinctio adipisci dignissimos iste tenetur.,15,jose.figueroa.demo24388@gmail.com,"[""dolor"", ""tenetur"", ""enim""]",Dignissimos beatae illo.,Ninguno,80%,Familia,36,No,No,Venezolana,Más de $1.200.000,$500.000
CONV-12229,2025-07-28,Nobis quaerat nobis quae repellendus suscipit.,10,pascual.toledo.demo14166@gmail.com,"[""quo"", ""mollitia"", ""optio""]",Dolor quae aspernatur deserunt sunt.,DS19,40%,Otros,32,Sí,No,Chilena,Más de $1.200.000,$500.000
CONV-12230,2025-02-01,Aperiam fuga placeat nobis cum. Voluptates aspernatur perspiciatis sed.,10,pascual.toledo.demo14166@gmail.com,"[""minus"", ""temporibus"", ""ipsa"", ""veniam""]",Voluptatum itaque iste reiciendis amet ex.,DS1,40%,Solo,60,No,No,Chilena,$600.001 - $900.000,$1.000.000
CONV-12231,2024-11-16,Illo delectus deserunt repellendus quis aliquid.,10,pascual.toledo.demo14166@gmail.com,"[""consectetur"", ""cumque"", ""voluptatem""]",Quae aut magnam fugiat porro officia.,Ninguno,80%,Solo,38,No,Sí,Chilena,$400.000 - $600.000,$500.000
CONV-12232,2024-10-11,Fugiat a maxime quos provident quos vitae.,22,nelson.moya.demo4763@hotmail.com,"[""quibusdam"", ""dignissimos""]",Atque beatae quo libero tempore sed.,DS49,40%,Otros,31,Sí,No,Chilena,$900.001 - $1.200.000,$2.000.000
CONV-12233,2026-04-23,Exercitationem tempore dolorem delectus minima aperiam.,21,michel.berrios.demo10465@outlook.com,"[""aspernatur"", ""assumenda"", ""repudiandae""]",Excepturi corrupti architecto.,DS19,No registra,Solo,30,Sí,Sí,Chilena,$900.001 - $1.200.000,Sin ahorro formal
CONV-12234,2024-07-08,Eligendi odit quo culpa sit sed perferendis.,10,michel.berrios.demo10465@outlook.com,"[""quibusdam"", ""odio"", ""nisi"", ""dolores""]",Mollitia sit ad nobis corrupti exercitationem voluptatibus.,DS19,60%,Cónyuge,56,Sí,No,Chilena,Más de $1.200.000,Sin ahorro formal
CONV-12235,2025-08-31,Placeat aspernatur eos delectus aspernatur iusto soluta.,24,michel.berrios.demo10465@outlook.com,"[""eveniet"", ""molestias""]",Consequatur perspiciatis rem.,DS49,40%,Familia,24,No,Sí,Chilena,$900.001 - $1.200.000,Sin ahorro formal
CONV-12236,2026-03-11,Deserunt deserunt ea dolorem tempora sequi.,3,constanza.barrios.demo33316@gmail.com,"[""nam"", ""eum"", ""incidunt"", ""repellat""]",Animi asperiores voluptas.,DS1,80%,Familia,51,No,No,Peruana,$600.001 - $900.000,$1.000.000
CONV-12237,2026-03-10,Commodi aperiam velit totam. Doloremque explicabo cumque velit quos.,20,constanza.barrios.demo33316@gmail.com,"[""vitae"", ""harum"", ""sed"", ""aspernatur""]",Minus quaerat dolore dolores.,DS1,40%,Solo,19,No,No,Chilena,$400.000 - $600.000,$2.000.000
CONV-12238,2024-07-20,Magnam voluptate at atque nesciunt nam magnam. Labore modi perferendis pariatur.,5,constanza.barrios.demo33316@gmail.com,"[""quas"", ""modi"", ""ratione"", ""blanditiis""]",Facere quibusdam optio error reiciendis nemo molestiae.,Ninguno,40%,Otros,59,No,No,Colombiana,$400.000 - $600.000,$1.000.000
CONV-12239,2026-03-19,Inventore expedita pariatur ex tempora itaque.,11,pamela.pinto.demo20219@yahoo.com,"[""et"", ""eos""]",Dicta culpa natus exercitationem provident ipsam praesentium illo.,Ninguno,60%,Cónyuge,36,Sí,Sí,Chilena,Más de $1.200.000,$2.000.000
CONV-12240,2025-02-05,Deserunt a amet. Quae atque quae nobis quae consequatur.,19,carla.fernandez.demo15349@outlook.com,"[""illo""]",Dolor id aspernatur quaerat reprehenderit numquam.,DS19,40%,Familia,49,Sí,No,Chilena,$900.001 - $1.200.000,$500.000
CONV-12241,2026-04-05,Labore inventore aut velit commodi quia.,6,maria.martinez.demo49863@hotmail.com,"[""suscipit"", ""molestias"", ""laudantium""]",Modi accusantium debitis quis aliquid repudiandae.,Pendiente evaluación,80%,Familia,30,Sí,Sí,Chilena,Más de $1.200.000,$2.000.000
CONV-12242,2025-06-27,Quas iste odio voluptates accusantium quae placeat aut.,8,renato.aburto.demo17269@outlook.com,"[""laborum"", ""quaerat"", ""atque""]",Porro illo accusamus nulla molestiae voluptatibus placeat.,Ninguno,No registra,Cónyuge,37,Sí,No,Chilena,Más de $1.200.000,$1.000.000
CONV-12243,2025-10-23,Delectus ipsam at eligendi officiis.,11,maria.reyes.demo5330@gmail.com,"[""minus""]",Dolorum et facilis est doloremque maiores.,Pendiente evaluación,No registra,Solo,40,Sí,No,Chilena,$900.001 - $1.200.000,Sin ahorro formal
CONV-12244,2025-11-23,Nobis vero laboriosam molestiae nostrum magnam eos.,4,jaime.oliva.demo31510@outlook.com,"[""unde"", ""dicta""]",Necessitatibus asperiores adipisci rerum blanditiis quis.,DS49,40%,Familia,47,Sí,No,Chilena,$900.001 - $1.200.000,Sin ahorro formal
CONV-12245,2025-02-18,Ipsam dicta dolor.,11,jaime.oliva.demo31510@outlook.com,"[""veritatis"", ""saepe"", ""veritatis""]",Omnis molestias aliquam tempora veniam corrupti.,Ninguno,40%,Solo,69,Sí,Sí,Peruana,Más de $1.200.000,$1.000.000
CONV-12246,2025-12-24,Excepturi maxime cumque repellendus quis ad.,24,jaime.oliva.demo31510@outlook.com,"[""sit""]",Nesciunt totam maxime corporis.,DS19,40%,Otros,51,No,No,Chilena,$400.000 - $600.000,Sin ahorro formal
CONV-12247,2025-09-13,At iusto doloremque nam laborum repudiandae. Quae amet similique dolorem unde porro.,15,alicia.correa.demo31632@yahoo.com,"[""iusto"", ""molestiae"", ""sunt"", ""veritatis""]",Voluptates illo laboriosam nisi quibusdam.,Ninguno,80%,Otros,34,Sí,Sí,Chilena,$400.000 - $600.000,$1.000.000
CONV-12248,2026-03-01,Debitis impedit doloremque ipsum quasi. Maiores recusandae culpa voluptatem illo.,9,alicia.correa.demo31632@yahoo.com,"[""a"", ""consequuntur""]",Quae accusamus corrupti possimus nesciunt velit deserunt.,Ninguno,60%,Otros,22,No,Sí,Chilena,$600.001 - $900.000,$2.000.000
CONV-12249,2025-10-16,Earum cumque magni dolorem molestiae.,4,rodrigo.olmedo.demo36294@outlook.com,"[""nobis""]",Quae quidem commodi vero quam aut.,Ninguno,No registra,Cónyuge,43,Sí,No,Peruana,$600.001 - $900.000,$2.000.000
CONV-12250,2025-10-27,Placeat dolore dolor ad sit. Debitis natus nemo ducimus.,15,rodrigo.olmedo.demo36294@outlook.com,"[""explicabo"", ""iusto""]",Reiciendis deleniti ea sed.,DS1,60%,Familia,56,Sí,Sí,Chilena,Más de $1.200.000,$2.000.000
CONV-12251,2024-12-19,Error explicabo eos ut labore.,19,rodrigo.olmedo.demo36294@outlook.com,"[""reiciendis"", ""reprehenderit"", ""nulla""]",Distinctio perferendis voluptatum ducimus.,DS19,80%,Cónyuge,58,No,Sí,Venezolana,Más de $1.200.000,$500.000
CONV-12252,2024-11-28,Nobis dicta nihil hic quasi error. Consequatur sapiente veniam quasi.,6,bastian.diaz.demo8782@hotmail.com,"[""illo""]",Quis quae vero ullam.,DS49,40%,Otros,35,Sí,Sí,Chilena,$600.001 - $900.000,$500.000
CONV-12253,2025-06-19,Quam soluta corporis optio amet error.,19,bastian.diaz.demo8782@hotmail.com,"[""veritatis"", ""ad""]",Soluta assumenda voluptate porro exercitationem officia.,DS1,40%,Otros,58,No,Sí,Chilena,$900.001 - $1.200.000,Sin ahorro formal
CONV-12254,2024-09-21,Praesentium dolorem possimus. Illum modi nostrum quas.,12,bastian.diaz.demo8782@hotmail.com,"[""explicabo"", ""inventore"", ""fuga""]",Ex ex ad saepe non quae.,DS1,40%,Otros,63,Sí,Sí,Chilena,$600.001 - $900.000,$500.000
CONV-12255,2024-11-20,Itaque sit sunt quis. Sint animi cupiditate voluptatum.,5,augusto.arce.demo17517@hotmail.com,"[""incidunt"", ""delectus"", ""cumque""]",Voluptatibus ullam aperiam harum esse ut repudiandae.,DS19,40%,Solo,56,Sí,No,Chilena,$600.001 - $900.000,$2.000.000
CONV-12256,2025-05-31,Velit iusto aliquid. Tempore nostrum blanditiis fugit qui quas nostrum.,9,nahuel.perez.demo43950@hotmail.com,"[""adipisci""]",Explicabo consequatur a reiciendis repellat.,DS49,40%,Cónyuge,65,Sí,Sí,Chilena,$900.001 - $1.200.000,$500.000
CONV-12257,2025-01-06,Nulla exercitationem unde.,20,nahuel.perez.demo43950@hotmail.com,"[""eum""]",Eveniet explicabo odit.,DS1,60%,Cónyuge,35,No,Sí,Venezolana,$900.001 - $1.200.000,$2.000.000
CONV-12258,2024-06-28,Blanditiis atque quod ab nostrum incidunt saepe. Laudantium commodi magni cumque.,7,monica.solis.demo46405@hotmail.com,"[""cupiditate"", ""inventore"", ""ipsa"", ""impedit""]",Voluptate voluptatum et sequi delectus eum facilis.,DS19,80%,Familia,40,Sí,No,Chilena,Más de $1.200.000,Sin ahorro formal
CONV-12259,2025-02-17,Minus quos non voluptate. Numquam explicabo vel.,24,monica.solis.demo46405@hotmail.com,"[""repellendus""]",Adipisci tempora quod eum quisquam sequi.,Ninguno,80%,Familia,35,Sí,No,Peruana,$400.000 - $600.000,$500.000
CONV-12260,2025-05-03,Deleniti inventore qui quam dolor tempora perspiciatis. Animi odio saepe enim.,5,carlos.viveros.demo30339@yahoo.com,"[""deleniti"", ""blanditiis"", ""laboriosam"", ""laboriosam""]",Perspiciatis enim vitae voluptate temporibus provident.,DS49,80%,Familia,31,Sí,No,Chilena,Más de $1.200.000,$1.000.000
CONV-12261,2024-12-09,Velit earum cumque repellat.,7,carlos.viveros.demo30339@yahoo.com,"[""ipsa"", ""occaecati"", ""totam""]",Maiores tempore error voluptate.,DS19,No registra,Familia,30,No,No,Chilena,$600.001 - $900.000,$500.000
CONV-12262,2024-08-27,Eius laudantium quidem dignissimos.,17,carlos.viveros.demo30339@yahoo.com,"[""hic"", ""voluptates"", ""voluptas"", ""asperiores""]",Natus vitae dolorem sed.,Pendiente evaluación,40%,Cónyuge,40,Sí,No,Chilena,$400.000 - $600.000,$500.000
CONV-12263,2026-02-12,Enim cupiditate ratione dolorem.,13,sergio.contreras.demo17827@hotmail.com,"[""consequuntur"", ""maxime"", ""rem"", ""sunt""]",Quibusdam voluptates deleniti dolore illum nihil corporis quia.,DS49,40%,Cónyuge,30,No,Sí,Chilena,$600.001 - $900.000,Sin ahorro formal
CONV-12264,2025-07-06,Vel velit vitae voluptas.,4,sergio.contreras.demo17827@hotmail.com,"[""dignissimos"", ""sed"", ""hic"", ""ab""]",Dolorem quaerat dicta alias voluptas explicabo.,Pendiente evaluación,40%,Cónyuge,41,No,No,Chilena,$600.001 - $900.000,Sin ahorro formal
CONV-12265,2024-11-24,Perspiciatis cum quibusdam aliquam molestias.,19,sergio.contreras.demo17827@hotmail.com,"[""modi"", ""quos"", ""qui"", ""necessitatibus""]",Pariatur beatae alias mollitia cupiditate voluptate officia.,Pendiente evaluación,No registra,Familia,19,No,Sí,Venezolana,$400.000 - $600.000,$1.000.000
CONV-12266,2024-10-04,Esse saepe explicabo porro.,13,elia.diaz.demo38594@gmail.com,"[""corporis""]",Tempora assumenda iure molestiae quaerat.,Ninguno,No registra,Solo,32,No,No,Chilena,$600.001 - $900.000,$500.000
CONV-12267,2026-05-14,Illo expedita nulla. Delectus cum consequatur distinctio quis.,25,juan.zavala.demo51124@hotmail.com,"[""possimus""]",Officia sint maxime fuga dolor commodi placeat.,DS19,60%,Familia,20,Sí,Sí,Chilena,$600.001 - $900.000,$500.000
CONV-12268,2025-10-19,Neque repellendus ullam at velit id deserunt.,12,juan.zavala.demo51124@hotmail.com,"[""quibusdam"", ""sint"", ""harum""]",Explicabo eveniet libero ut occaecati ullam ducimus.,DS1,40%,Familia,66,Sí,No,Colombiana,$400.000 - $600.000,$2.000.000
CONV-12269,2025-04-20,Sit blanditiis nostrum molestiae. Tempore explicabo temporibus velit.,23,juan.zavala.demo51124@hotmail.com,"[""alias"", ""provident""]",Delectus quas corporis iure maiores.,Pendiente evaluación,60%,Familia,59,No,No,Chilena,$400.000 - $600.000,Sin ahorro formal
CONV-12270,2025-03-18,Illo molestiae reiciendis eveniet velit sunt ex. Nobis a tempore doloribus iste.,18,alexandra.sandoval.demo17223@yahoo.com,"[""voluptatum"", ""dolores"", ""quia""]",Sapiente voluptatibus ab neque voluptatem quisquam magnam.,DS49,No registra,Solo,24,Sí,No,Chilena,$400.000 - $600.000,$1.000.000
CONV-12271,2025-12-26,Expedita quia cum ab veniam est.,7,alexandra.sandoval.demo17223@yahoo.com,"[""et""]",Nam sequi exercitationem perferendis illum beatae.,Pendiente evaluación,40%,Otros,39,Sí,No,Chilena,Más de $1.200.000,Sin ahorro formal
CONV-12272,2024-12-30,Impedit eum veritatis sit necessitatibus facilis totam sunt.,20,alexandra.sandoval.demo17223@yahoo.com,"[""nesciunt"", ""a"", ""asperiores""]",Tenetur quibusdam rem quis voluptates minus.,DS1,40%,Otros,65,No,Sí,Chilena,$400.000 - $600.000,$1.000.000
CONV-12273,2025-12-12,Animi laudantium commodi corrupti minima tempore.,19,jesus.lopez.demo436@hotmail.com,"[""eveniet"", ""ab""]",Enim facere doloribus voluptatem quidem facilis.,Ninguno,No registra,Otros,39,No,No,Chilena,$600.001 - $900.000,Sin ahorro formal
CONV-12274,2024-10-28,Saepe natus et iusto animi. Autem hic consequuntur nostrum.,16,hans.acevedo.demo27105@outlook.com,"[""sed"", ""ipsum"", ""nulla""]",Eaque aperiam hic ullam quam.,Pendiente evaluación,60%,Otros,25,Sí,Sí,Chilena,$400.000 - $600.000,$2.000.000
CONV-12275,2024-12-07,Vero quod occaecati error.,5,luis.bascunan.demo48157@gmail.com,"[""ex""]",Debitis amet perspiciatis praesentium qui.,Ninguno,60%,Solo,44,No,No,Chilena,$600.001 - $900.000,$1.000.000
CONV-12276,2026-04-24,Nisi fuga ab reiciendis fugiat quam aliquam soluta.,22,luis.bascunan.demo48157@gmail.com,"[""sed""]",Consequuntur laborum consequuntur.,DS49,40%,Cónyuge,53,Sí,No,Chilena,$600.001 - $900.000,$500.000
CONV-12277,2026-04-27,Aliquam esse vero consequatur officiis repudiandae.,23,angie.morales.demo12049@outlook.com,"[""maxime"", ""harum"", ""accusamus""]",Nisi iusto accusamus nisi dolorem.,Pendiente evaluación,40%,Cónyuge,70,Sí,Sí,Chilena,$900.001 - $1.200.000,Sin ahorro formal
CONV-12278,2025-12-04,Beatae voluptate exercitationem amet veritatis esse. Vel velit quibusdam error repellat amet.,16,angie.morales.demo12049@outlook.com,"[""laudantium""]",Officiis placeat molestiae dolorum totam.,Ninguno,60%,Cónyuge,53,No,Sí,Venezolana,$900.001 - $1.200.000,$500.000
CONV-12279,2025-06-19,Tempora tempore quos temporibus excepturi explicabo laborum.,13,manuel.munoz.demo38961@outlook.com,"[""atque"", ""voluptas""]",Blanditiis eligendi veniam ullam porro libero.,DS49,40%,Otros,39,No,Sí,Chilena,Más de $1.200.000,Sin ahorro formal
CONV-12280,2024-07-12,Impedit eveniet modi quaerat sapiente. Impedit tempore cum soluta ad.,21,rene.sepulveda.demo39244@yahoo.com,"[""ipsam"", ""non"", ""ea""]",Optio eum accusantium error repellendus aperiam mollitia.,Ninguno,80%,Otros,48,Sí,No,Chilena,$400.000 - $600.000,$2.000.000
CONV-12281,2025-03-25,Laborum dolor harum excepturi.,19,rene.sepulveda.demo39244@yahoo.com,"[""quasi""]",Vero eveniet velit nostrum deleniti.,DS49,No registra,Solo,27,Sí,No,Peruana,$900.001 - $1.200.000,$2.000.000
CONV-12282,2025-10-04,Quis quo perferendis ipsam. Modi quis iste est. Hic possimus nemo ipsa cumque optio cumque.,25,rene.sepulveda.demo39244@yahoo.com,"[""maxime"", ""aut"", ""dolore""]",Perspiciatis ad iure quos.,Ninguno,40%,Cónyuge,61,No,Sí,Chilena,Más de $1.200.000,$2.000.000
CONV-12283,2025-04-02,Architecto labore minus magnam sapiente laboriosam eligendi deserunt.,20,ignacio.gonzalez.demo27004@outlook.com,"[""assumenda""]",Repellendus eveniet hic nam omnis minima autem.,DS49,No registra,Solo,38,No,No,Chilena,Más de $1.200.000,Sin ahorro formal
CONV-12284,2025-05-04,Facere voluptates dignissimos nobis quisquam maiores.,14,ignacio.gonzalez.demo27004@outlook.com,"[""cupiditate"", ""facere""]",Delectus ipsum nihil corrupti vel enim.,Pendiente evaluación,60%,Familia,58,No,Sí,Chilena,Más de $1.200.000,$500.000
CONV-12285,2025-09-07,Maiores placeat velit veniam.,22,ignacio.gonzalez.demo27004@outlook.com,"[""facere""]",Voluptatem repudiandae necessitatibus pariatur.,DS1,No registra,Solo,26,Sí,No,Chilena,$900.001 - $1.200.000,Sin ahorro formal
CONV-12286,2024-09-27,Aut commodi corrupti doloremque aperiam corrupti.,12,paula.cepeda.demo32199@yahoo.com,"[""natus""]",Soluta error voluptatum.,DS1,40%,Solo,23,Sí,No,Venezolana,$600.001 - $900.000,$1.000.000
CONV-12287,2025-03-09,Rerum culpa incidunt unde dolorem dolorum quam. Iusto molestias neque.,4,paula.cepeda.demo32199@yahoo.com,"[""consequuntur"", ""tenetur"", ""distinctio"", ""hic""]",Aut ducimus cumque sunt.,Pendiente evaluación,60%,Otros,58,No,No,Chilena,$600.001 - $900.000,$1.000.000
CONV-12288,2025-06-19,Ipsam quod consequuntur porro illum. Minus nesciunt iste facere reprehenderit.,4,lucas.diaz.demo46054@hotmail.com,"[""praesentium"", ""debitis"", ""vitae""]",Neque tenetur repellendus repudiandae iusto dolorum sit iusto.,DS1,60%,Familia,35,No,Sí,Chilena,$400.000 - $600.000,$500.000
CONV-12289,2025-05-05,Veniam totam nulla maxime beatae maxime. Fuga non vitae nostrum est.,22,lucas.diaz.demo46054@hotmail.com,"[""consectetur"", ""omnis""]",Delectus fugit quisquam quo hic nulla tempora quod.,Pendiente evaluación,80%,Cónyuge,51,Sí,Sí,Chilena,$400.000 - $600.000,$1.000.000
CONV-12290,2026-01-04,Quisquam atque voluptatem consequatur excepturi.,15,lucas.diaz.demo46054@hotmail.com,"[""consequatur"", ""ipsam""]",Eius temporibus ipsum corporis non.,Pendiente evaluación,No registra,Cónyuge,25,No,Sí,Chilena,$600.001 - $900.000,Sin ahorro formal
CONV-12291,2025-08-03,Quo non rem atque dolorem accusantium pariatur nesciunt.,20,jose.pino.demo28876@gmail.com,"[""quo"", ""exercitationem"", ""vero""]",Voluptatum repellat quaerat excepturi alias labore dolorem qui.,Ninguno,60%,Solo,36,Sí,No,Chilena,Más de $1.200.000,Sin ahorro formal
CONV-12292,2024-09-06,Dignissimos ipsam beatae magnam accusantium adipisci in.,3,jose.pino.demo28876@gmail.com,"[""officia"", ""consectetur"", ""repellendus""]",Illo dolor esse culpa animi sapiente.,DS1,80%,Solo,38,No,No,Chilena,$400.000 - $600.000,Sin ahorro formal
CONV-12293,2024-07-05,Ullam iusto libero quia quaerat praesentium.,11,catalina.catalan.demo42878@hotmail.com,"[""reprehenderit"", ""dolores""]",Cumque placeat voluptatum aliquid facere.,DS49,60%,Familia,39,Sí,Sí,Venezolana,$600.001 - $900.000,$2.000.000
CONV-12294,2024-07-18,Odit nulla ratione. Vero a labore ab iste reiciendis.,4,catalina.catalan.demo42878@hotmail.com,"[""vitae"", ""debitis""]",Repellat esse nihil cumque aliquid maiores.,DS19,60%,Familia,69,No,No,Chilena,$400.000 - $600.000,Sin ahorro formal
CONV-12295,2024-12-20,Quibusdam repellendus dolor quam harum iste molestiae corporis. Ab vel rerum.,17,pablo.riffo.demo34269@gmail.com,"[""corrupti"", ""in"", ""eius""]",Cupiditate ullam accusantium aspernatur dolorem dolorum error.,DS49,No registra,Cónyuge,23,Sí,No,Chilena,$400.000 - $600.000,$500.000
CONV-12296,2025-12-20,Quia repellendus possimus eveniet ea accusantium.,23,julia.rodriguez.demo16245@outlook.com,"[""quibusdam"", ""consequatur"", ""blanditiis"", ""in""]",Facere numquam repellendus odio ipsa.,Pendiente evaluación,40%,Familia,46,Sí,No,Chilena,$600.001 - $900.000,$500.000
CONV-12297,2024-10-10,Cumque deleniti voluptates dolor alias laboriosam blanditiis.,19,matilde.vasquez.demo7344@yahoo.com,"[""voluptate"", ""provident"", ""quo""]",Nulla aliquid a debitis repudiandae adipisci.,DS1,60%,Familia,55,Sí,Sí,Chilena,Más de $1.200.000,$500.000
CONV-12298,2026-04-01,Eius dolorum facilis at esse officia doloremque.,18,luis.nunez.demo28843@outlook.com,"[""fuga""]",Magnam mollitia iste ullam nam mollitia.,DS49,80%,Otros,57,No,Sí,Peruana,$600.001 - $900.000,$500.000
CONV-12299,2025-06-20,Laboriosam placeat vero assumenda quisquam. Totam numquam soluta.,15,luis.nunez.demo28843@outlook.com,"[""recusandae"", ""vel"", ""aliquid""]",Provident laboriosam id neque ex eos.,DS49,40%,Cónyuge,45,No,No,Chilena,$600.001 - $900.000,Sin ahorro formal
CONV-12300,2025-02-26,Libero minima iste culpa. Soluta quia animi molestiae.,14,ximena.cardenas.demo26422@gmail.com,"[""provident"", ""maxime"", ""atque"", ""sunt""]",Deserunt recusandae omnis tenetur ducimus.,Pendiente evaluación,60%,Cónyuge,48,Sí,Sí,Venezolana,$600.001 - $900.000,$2.000.000
CONV-12301,2026-01-30,Eum velit voluptatibus porro doloremque corporis quas dolorem.,9,ximena.cardenas.demo26422@gmail.com,"[""sapiente""]",Libero suscipit at reprehenderit recusandae nam.,Ninguno,80%,Familia,61,No,Sí,Chilena,$600.001 - $900.000,Sin ahorro formal
CONV-12302,2025-09-11,Animi nesciunt perferendis ea quia. Ex a eius inventore fugiat. Ratione sed in.,24,fabiola.gonzalez.demo24763@outlook.com,"[""enim"", ""omnis"", ""nostrum"", ""ad""]",Error libero dolore nesciunt quibusdam ab.,DS1,80%,Cónyuge,53,Sí,No,Chilena,Más de $1.200.000,$2.000.000
CONV-12303,2026-05-19,Non error numquam doloribus.,16,fabiola.gonzalez.demo24763@outlook.com,"[""molestiae"", ""pariatur"", ""architecto""]",Nisi qui illo sed incidunt.,Pendiente evaluación,40%,Familia,35,No,Sí,Chilena,$900.001 - $1.200.000,Sin ahorro formal
CONV-12304,2026-03-25,Labore minus eligendi accusantium vitae. Quidem sequi ducimus. Neque veritatis corporis neque.,4,fabiola.gonzalez.demo24763@outlook.com,"[""blanditiis"", ""tempore""]",Nesciunt alias inventore rem nesciunt facilis.,DS1,40%,Cónyuge,33,No,Sí,Chilena,$600.001 - $900.000,$500.000
CONV-12305,2024-10-22,Ex vero id ex ullam assumenda nesciunt soluta.,22,maria.contreras.demo32468@yahoo.com,"[""dolorem"", ""ex""]",Necessitatibus quaerat commodi vero vero id quidem cupiditate.,DS19,No registra,Solo,36,Sí,Sí,Chilena,$900.001 - $1.200.000,$1.000.000
CONV-12306,2025-11-17,Nobis voluptas alias eos. Itaque aut veniam veritatis ad praesentium.,9,maria.contreras.demo32468@yahoo.com,"[""quisquam"", ""dolores"", ""necessitatibus""]",Doloribus aut atque itaque doloremque atque.,DS19,40%,Cónyuge,47,Sí,No,Chilena,$400.000 - $600.000,$2.000.000
CONV-12307,2026-01-15,Laborum officia amet tenetur quisquam in sapiente omnis.,8,maria.contreras.demo32468@yahoo.com,"[""id"", ""necessitatibus"", ""facere"", ""ducimus""]",Reiciendis cum repellat asperiores.,Pendiente evaluación,40%,Cónyuge,25,Sí,Sí,Chilena,$400.000 - $600.000,Sin ahorro formal
CONV-12308,2025-12-16,Iste illum delectus quam asperiores error placeat earum. Quidem nulla nobis numquam.,3,claudio.bravo.demo9788@hotmail.com,"[""possimus"", ""deserunt""]",Amet quia sit optio perferendis a.,Pendiente evaluación,No registra,Solo,47,No,No,Chilena,$600.001 - $900.000,$500.000
CONV-12309,2024-10-09,Ex eum sit vel accusantium inventore.,16,claudio.bravo.demo9788@hotmail.com,"[""est""]",Architecto hic architecto vitae inventore.,DS19,40%,Familia,49,No,Sí,Chilena,$600.001 - $900.000,$1.000.000
CONV-12310,2024-08-30,Officia velit accusantium delectus eaque quia veritatis.,6,ramon.lopez.demo10931@gmail.com,"[""veniam"", ""eum""]",Ut eveniet quos.,DS49,40%,Solo,61,No,No,Chilena,$400.000 - $600.000,Sin ahorro formal
CONV-12311,2025-05-04,Officia numquam dicta a veritatis ipsa aperiam molestias.,7,carmen.ponce.demo37621@hotmail.com,"[""perferendis"", ""quos""]",Et quaerat ex qui libero ipsam.,DS19,60%,Otros,22,No,Sí,Chilena,$400.000 - $600.000,$2.000.000
CONV-12312,2024-06-30,Necessitatibus saepe ratione dolore nemo dolorem doloremque.,17,carmen.ponce.demo37621@hotmail.com,"[""excepturi""]",Cum voluptatum sequi.,DS19,60%,Otros,50,No,No,Chilena,$900.001 - $1.200.000,$2.000.000
CONV-12313,2025-05-08,Illo odit ullam error iste nemo ipsum.,13,manuel.carrasco.demo25650@gmail.com,"[""laudantium""]",Debitis aut velit ab hic provident.,DS1,No registra,Solo,57,No,Sí,Chilena,Más de $1.200.000,$2.000.000
CONV-12314,2025-02-15,Facilis inventore odit. Laboriosam tempore ullam temporibus fugiat.,21,marlene.oyarce.demo20695@outlook.com,"[""veritatis"", ""impedit"", ""explicabo"", ""debitis""]",Iure iusto magni eaque.,Ninguno,No registra,Familia,24,Sí,No,Chilena,$400.000 - $600.000,$1.000.000
CONV-12315,2025-12-03,Necessitatibus ipsa quam voluptas assumenda. Beatae rem culpa fugiat facere voluptas.,5,javiera.nunez.demo38501@outlook.com,"[""dicta"", ""aut"", ""corrupti""]",Illum fugit quo sit dolorum odit deserunt.,DS49,60%,Solo,64,Sí,Sí,Chilena,$900.001 - $1.200.000,$2.000.000
CONV-12316,2024-09-14,Praesentium corporis possimus incidunt debitis.,20,javiera.nunez.demo38501@outlook.com,"[""atque"", ""est"", ""placeat"", ""voluptatibus""]",Exercitationem cupiditate ipsam molestiae maxime.,Pendiente evaluación,No registra,Otros,34,No,Sí,Chilena,$400.000 - $600.000,$1.000.000
CONV-12317,2025-09-15,Quasi aut commodi eligendi. Nesciunt esse labore maiores.,24,maria.ramos.demo43915@hotmail.com,"[""ut""]",Optio earum delectus enim dolore.,Pendiente evaluación,40%,Cónyuge,32,Sí,Sí,Chilena,Más de $1.200.000,$500.000
CONV-12318,2025-10-02,Voluptas vero ducimus beatae.,4,maria.ramos.demo43915@hotmail.com,"[""tempora"", ""sint"", ""doloremque""]",Sunt iure doloremque odio consequatur.,DS19,60%,Cónyuge,40,No,No,Chilena,$400.000 - $600.000,$1.000.000
CONV-12319,2026-02-09,Nobis tempore sapiente inventore.,9,maria.ramos.demo43915@hotmail.com,"[""debitis"", ""illo"", ""eius""]",Maiores nesciunt officia omnis.,DS49,40%,Cónyuge,64,No,Sí,Chilena,$600.001 - $900.000,$1.000.000
CONV-12320,2026-04-11,Distinctio alias corporis. Vitae illo pariatur culpa ut culpa.,7,catalina.rojas.demo1766@gmail.com,"[""autem"", ""illo"", ""eaque"", ""nam""]",Atque tenetur labore dolorum et.,DS1,80%,Familia,69,No,No,Chilena,$900.001 - $1.200.000,$1.000.000
CONV-12321,2026-03-16,Accusamus neque nemo necessitatibus reiciendis.,6,maite.parra.demo16830@hotmail.com,"[""vero"", ""delectus"", ""voluptatum"", ""accusantium""]",Voluptatibus odio corporis illo.,Pendiente evaluación,No registra,Familia,24,Sí,No,Chilena,$600.001 - $900.000,Sin ahorro formal
CONV-12322,2024-11-29,Nihil assumenda deleniti rem sunt voluptatibus fugit.,6,maite.parra.demo16830@hotmail.com,"[""asperiores"", ""totam"", ""asperiores""]",Temporibus aliquam voluptatibus esse dicta sunt nesciunt.,Pendiente evaluación,80%,Familia,44,Sí,No,Chilena,$600.001 - $900.000,Sin ahorro formal
CONV-12323,2024-06-21,Voluptatum blanditiis ea vero fuga tenetur repellat.,12,luzmira.astudillo.demo40809@gmail.com,"[""repellendus"", ""facilis""]",Deleniti numquam nostrum nobis.,DS19,No registra,Otros,26,Sí,Sí,Peruana,Más de $1.200.000,$500.000
CONV-12324,2026-01-23,Quae autem voluptatum atque. Eveniet iste facere magni. Esse harum ipsam atque itaque ad at.,23,luzmira.astudillo.demo40809@gmail.com,"[""minima""]",A tempora voluptates consectetur animi labore laborum.,DS49,No registra,Familia,66,No,Sí,Chilena,$600.001 - $900.000,$2.000.000
CONV-12325,2024-12-20,Nulla libero quidem consequatur.,22,dante.perez.demo50418@hotmail.com,"[""perspiciatis"", ""nisi"", ""cumque""]",Nemo repellat aliquam fuga cupiditate rerum.,DS1,60%,Familia,22,No,No,Chilena,$600.001 - $900.000,$500.000
CONV-12326,2025-07-31,Blanditiis delectus cum sequi distinctio nisi.,24,dante.perez.demo50418@hotmail.com,"[""asperiores"", ""cumque"", ""dolore""]",Laudantium iste iusto voluptatibus doloribus.,DS1,40%,Cónyuge,48,No,Sí,Chilena,$400.000 - $600.000,$500.000
CONV-12327,2026-05-22,Culpa quas quam omnis quos autem voluptas.,16,dante.perez.demo50418@hotmail.com,"[""sequi"", ""sunt"", ""necessitatibus"", ""placeat""]",Magnam cum dolorum eos cumque.,DS49,60%,Solo,35,Sí,No,Chilena,Más de $1.200.000,$1.000.000
CONV-12328,2026-02-14,Explicabo voluptatum repellendus voluptate suscipit voluptatum.,14,marcela.zepeda.demo21764@yahoo.com,"[""sequi"", ""asperiores""]",Sed exercitationem maxime consequuntur.,Ninguno,60%,Familia,31,Sí,Sí,Chilena,$400.000 - $600.000,$500.000
CONV-12329,2024-06-03,Maxime minima quia corporis animi. Aperiam ullam nemo.,17,marcela.zepeda.demo21764@yahoo.com,"[""iusto"", ""mollitia"", ""veritatis"", ""similique""]",Dolore aliquam eveniet esse aperiam explicabo a magni.,DS19,No registra,Cónyuge,44,Sí,Sí,Chilena,Más de $1.200.000,$1.000.000
CONV-12330,2024-09-19,Voluptatem sit sit magnam ut dolorum perferendis. Aliquam ipsum nesciunt ipsa esse.,17,marcela.zepeda.demo21764@yahoo.com,"[""unde"", ""cum""]",Tempore necessitatibus voluptatibus error non.,DS19,40%,Cónyuge,22,Sí,No,Peruana,Más de $1.200.000,$2.000.000
CONV-12331,2024-06-03,Saepe placeat nisi quibusdam quam. Quaerat soluta modi assumenda beatae.,11,jose.caro.demo51430@outlook.com,"[""possimus"", ""maiores""]",Ipsum veritatis vitae.,Pendiente evaluación,80%,Familia,40,No,Sí,Chilena,$400.000 - $600.000,$2.000.000
CONV-12332,2025-05-13,Occaecati eos ipsum rem.,23,luis.rodriguez.demo38547@hotmail.com,"[""expedita"", ""corrupti"", ""et"", ""unde""]",Qui maiores nostrum unde eligendi optio.,Ninguno,80%,Otros,32,Sí,No,Chilena,Más de $1.200.000,Sin ahorro formal
CONV-12333,2024-11-25,Ipsum ut non ad sapiente.,21,luis.rodriguez.demo38547@hotmail.com,"[""mollitia"", ""ab"", ""praesentium"", ""illo""]",Sapiente ullam numquam eos id libero accusantium.,DS1,40%,Familia,64,No,No,Chilena,$600.001 - $900.000,$1.000.000
CONV-12334,2025-05-23,Voluptatum ratione incidunt quis quam. Praesentium repudiandae soluta rerum tempora.,24,david.zuniga.demo19227@yahoo.com,"[""a"", ""assumenda""]",Architecto a sequi blanditiis cum.,DS49,40%,Solo,50,Sí,Sí,Chilena,$400.000 - $600.000,$1.000.000
CONV-12335,2024-06-06,Perspiciatis in itaque rem dolores sapiente.,20,david.zuniga.demo19227@yahoo.com,"[""voluptatibus"", ""quas"", ""incidunt"", ""exercitationem""]",Corrupti rerum vel dolorem officiis.,Ninguno,60%,Otros,59,No,No,Chilena,$600.001 - $900.000,$500.000
CONV-12336,2025-11-21,Incidunt deserunt rem. Voluptas quo nemo et dolorem fugiat temporibus.,11,iris.gonzalez.demo3642@gmail.com,"[""expedita"", ""amet"", ""nostrum""]",Suscipit eligendi possimus.,DS1,40%,Familia,68,No,Sí,Chilena,$600.001 - $900.000,$1.000.000
CONV-12337,2026-01-22,Debitis hic autem ex officiis corporis.,5,marcela.tapia.demo51914@gmail.com,"[""nostrum"", ""animi"", ""eos""]",Ex nesciunt ratione pariatur dicta.,Ninguno,No registra,Familia,53,Sí,No,Chilena,$400.000 - $600.000,$500.000
CONV-12338,2025-06-01,Doloribus corrupti recusandae modi fuga hic laudantium.,19,marcela.tapia.demo51914@gmail.com,"[""iste"", ""perspiciatis"", ""reprehenderit"", ""hic""]",Aut excepturi aspernatur architecto provident.,DS1,40%,Otros,27,Sí,No,Chilena,$900.001 - $1.200.000,$2.000.000
CONV-12339,2024-09-07,Dolor recusandae cumque rem veniam.,17,marcela.tapia.demo51914@gmail.com,"[""est"", ""debitis""]",Consectetur sunt iure facilis sit corrupti necessitatibus.,Ninguno,No registra,Familia,41,No,Sí,Chilena,Más de $1.200.000,$1.000.000
CONV-12340,2024-07-21,Illo laborum excepturi. Sunt nihil dolore dolorum animi similique amet.,24,enrique.silva.demo15061@yahoo.com,"[""est"", ""quae"", ""iure""]",Debitis ut cupiditate fugiat.,Ninguno,No registra,Cónyuge,55,No,No,Chilena,$900.001 - $1.200.000,$2.000.000
CONV-12341,2024-07-27,Repellat officiis repellendus ipsam debitis.,14,enrique.silva.demo15061@yahoo.com,"[""repellat"", ""sit"", ""saepe""]",Cumque expedita illum aspernatur iusto enim sapiente.,DS19,60%,Familia,18,No,Sí,Chilena,$600.001 - $900.000,$2.000.000
CONV-12342,2025-12-20,Atque ducimus laudantium quis.,24,enrique.silva.demo15061@yahoo.com,"[""nostrum"", ""placeat"", ""velit""]",Eum qui beatae animi iure.,Ninguno,40%,Familia,49,Sí,No,Chilena,$900.001 - $1.200.000,Sin ahorro formal
CONV-12343,2025-02-24,Maxime quae voluptas quidem.,15,maria.alvarez.demo17953@hotmail.com,"[""cupiditate""]",Recusandae commodi aspernatur et perferendis.,Ninguno,No registra,Otros,36,Sí,No,Chilena,Más de $1.200.000,$500.000
CONV-12344,2025-07-20,Veniam quisquam vel facilis.,11,elena.zuniga.demo18504@hotmail.com,"[""fugit"", ""voluptatibus"", ""eveniet""]",A porro sapiente sunt soluta magni sequi assumenda.,DS1,60%,Familia,27,Sí,Sí,Chilena,$900.001 - $1.200.000,$500.000
CONV-12345,2025-01-02,In qui soluta odit. Eveniet quos eum expedita id.,13,elena.zuniga.demo18504@hotmail.com,"[""nam"", ""omnis"", ""iusto"", ""iusto""]",Quas itaque repudiandae.,DS49,No registra,Otros,37,No,No,Chilena,Más de $1.200.000,$500.000
CONV-12346,2026-03-16,Minus praesentium consectetur. Molestiae qui perspiciatis quos nobis ducimus iste.,13,lucas.arias.demo49514@gmail.com,"[""quaerat"", ""ipsa"", ""hic""]",Deleniti consequuntur hic facere cupiditate.,Pendiente evaluación,60%,Cónyuge,53,No,Sí,Chilena,$900.001 - $1.200.000,$500.000
CONV-12347,2025-03-24,Tenetur molestiae facilis saepe.,22,nancy.benavides.demo46805@gmail.com,"[""voluptatum""]",Temporibus voluptate maxime soluta iusto earum debitis.,DS49,80%,Solo,20,Sí,No,Colombiana,$600.001 - $900.000,$1.000.000
CONV-12348,2025-03-14,Fuga ad iure doloremque debitis veritatis.,14,nancy.benavides.demo46805@gmail.com,"[""maxime"", ""porro"", ""occaecati"", ""soluta""]",Tempora inventore debitis.,DS1,80%,Cónyuge,29,No,No,Chilena,$900.001 - $1.200.000,$1.000.000
CONV-12349,2026-05-24,Esse fugiat voluptates numquam suscipit ipsa reiciendis inventore.,21,nancy.benavides.demo46805@gmail.com,"[""quam"", ""saepe"", ""perferendis""]",Nemo rem maxime libero nemo modi.,DS1,60%,Familia,67,Sí,No,Chilena,Más de $1.200.000,$2.000.000
CONV-12350,2025-06-27,Vel ipsa placeat. Minima necessitatibus praesentium repellendus blanditiis odio laudantium.,19,jeannette.maldonado.demo10358@gmail.com,"[""possimus"", ""deserunt"", ""ab""]",Adipisci voluptatem distinctio iusto temporibus qui error quae.,Pendiente evaluación,80%,Cónyuge,58,No,Sí,Chilena,$600.001 - $900.000,$500.000
CONV-12351,2025-11-23,Iusto fugiat beatae culpa nesciunt porro a ullam. Ab repudiandae dicta alias.,4,jeannette.maldonado.demo10358@gmail.com,"[""exercitationem"", ""asperiores""]",Est mollitia voluptatem sint.,DS1,80%,Familia,49,Sí,Sí,Chilena,$400.000 - $600.000,$1.000.000
CONV-12352,2025-08-31,Veniam doloribus illo sit delectus delectus quos.,24,jeannette.maldonado.demo10358@gmail.com,"[""ipsam""]",Eligendi libero voluptas necessitatibus eum et magni voluptas.,Pendiente evaluación,60%,Cónyuge,60,Sí,No,Venezolana,$600.001 - $900.000,$1.000.000
CONV-12353,2026-04-21,Rem rerum modi consectetur quaerat mollitia nemo.,8,marlene.arias.demo37949@yahoo.com,"[""cum""]",Est aspernatur nobis.,Pendiente evaluación,40%,Solo,68,No,Sí,Chilena,$400.000 - $600.000,$2.000.000
CONV-12354,2026-01-23,Ex laudantium odio soluta. Cupiditate at libero repudiandae blanditiis nisi.,6,marlene.arias.demo37949@yahoo.com,"[""culpa"", ""consequuntur""]",Optio impedit temporibus et tempora assumenda.,DS19,60%,Familia,44,Sí,Sí,Chilena,$400.000 - $600.000,$1.000.000
CONV-12355,2024-11-13,Fuga dolorum veritatis sit.,18,luis.rocha.demo6204@hotmail.com,"[""quis"", ""reprehenderit"", ""dolor""]",Explicabo consectetur corporis dolore recusandae ducimus quam.,Ninguno,60%,Otros,23,Sí,No,Chilena,$400.000 - $600.000,$2.000.000
CONV-12356,2025-01-22,Officiis rerum enim ratione. Laborum sequi modi numquam iusto facilis.,4,jessica.sepulveda.demo28420@hotmail.com,"[""facere"", ""sed""]",Eaque voluptatibus numquam omnis officia quo veniam.,DS1,60%,Cónyuge,32,Sí,No,Chilena,$600.001 - $900.000,$1.000.000
CONV-12357,2024-07-20,Tempore maxime autem beatae dolor ducimus odit.,12,marcos.barahona.demo13060@yahoo.com,"[""reprehenderit"", ""ducimus""]",Et facilis iusto corporis fugit ab.,Pendiente evaluación,40%,Cónyuge,46,No,Sí,Chilena,$400.000 - $600.000,Sin ahorro formal
CONV-12358,2026-03-20,Placeat nesciunt vel similique deleniti reiciendis.,18,marcos.barahona.demo13060@yahoo.com,"[""doloremque"", ""ipsum""]",Nulla delectus labore nihil doloribus facilis facilis tenetur.,DS19,40%,Cónyuge,53,Sí,Sí,Chilena,Más de $1.200.000,$2.000.000
CONV-12359,2025-08-20,Esse repellendus maxime quae nesciunt accusantium.,20,silvia.salas.demo19475@outlook.com,"[""blanditiis"", ""magni"", ""nihil"", ""est""]",Facilis sint doloribus aperiam aut aliquid tempora.,Ninguno,60%,Familia,43,Sí,No,Chilena,$900.001 - $1.200.000,Sin ahorro formal
CONV-12360,2024-09-30,Nemo atque qui accusantium. Eum veritatis voluptate laudantium omnis.,17,leonardo.pena.demo23200@hotmail.com,"[""reiciendis"", ""occaecati"", ""quasi""]",Quasi laborum magni labore exercitationem reiciendis qui.,DS49,No registra,Familia,54,No,No,Chilena,$600.001 - $900.000,$1.000.000
CONV-12361,2024-09-28,Tenetur quaerat omnis hic debitis fugit.,21,marcos.ortiz.demo22698@outlook.com,"[""fuga"", ""quae"", ""error""]",Molestiae amet reiciendis ad.,DS49,40%,Otros,30,Sí,No,Chilena,$900.001 - $1.200.000,$1.000.000
CONV-12362,2026-01-28,Tempora nam amet modi.,13,marcos.ortiz.demo22698@outlook.com,"[""corrupti"", ""magni"", ""possimus"", ""facilis""]",Vitae quasi sapiente velit aliquam sequi.,Ninguno,60%,Otros,27,Sí,No,Venezolana,$600.001 - $900.000,$1.000.000
CONV-12363,2025-05-28,Nihil quibusdam iste.,7,sofia.soto.demo49135@hotmail.com,"[""quod"", ""occaecati""]",Possimus commodi incidunt doloribus pariatur reprehenderit nobis.,Ninguno,40%,Cónyuge,59,Sí,No,Chilena,$400.000 - $600.000,$500.000
CONV-12364,2026-01-31,Fugit adipisci voluptate. Provident doloribus qui dicta non quaerat.,16,sofia.soto.demo49135@hotmail.com,"[""corrupti"", ""nobis""]",Nam debitis dolorum voluptas quisquam.,DS19,No registra,Cónyuge,53,No,No,Chilena,$900.001 - $1.200.000,$500.000
CONV-12365,2025-05-25,Voluptates velit dolores unde culpa nemo fuga.,25,sofia.soto.demo49135@hotmail.com,"[""porro"", ""iusto"", ""esse""]",Odit labore praesentium error necessitatibus sed.,Ninguno,60%,Cónyuge,66,Sí,No,Chilena,$400.000 - $600.000,$500.000
CONV-12366,2024-06-09,Facilis repellendus corporis facilis possimus.,25,luis.rojas.demo33922@yahoo.com,"[""amet"", ""voluptatibus""]",Ipsam rem magni sequi aspernatur laborum a.,Pendiente evaluación,No registra,Solo,29,Sí,Sí,Chilena,Más de $1.200.000,Sin ahorro formal
CONV-12367,2026-02-14,Culpa corporis odio hic.,23,luis.rojas.demo33922@yahoo.com,"[""officia"", ""ducimus"", ""quisquam"", ""ut""]",Deleniti perferendis illum sed error laboriosam.,DS49,No registra,Solo,38,Sí,No,Venezolana,$400.000 - $600.000,$1.000.000
CONV-12368,2025-03-26,Sequi culpa praesentium corporis illum nam. Nemo esse ratione doloremque.,22,luis.rojas.demo33922@yahoo.com,"[""similique"", ""qui"", ""ullam""]",Rerum praesentium quasi rerum aliquid dolorem perspiciatis.,Ninguno,No registra,Otros,34,No,Sí,Chilena,$400.000 - $600.000,$1.000.000
CONV-12369,2024-07-13,Maiores nihil quaerat harum quibusdam.,11,rodrigo.solis.demo48151@gmail.com,"[""sed"", ""fugiat"", ""eveniet""]",Odio veritatis maxime delectus non soluta impedit.,DS1,40%,Otros,53,No,Sí,Chilena,$900.001 - $1.200.000,$1.000.000
